_MEMBER_MyList,_LogP_MyList,GO,_PATTERN_,_RANK_,GiniIndex,Category,CategoryID,Description,PARENT_GO,LogP,Enrichment,Z-score,#TotalGeneInLibrary,#GeneInGO,#GeneInHitList,#GeneInGOAndHitList,%InGO,STDV %InGO,GeneID,Hits,Log(q-value),EvidenceCutoff,GROUP_ID,FirstInGroupByEnrichment,FirstInGroupByLogP,BestLogPInGroup,BestEnrichmentInGroup,URL
1,-42.23099893715471,R-HSA-1474244,M1,1,0,Reactome Gene Sets,6,Extracellular matrix organization,,-42.23099893715471,8.11523153463452,21.309667163571792,30293,300,871,70,8.036739380022961,0.9211663089271708,87|649|652|655|1281|1282|1284|1285|1286|1287|1293|1294|1300|1306|1311|1404|1509|1634|2192|2201|2202|2244|3371|3672|3673|3675|3910|3912|4015|4052|4053|4060|4312|4313|4320|4322|4325|4921|5054|5155|6696|7040|7042|7043|7057|7076|7093|7373|7412|7837|8038|8076|8425|8515|9510|9644|9672|10319|11095|22795|54829|59277|63827|80274|81578|84570|136227|140766|169044|170692,ACTN1|BMP1|BMP4|BMP7|COL3A1|COL4A1|COL4A2|COL4A3|COL4A4|COL4A5|COL6A3|COL7A1|COL10A1|COL15A1|COMP|HAPLN1|CTSD|DCN|FBLN1|FBN2|EFEMP1|FGB|TNC|ITGA1|ITGA2|ITGA3|LAMA4|LAMB1|LOX|LTBP1|LTBP2|LUM|MMP1|MMP2|MMP11|MMP13|MMP16|DDR2|SERPINE1|PDGFB|SPP1|TGFB1|TGFB2|TGFB3|THBS1|TIMP1|TLL2|COL14A1|VCAM1|PXDN|ADAM12|MFAP5|LTBP4|ITGA10|ADAMTS1|SH3PXD2A|SDC3|LAMC3|ADAMTS8|NID2|ASPN|NTN4|BCAN|SCUBE1|COL21A1|COL25A1|COL26A1|ADAMTS14|COL22A1|ADAMTS18,-38.817866886719834,0,1,1,1,-42.23099893715471,18.54910065059319,
1,-18.24501489769877,R-HSA-1474228,M1,1,0,Reactome Gene Sets,6,Degradation of the extracellular matrix,,-18.24501489769877,7.701189109398064,13.673748383877884,30293,140,871,31,3.5591274397244548,0.6277594475924788,649|1281|1282|1284|1285|1286|1287|1293|1294|1300|1306|1509|1634|2201|3912|4312|4313|4320|4322|4325|6696|7076|7093|7373|9510|11095|63827|80274|84570|136227|170692,BMP1|COL3A1|COL4A1|COL4A2|COL4A3|COL4A4|COL4A5|COL6A3|COL7A1|COL10A1|COL15A1|CTSD|DCN|FBN2|LAMB1|MMP1|MMP2|MMP11|MMP13|MMP16|SPP1|TIMP1|TLL2|COL14A1|ADAMTS1|ADAMTS8|BCAN|SCUBE1|COL25A1|COL26A1|ADAMTS18,-15.13291284292788,0,1,0,0,-42.23099893715471,18.54910065059319,
1,-14.693696875460995,R-HSA-3000171,M1,1,0,Reactome Gene Sets,6,Non-integrin membrane-ECM interactions,,-14.693696875460995,11.200198486057326,13.493474114652617,30293,59,871,19,2.1814006888633752,0.4949591592946317,87|1281|1282|1284|1285|1286|1287|1300|3371|3673|3910|3912|4921|5155|7040|7057|9672|10319|59277,ACTN1|COL3A1|COL4A1|COL4A2|COL4A3|COL4A4|COL4A5|COL10A1|TNC|ITGA2|LAMA4|LAMB1|DDR2|PDGFB|TGFB1|THBS1|SDC3|LAMC3|NTN4,-12.020403294948766,0,1,0,0,-42.23099893715471,18.54910065059319,
1,-14.655384094999993,R-HSA-3000178,M1,1,0,Reactome Gene Sets,6,ECM proteoglycans,,-14.655384094999993,9.610142606804036,12.930890213048896,30293,76,871,21,2.4110218140068884,0.5197468641275879,1281|1282|1284|1285|1286|1287|1293|1311|1404|1634|3371|3673|3910|3912|4060|5054|7040|7042|7043|54829|63827,COL3A1|COL4A1|COL4A2|COL4A3|COL4A4|COL4A5|COL6A3|COMP|HAPLN1|DCN|TNC|ITGA2|LAMA4|LAMB1|LUM|SERPINE1|TGFB1|TGFB2|TGFB3|ASPN|BCAN,-12.020403294948766,0,1,0,0,-42.23099893715471,18.54910065059319,
1,-13.053379209376635,R-HSA-1474290,M1,1,0,Reactome Gene Sets,6,Collagen formation,,-13.053379209376635,8.11523153463452,11.631137940191804,30293,90,871,21,2.4110218140068884,0.5197468641275879,649|1281|1282|1284|1285|1286|1287|1293|1294|1300|1306|4015|4322|7093|7373|7837|81578|84570|136227|140766|169044,BMP1|COL3A1|COL4A1|COL4A2|COL4A3|COL4A4|COL4A5|COL6A3|COL7A1|COL10A1|COL15A1|LOX|MMP13|TLL2|COL14A1|PXDN|COL21A1|COL25A1|COL26A1|ADAMTS14|COL22A1,-10.681639844099987,0,1,0,0,-42.23099893715471,18.54910065059319,
1,-12.801838235331262,R-HSA-1442490,M1,1,0,Reactome Gene Sets,6,Collagen degradation,,-12.801838235331262,9.78175229621125,12.100302725860434,30293,64,871,18,2.0665901262916186,0.4820405081794677,1281|1282|1284|1285|1286|1287|1293|1294|1300|1306|1509|4312|4313|4320|4322|7373|84570|136227,COL3A1|COL4A1|COL4A2|COL4A3|COL4A4|COL4A5|COL6A3|COL7A1|COL10A1|COL15A1|CTSD|MMP1|MMP2|MMP11|MMP13|COL14A1|COL25A1|COL26A1,-10.467887430944014,0,1,0,0,-42.23099893715471,18.54910065059319,
1,-12.53706631708923,R-HSA-216083,M1,1,0,Reactome Gene Sets,6,Integrin cell surface interactions,,-12.53706631708923,8.18342675761464,11.41082646232402,30293,85,871,20,2.296211251435132,0.507519280209625,1281|1282|1284|1285|1286|1287|1293|1294|1300|1311|2244|3371|3672|3673|3675|4060|6696|7057|7412|8515,COL3A1|COL4A1|COL4A2|COL4A3|COL4A4|COL4A5|COL6A3|COL7A1|COL10A1|COMP|FGB|TNC|ITGA1|ITGA2|ITGA3|LUM|SPP1|THBS1|VCAM1|ITGA10,-10.237877618961196,0,1,0,0,-42.23099893715471,18.54910065059319,
1,-12.422007223511512,R-HSA-1650814,M1,1,0,Reactome Gene Sets,6,Collagen biosynthesis and modifying enzymes,,-12.422007223511512,9.343763387425671,11.763755736739117,30293,67,871,18,2.0665901262916186,0.4820405081794677,649|1281|1282|1284|1285|1286|1287|1293|1294|1300|1306|7093|7373|81578|84570|136227|140766|169044,BMP1|COL3A1|COL4A1|COL4A2|COL4A3|COL4A4|COL4A5|COL6A3|COL7A1|COL10A1|COL15A1|TLL2|COL14A1|COL21A1|COL25A1|COL26A1|ADAMTS14|COL22A1,-10.155003208754879,0,1,0,0,-42.23099893715471,18.54910065059319,
1,-12.193547558756894,R-HSA-3000157,M1,1,0,Reactome Gene Sets,6,Laminin interactions,,-12.193547558756894,15.071144278606967,13.266947499906571,30293,30,871,13,1.492537313432836,0.41085453736577654,1282|1284|1285|1286|1287|1294|3672|3673|3675|3910|3912|10319|22795,COL4A1|COL4A2|COL4A3|COL4A4|COL4A5|COL7A1|ITGA1|ITGA2|ITGA3|LAMA4|LAMB1|LAMC3|NID2,-9.956506767377704,0,1,0,0,-42.23099893715471,18.54910065059319,
1,-12.147379536710934,R-HSA-8948216,M1,1,0,Reactome Gene Sets,6,Collagen chain trimerization,,-12.147379536710934,11.856669449953033,12.399506439504629,30293,44,871,15,1.722158438576349,0.4408138988523855,1281|1282|1284|1285|1286|1287|1293|1294|1300|1306|7373|81578|84570|136227|169044,COL3A1|COL4A1|COL4A2|COL4A3|COL4A4|COL4A5|COL6A3|COL7A1|COL10A1|COL15A1|COL14A1|COL21A1|COL25A1|COL26A1|COL22A1,-9.938367468931988,0,1,0,0,-42.23099893715471,18.54910065059319,
1,-10.938240021248696,R-HSA-2022090,M1,1,0,Reactome Gene Sets,6,Assembly of collagen fibrils and other multimeric structures,,-10.938240021248696,9.122508516685176,10.925934923048656,30293,61,871,16,1.8369690011481057,0.45500463025316096,649|1281|1282|1284|1285|1286|1287|1293|1294|1300|1306|4015|4322|7093|7373|7837,BMP1|COL3A1|COL4A1|COL4A2|COL4A3|COL4A4|COL4A5|COL6A3|COL7A1|COL10A1|COL15A1|LOX|MMP13|TLL2|COL14A1|PXDN,-8.780380475917129,0,1,0,0,-42.23099893715471,18.54910065059319,
1,-9.303931684320546,R-HSA-2243919,M1,1,0,Reactome Gene Sets,6,Crosslinking of collagen fibrils,,-9.303931684320546,17.389781859931112,11.96752396995646,30293,18,871,9,1.0332950631458093,0.34264756913288386,649|1282|1284|1285|1286|1287|4015|7093|7837,BMP1|COL4A1|COL4A2|COL4A3|COL4A4|COL4A5|LOX|TLL2|PXDN,-7.322163398044661,0,1,0,0,-42.23099893715471,18.54910065059319,
1,-8.613569991447658,R-HSA-2214320,M1,1,0,Reactome Gene Sets,6,Anchoring fibril formation,,-8.613569991447658,18.54910065059319,11.696982981497477,30293,15,871,8,0.9184845005740528,0.3232385566421909,649|1282|1284|1285|1286|1287|1294|7093,BMP1|COL4A1|COL4A2|COL4A3|COL4A4|COL4A5|COL7A1|TLL2,-6.662835938911742,0,1,0,0,-42.23099893715471,18.54910065059319,
1,-7.106158935523988,R-HSA-186797,M1,1,0,Reactome Gene Sets,6,Signaling by PDGF,,-7.106158935523988,7.195771804109427,8.126272476000441,30293,58,871,12,1.3777267508610793,0.3949662371102448,1281|1282|1284|1285|1286|1287|1293|5155|5156|5327|6696|7057,COL3A1|COL4A1|COL4A2|COL4A3|COL4A4|COL4A5|COL6A3|PDGFB|PDGFRA|PLAT|SPP1|THBS1,-5.2612286091561105,0,1,0,0,-42.23099893715471,18.54910065059319,
1,-6.630163033995667,R-HSA-419037,M1,1,0,Reactome Gene Sets,6,NCAM1 interactions,,-6.630163033995667,8.2808485047291,8.124071332639446,30293,42,871,10,1.148105625717566,0.3609726877983155,1281|1282|1284|1285|1286|1287|1293|2668|2674|8128,COL3A1|COL4A1|COL4A2|COL4A3|COL4A4|COL4A5|COL6A3|GDNF|GFRA1|ST8SIA2,-4.819090974888757,0,1,0,0,-42.23099893715471,18.54910065059319,
1,-4.928055182646185,R-HSA-375165,M1,1,0,Reactome Gene Sets,6,NCAM signaling for neurite out-growth,,-4.928055182646185,5.5205656698194,6.179892772870898,30293,63,871,10,1.148105625717566,0.3609726877983155,1281|1282|1284|1285|1286|1287|1293|2668|2674|8128,COL3A1|COL4A1|COL4A2|COL4A3|COL4A4|COL4A5|COL6A3|GDNF|GFRA1|ST8SIA2,-3.285775143853457,0,1,0,0,-42.23099893715471,18.54910065059319,
1,-16.37986485542884,R-HSA-9006934,M1,1,0,Reactome Gene Sets,6,Signaling by Receptor Tyrosine Kinases,,-16.37986485542884,3.7027672401374234,10.758976046551608,30293,526,871,56,6.42939150401837,0.8310852706453709,348|805|1281|1282|1284|1285|1286|1287|1293|1509|1759|1839|1958|1959|2066|2069|2252|2263|2321|2567|2670|3084|3315|3399|3400|3673|3675|3708|3910|3912|4233|4908|5125|5155|5156|5327|5764|5792|5800|6285|6387|6696|7057|8038|8483|8829|8877|9846|10221|10252|10319|10718|57761|64759|143282|155066,APOE|CALM2|COL3A1|COL4A1|COL4A2|COL4A3|COL4A4|COL4A5|COL6A3|CTSD|DNM1|HBEGF|EGR1|EGR2|ERBB4|EREG|FGF7|FGFR2|FLT1|GABRG3|GFAP|NRG1|HSPB1|ID3|ID4|ITGA2|ITGA3|ITPR1|LAMA4|LAMB1|MET|NTF3|PCSK5|PDGFB|PDGFRA|PLAT|PTN|PTPRF|PTPRO|S100B|CXCL12|SPP1|THBS1|ADAM12|CILP|NRP1|SPHK1|GAB2|TRIB1|SPRY1|LAMC3|NRG3|TRIB3|TNS3|FGFBP3|ATP6V0E2,-13.44385405971363,0,2,1,1,-16.37986485542884,3.7027672401374234,
1,-14.705473894516135,R-HSA-381426,M1,1,0,Reactome Gene Sets,6,Regulation of Insulin-like Growth Factor (IGF) transport and uptake by Insulin-like Growth Factor Binding Proteins (IGFBPs),,-14.705473894516135,7.234149253731344,12.016995497684135,30293,125,871,26,2.985074626865672,0.5766174696166088,348|652|1000|1356|2621|2719|3371|3485|3486|3487|3488|3490|3491|3912|4052|4312|4313|5179|6696|7076|7857|8614|11098|54757|54972|401138,APOE|BMP4|CDH2|CP|GAS6|GPC3|TNC|IGFBP2|IGFBP3|IGFBP4|IGFBP5|IGFBP7|CCN1|LAMB1|LTBP1|MMP1|MMP2|PENK|SPP1|TIMP1|SCG2|STC2|PRSS23|FAM20A|TMEM132A|AMTN,-12.020403294948766,0,3,1,1,-14.705473894516135,7.40675894034103,
1,-13.318062022633113,R-HSA-8957275,M1,1,0,Reactome Gene Sets,6,Post-translational protein phosphorylation,,-13.318062022633113,7.40675894034103,11.476028741618562,30293,108,871,23,2.640642939150402,0.5432936282119888,348|652|1000|1356|2621|2719|3371|3486|3487|3488|3490|3491|3912|4052|5179|6696|7076|7857|8614|11098|54757|54972|401138,APOE|BMP4|CDH2|CP|GAS6|GPC3|TNC|IGFBP3|IGFBP4|IGFBP5|IGFBP7|CCN1|LAMB1|LTBP1|PENK|SPP1|TIMP1|SCG2|STC2|PRSS23|FAM20A|TMEM132A|AMTN,-10.808019959190185,0,3,0,0,-14.705473894516135,7.40675894034103,
1,-14.577082875274522,R-HSA-9675108,M1,1,0,Reactome Gene Sets,6,Nervous system development,,-14.577082875274522,3.36964631195897,9.89683972145383,30293,578,871,56,6.42939150401837,0.8310852706453709,214|288|388|1281|1282|1284|1285|1286|1287|1293|1759|1808|1809|1821|1959|2043|2045|2048|2668|2674|2817|3672|3673|3912|3983|4233|4313|4627|4629|4753|5362|5454|6387|6586|7225|7436|7852|8128|8482|8515|8633|8829|9037|9495|9846|10371|10752|56896|57211|59277|91584|103910|116986|219699|285704|100133941,ALCAM|ANK3|RHOB|COL3A1|COL4A1|COL4A2|COL4A3|COL4A4|COL4A5|COL6A3|DNM1|DPYSL2|DPYSL3|DRP2|EGR2|EPHA4|EPHA7|EPHB2|GDNF|GFRA1|GPC1|ITGA1|ITGA2|LAMB1|ABLIM1|MET|MMP2|MYH9|MYH11|NELL2|PLXNA2|POU3F2|CXCL12|SLIT3|TRPC6|VLDLR|CXCR4|ST8SIA2|SEMA7A|ITGA10|UNC5C|NRP1|SEMA5A|AKAP5|GAB2|SEMA3A|CHL1|DPYSL5|ADGRG6|NTN4|PLXNA4|MYL12B|AGAP2|UNC5B|RGMB|CD24,-12.009048864853908,0,4,1,1,-14.577082875274522,3.36964631195897,
1,-13.055113423737534,R-HSA-422475,M1,1,0,Reactome Gene Sets,6,Axon guidance,,-13.055113423737534,3.270411055032253,9.27114839169472,30293,553,871,52,5.970149253731344,0.8028166855577896,214|288|388|1281|1282|1284|1285|1286|1287|1293|1759|1808|1809|2043|2045|2048|2668|2674|2817|3672|3673|3912|3983|4233|4313|4627|4629|4753|5362|6387|6586|7225|7436|7852|8128|8482|8515|8633|8829|9037|9495|9846|10371|10752|56896|59277|91584|103910|116986|219699|285704|100133941,ALCAM|ANK3|RHOB|COL3A1|COL4A1|COL4A2|COL4A3|COL4A4|COL4A5|COL6A3|DNM1|DPYSL2|DPYSL3|EPHA4|EPHA7|EPHB2|GDNF|GFRA1|GPC1|ITGA1|ITGA2|LAMB1|ABLIM1|MET|MMP2|MYH9|MYH11|NELL2|PLXNA2|CXCL12|SLIT3|TRPC6|VLDLR|CXCR4|ST8SIA2|SEMA7A|ITGA10|UNC5C|NRP1|SEMA5A|AKAP5|GAB2|SEMA3A|CHL1|DPYSL5|NTN4|PLXNA4|MYL12B|AGAP2|UNC5B|RGMB|CD24,-10.681639844099987,0,4,0,0,-14.577082875274522,3.36964631195897,
1,-13.161210139070015,R-HSA-3781865,M1,1,0,Reactome Gene Sets,6,Diseases of glycosylation,,-13.161210139070015,6.27964344941957,10.92663259893278,30293,144,871,26,2.985074626865672,0.5766174696166088,1464|1634|2683|2719|2817|4060|4851|4854|4958|4969|7057|9037|9510|9672|9719|10082|10417|11095|54437|55901|63827|81792|140766|170689|170691|170692,CSPG4|DCN|B4GALT1|GPC3|GPC1|LUM|NOTCH1|NOTCH3|OMD|OGN|THBS1|SEMA5A|ADAMTS1|SDC3|ADAMTSL2|GPC6|SPON2|ADAMTS8|SEMA5B|THSD1|BCAN|ADAMTS12|ADAMTS14|ADAMTS15|ADAMTS17|ADAMTS18,-10.702320598074468,0,5,1,1,-13.161210139070015,12.219846712384028,
1,-10.800983368593874,R-HSA-5083635,M1,1,0,Reactome Gene Sets,6,Defective B3GALTL causes PpS,,-10.800983368593874,12.219846712384028,11.749489184838401,30293,37,871,13,1.492537313432836,0.41085453736577654,7057|9037|9510|9719|10417|11095|54437|55901|81792|140766|170689|170691|170692,THBS1|SEMA5A|ADAMTS1|ADAMTSL2|SPON2|ADAMTS8|SEMA5B|THSD1|ADAMTS12|ADAMTS14|ADAMTS15|ADAMTS17|ADAMTS18,-8.666604919111832,0,5,0,0,-13.161210139070015,12.219846712384028,
1,-10.630687889825587,R-HSA-5173214,M1,1,0,Reactome Gene Sets,6,O-glycosylation of TSR domain-containing proteins,,-10.630687889825587,11.898271798900238,11.566123107331771,30293,38,871,13,1.492537313432836,0.41085453736577654,7057|9037|9510|9719|10417|11095|54437|55901|81792|140766|170689|170691|170692,THBS1|SEMA5A|ADAMTS1|ADAMTSL2|SPON2|ADAMTS8|SEMA5B|THSD1|ADAMTS12|ADAMTS14|ADAMTS15|ADAMTS17|ADAMTS18,-8.518585835054697,0,5,0,0,-13.161210139070015,12.219846712384028,
1,-9.652919292261164,R-HSA-5668914,M1,1,0,Reactome Gene Sets,6,Diseases of metabolism,,-9.652919292261164,4.034429391504018,8.289194835551148,30293,250,871,29,3.3295063145809416,0.6078939374746538,21|1464|1545|1634|2683|2719|2817|4060|4851|4854|4958|4969|7057|8029|9037|9510|9672|9719|10082|10417|11095|54437|55901|63827|81792|140766|170689|170691|170692,ABCA3|CSPG4|CYP1B1|DCN|B4GALT1|GPC3|GPC1|LUM|NOTCH1|NOTCH3|OMD|OGN|THBS1|CUBN|SEMA5A|ADAMTS1|SDC3|ADAMTSL2|GPC6|SPON2|ADAMTS8|SEMA5B|THSD1|BCAN|ADAMTS12|ADAMTS14|ADAMTS15|ADAMTS17|ADAMTS18,-7.601515077843884,0,5,0,0,-13.161210139070015,12.219846712384028,
1,-9.046099385129754,R-HSA-3906995,M1,1,0,Reactome Gene Sets,6,Diseases associated with O-glycosylation of proteins,,-9.046099385129754,7.56077472170918,9.387299121667915,30293,69,871,15,1.722158438576349,0.4408138988523855,4851|4854|7057|9037|9510|9719|10417|11095|54437|55901|81792|140766|170689|170691|170692,NOTCH1|NOTCH3|THBS1|SEMA5A|ADAMTS1|ADAMTSL2|SPON2|ADAMTS8|SEMA5B|THSD1|ADAMTS12|ADAMTS14|ADAMTS15|ADAMTS17|ADAMTS18,-7.080125366037101,0,5,0,0,-13.161210139070015,12.219846712384028,
1,-8.467502491480648,R-HSA-5173105,M1,1,0,Reactome Gene Sets,6,O-linked glycosylation,,-8.467502491480648,5.589572740692143,8.37242781992601,30293,112,871,18,2.0665901262916186,0.4820405081794677,2589|2590|7057|9037|9510|9719|10417|11095|54437|55901|79623|81792|114805|140766|170689|170691|170692|374378,GALNT1|GALNT2|THBS1|SEMA5A|ADAMTS1|ADAMTSL2|SPON2|ADAMTS8|SEMA5B|THSD1|GALNT14|ADAMTS12|GALNT13|ADAMTS14|ADAMTS15|ADAMTS17|ADAMTS18|GALNT18,-6.545732134880049,0,5,0,0,-13.161210139070015,12.219846712384028,
1,-11.11843700887224,R-HSA-109582,M1,1,0,Reactome Gene Sets,6,Hemostasis,,-11.11843700887224,2.912298411325018,8.284475352097314,30293,621,871,52,5.970149253731344,0.8028166855577896,87|150|284|388|547|710|805|928|1191|1893|2149|2151|2244|2621|2624|2627|2817|2983|3671|3672|3673|3675|3708|4312|5054|5055|5099|5152|5155|5270|5327|5328|6281|6520|6546|7040|7042|7043|7044|7057|7076|7078|7123|7225|8140|8407|8515|9672|9732|10630|23657|140885,ACTN1|ADRA2A|ANGPT1|RHOB|KIF1A|SERPING1|CALM2|CD9|CLU|ECM1|F2R|F2RL2|FGB|GAS6|GATA2|GATA6|GPC1|GUCY1B1|ISLR|ITGA1|ITGA2|ITGA3|ITPR1|MMP1|SERPINE1|SERPINB2|PCDH7|PDE9A|PDGFB|SERPINE2|PLAT|PLAU|S100A10|SLC3A2|SLC8A1|TGFB1|TGFB2|TGFB3|LEFTY2|THBS1|TIMP1|TIMP3|CLEC3B|TRPC6|SLC7A5|TAGLN2|ITGA10|SDC3|DOCK4|PDPN|SLC7A11|SIRPA,-8.935753879815643,0,6,1,1,-11.11843700887224,5.661789442768269,
1,-9.876206445627574,R-HSA-114608,M1,1,0,Reactome Gene Sets,6,Platelet degranulation,,-9.876206445627574,5.661789442768269,9.129352980493548,30293,129,871,21,2.4110218140068884,0.5197468641275879,87|710|805|928|1191|1893|2244|2621|3671|5054|5099|5155|7040|7042|7043|7044|7057|7076|7078|7123|8407,ACTN1|SERPING1|CALM2|CD9|CLU|ECM1|FGB|GAS6|ISLR|SERPINE1|PCDH7|PDGFB|TGFB1|TGFB2|TGFB3|LEFTY2|THBS1|TIMP1|TIMP3|CLEC3B|TAGLN2,-7.785293689926621,0,6,0,0,-11.11843700887224,5.661789442768269,
1,-9.558673892889562,R-HSA-76005,M1,1,0,Reactome Gene Sets,6,Response to elevated platelet cytosolic Ca2+,,-9.558673892889562,5.450528642664976,8.883671420422314,30293,134,871,21,2.4110218140068884,0.5197468641275879,87|710|805|928|1191|1893|2244|2621|3671|5054|5099|5155|7040|7042|7043|7044|7057|7076|7078|7123|8407,ACTN1|SERPING1|CALM2|CD9|CLU|ECM1|FGB|GAS6|ISLR|SERPINE1|PCDH7|PDGFB|TGFB1|TGFB2|TGFB3|LEFTY2|THBS1|TIMP1|TIMP3|CLEC3B|TAGLN2,-7.5326767890329505,0,6,0,0,-11.11843700887224,5.661789442768269,
1,-8.494847286039118,R-HSA-76002,M1,1,0,Reactome Gene Sets,6,"Platelet activation, signaling and aggregation",,-8.494847286039118,3.7027672401374234,7.574357691870206,30293,263,871,28,3.214695752009185,0.5976756609261645,87|150|388|710|805|928|1191|1893|2149|2151|2244|2621|3671|3708|5054|5099|5155|7040|7042|7043|7044|7057|7076|7078|7123|7225|8407|10630,ACTN1|ADRA2A|RHOB|SERPING1|CALM2|CD9|CLU|ECM1|F2R|F2RL2|FGB|GAS6|ISLR|ITPR1|SERPINE1|PCDH7|PDGFB|TGFB1|TGFB2|TGFB3|LEFTY2|THBS1|TIMP1|TIMP3|CLEC3B|TRPC6|TAGLN2|PDPN,-6.558836490323908,0,6,0,0,-11.11843700887224,5.661789442768269,
1,-9.718244169068086,R-HSA-1566948,M1,1,0,Reactome Gene Sets,6,Elastic fibre formation,,-9.718244169068086,10.275780189959296,10.59395763378679,30293,44,871,13,1.492537313432836,0.41085453736577654,652|655|2192|2201|2202|4015|4052|4053|7040|7042|7043|8076|8425,BMP4|BMP7|FBLN1|FBN2|EFEMP1|LOX|LTBP1|LTBP2|TGFB1|TGFB2|TGFB3|MFAP5|LTBP4,-7.64753479945542,0,7,1,1,-9.718244169068086,34.77956371986223,
1,-9.547868830795785,R-HSA-2129379,M1,1,0,Reactome Gene Sets,6,Molecules associated with elastic fibres,,-9.547868830795785,11.279858503739101,10.765128027821985,30293,37,871,12,1.3777267508610793,0.3949662371102448,652|655|2192|2201|2202|4052|4053|7040|7042|7043|8076|8425,BMP4|BMP7|FBLN1|FBN2|EFEMP1|LTBP1|LTBP2|TGFB1|TGFB2|TGFB3|MFAP5|LTBP4,-7.5326767890329505,0,7,0,0,-9.718244169068086,34.77956371986223,
1,-5.181306595166232,R-HSA-2173789,M1,1,0,Reactome Gene Sets,6,TGF-beta receptor signaling activates SMADs,,-5.181306595166232,6.659916456994893,6.681314757690751,30293,47,871,9,1.0332950631458093,0.34264756913288386,4052|4053|7040|7042|7043|7046|7048|8425|56937,LTBP1|LTBP2|TGFB1|TGFB2|TGFB3|TGFBR1|TGFBR2|LTBP4|PMEPA1,-3.5005683045543283,0,7,0,0,-9.718244169068086,34.77956371986223,
1,-4.857807849191845,R-HSA-9006936,M1,1,0,Reactome Gene Sets,6,Signaling by TGFB family members,,-4.857807849191845,3.926724936113477,5.618873424333654,30293,124,871,14,1.6073478760045925,0.42611536684586326,1030|3624|4052|4053|4091|5054|7040|7042|7043|7046|7048|8425|10468|56937,CDKN2B|INHBA|LTBP1|LTBP2|SMAD6|SERPINE1|TGFB1|TGFB2|TGFB3|TGFBR1|TGFBR2|LTBP4|FST|PMEPA1,-3.2257202579018527,0,7,0,0,-9.718244169068086,34.77956371986223,
1,-4.6254266599010805,R-HSA-3642278,M1,1,0,Reactome Gene Sets,6,Loss of Function of TGFBR2 in Cancer,,-4.6254266599010805,34.77956371986223,10.067044372129908,30293,3,871,3,0.34443168771526983,0.19851496770813384,7040|7046|7048,TGFB1|TGFBR1|TGFBR2,-3.051143700203464,0,7,0,0,-9.718244169068086,34.77956371986223,
1,-4.6254266599010805,R-HSA-3645790,M1,1,0,Reactome Gene Sets,6,TGFBR2 Kinase Domain Mutants in Cancer,,-4.6254266599010805,34.77956371986223,10.067044372129908,30293,3,871,3,0.34443168771526983,0.19851496770813384,7040|7046|7048,TGFB1|TGFBR1|TGFBR2,-3.051143700203464,0,7,0,0,-9.718244169068086,34.77956371986223,
1,-4.086054825253169,R-HSA-170834,M1,1,0,Reactome Gene Sets,6,Signaling by TGF-beta Receptor Complex,,-4.086054825253169,4.0699489459413245,5.129036088920957,30293,94,871,11,1.2629161882893227,0.37837142943293706,1030|4052|4053|5054|7040|7042|7043|7046|7048|8425|56937,CDKN2B|LTBP1|LTBP2|SERPINE1|TGFB1|TGFB2|TGFB3|TGFBR1|TGFBR2|LTBP4|PMEPA1,-2.5920008671943706,0,7,0,0,-9.718244169068086,34.77956371986223,
1,-4.032802395162866,R-HSA-3656535,M1,1,0,Reactome Gene Sets,6,TGFBR1 LBD Mutants in Cancer,,-4.032802395162866,26.084672789896672,8.63242719874546,30293,4,871,3,0.34443168771526983,0.19851496770813384,7040|7046|7048,TGFB1|TGFBR1|TGFBR2,-2.5541687959715618,0,7,0,0,-9.718244169068086,34.77956371986223,
1,-3.3526626228749383,R-HSA-3304356,M1,1,0,Reactome Gene Sets,6,SMAD2/3 Phosphorylation Motif Mutants in Cancer,,-3.3526626228749383,17.389781859931116,6.908084254154547,30293,6,871,3,0.34443168771526983,0.19851496770813384,7040|7046|7048,TGFB1|TGFBR1|TGFBR2,-1.9565639117388467,0,7,0,0,-9.718244169068086,34.77956371986223,
1,-3.3526626228749383,R-HSA-3656532,M1,1,0,Reactome Gene Sets,6,TGFBR1 KD Mutants in Cancer,,-3.3526626228749383,17.389781859931116,6.908084254154547,30293,6,871,3,0.34443168771526983,0.19851496770813384,7040|7046|7048,TGFB1|TGFBR1|TGFBR2,-1.9565639117388467,0,7,0,0,-9.718244169068086,34.77956371986223,
1,-3.119018942209773,R-HSA-3304349,M1,1,0,Reactome Gene Sets,6,Loss of Function of SMAD2/3 in Cancer,,-3.119018942209773,14.905527308512385,6.330710870056495,30293,7,871,3,0.34443168771526983,0.19851496770813384,7040|7046|7048,TGFB1|TGFBR1|TGFBR2,-1.7922467224496492,0,7,0,0,-9.718244169068086,34.77956371986223,
1,-3.119018942209773,R-HSA-3656534,M1,1,0,Reactome Gene Sets,6,Loss of Function of TGFBR1 in Cancer,,-3.119018942209773,14.905527308512385,6.330710870056495,30293,7,871,3,0.34443168771526983,0.19851496770813384,7040|7046|7048,TGFB1|TGFBR1|TGFBR2,-1.7922467224496492,0,7,0,0,-9.718244169068086,34.77956371986223,
1,-2.924279403979743,R-HSA-3304351,M1,1,0,Reactome Gene Sets,6,Signaling by TGF-beta Receptor Complex in Cancer,,-2.924279403979743,13.042336394948336,5.86109708573469,30293,8,871,3,0.34443168771526983,0.19851496770813384,7040|7046|7048,TGFB1|TGFBR1|TGFBR2,-1.6446862619150884,0,7,0,0,-9.718244169068086,34.77956371986223,
1,-2.2125902154622237,R-HSA-2173788,M1,1,0,Reactome Gene Sets,6,Downregulation of TGF-beta receptor signaling,,-2.2125902154622237,5.350702110748036,3.8185483162067126,30293,26,871,4,0.4592422502870264,0.22909325978980305,7040|7046|7048|56937,TGFB1|TGFBR1|TGFBR2|PMEPA1,-1.0689711092452678,0,7,0,0,-9.718244169068086,34.77956371986223,
1,-9.436374298011703,R-HSA-373755,M1,1,0,Reactome Gene Sets,6,Semaphorin interactions,,-9.436374298011703,8.026053166122052,9.756641766211418,30293,65,871,15,1.722158438576349,0.4408138988523855,388|1808|1809|3672|4233|4627|4629|5362|8482|8829|9037|10371|56896|91584|103910,RHOB|DPYSL2|DPYSL3|ITGA1|MET|MYH9|MYH11|PLXNA2|SEMA7A|NRP1|SEMA5A|SEMA3A|DPYSL5|PLXNA4|MYL12B,-7.438215595547649,0,8,1,1,-9.436374298011703,15.216059127439724,
1,-6.839692441966724,R-HSA-399956,M1,1,0,Reactome Gene Sets,6,CRMPs in Sema3A signaling,,-6.839692441966724,15.216059127439724,9.786327560316302,30293,16,871,7,0.8036739380022963,0.30253711332446054,1808|1809|5362|8829|10371|56896|91584,DPYSL2|DPYSL3|PLXNA2|NRP1|SEMA3A|DPYSL5|PLXNA4,-5.006343988148662,0,8,0,0,-9.436374298011703,15.216059127439724,
1,-3.791931707495541,R-HSA-416700,M1,1,0,Reactome Gene Sets,6,Other semaphorin interactions,,-3.791931707495541,9.152516768384794,6.116043335144889,30293,19,871,5,0.574052812858783,0.25598629558863717,3672|5362|8482|9037|91584,ITGA1|PLXNA2|SEMA7A|SEMA5A|PLXNA4,-2.3378410493817627,0,8,0,0,-9.436374298011703,15.216059127439724,
1,-3.267938509026968,R-HSA-399955,M1,1,0,Reactome Gene Sets,6,SEMA3A-Plexin repulsion signaling by inhibiting Integrin adhesion,,-3.267938509026968,9.937018205674923,5.754702176834505,30293,14,871,4,0.4592422502870264,0.22909325978980305,5362|8829|10371|91584,PLXNA2|NRP1|SEMA3A|PLXNA4,-1.9078849020755158,0,8,0,0,-9.436374298011703,15.216059127439724,
1,-3.02821466191898,R-HSA-399954,M1,1,0,Reactome Gene Sets,6,Sema3A PAK dependent Axon repulsion,,-3.02821466191898,8.694890929965558,5.297158833294192,30293,16,871,4,0.4592422502870264,0.22909325978980305,5362|8829|10371|91584,PLXNA2|NRP1|SEMA3A|PLXNA4,-1.7154531566016706,0,8,0,0,-9.436374298011703,15.216059127439724,
1,-7.824548927607968,R-HSA-3560782,M1,1,0,Reactome Gene Sets,6,Diseases associated with glycosaminoglycan metabolism,,-7.824548927607968,9.331102461426452,9.184474532612871,30293,41,871,11,1.2629161882893227,0.37837142943293706,1464|1634|2683|2719|2817|4060|4958|4969|9672|10082|63827,CSPG4|DCN|B4GALT1|GPC3|GPC1|LUM|OMD|OGN|SDC3|GPC6|BCAN,-5.916566855493002,0,9,1,1,-7.824548927607968,12.17284730195178,
1,-7.637095447679198,R-HSA-1630316,M1,1,0,Reactome Gene Sets,6,Glycosaminoglycan metabolism,,-7.637095447679198,4.96850910283746,7.680394849946559,30293,126,871,18,2.0665901262916186,0.4820405081794677,1464|1634|2683|2719|2817|4060|4958|4969|9348|9672|9955|10082|27087|50515|57214|63827|83539|90161,CSPG4|DCN|B4GALT1|GPC3|GPC1|LUM|OMD|OGN|NDST3|SDC3|HS3ST3A1|GPC6|B3GAT1|CHST11|CEMIP|BCAN|CHST9|HS6ST2,-5.742477337122214,0,9,0,0,-7.824548927607968,12.17284730195178,
1,-6.35047390366953,R-HSA-1971475,M1,1,0,Reactome Gene Sets,6,A tetrasaccharide linker sequence is required for GAG synthesis,,-6.35047390366953,10.701404221496071,8.51478216890955,30293,26,871,8,0.9184845005740528,0.3232385566421909,1464|1634|2719|2817|9672|10082|27087|63827,CSPG4|DCN|GPC3|GPC1|SDC3|GPC6|B3GAT1|BCAN,-4.5501257099543935,0,9,0,0,-7.824548927607968,12.17284730195178,
1,-6.240254228605813,R-HSA-1638091,M1,1,0,Reactome Gene Sets,6,Heparan sulfate/heparin (HS-GAG) metabolism,,-6.240254228605813,6.711845630148852,7.426576808971538,30293,57,871,11,1.2629161882893227,0.37837142943293706,1464|1634|2719|2817|9348|9672|9955|10082|27087|63827|90161,CSPG4|DCN|GPC3|GPC1|NDST3|SDC3|HS3ST3A1|GPC6|B3GAT1|BCAN|HS6ST2,-4.450371468568841,0,9,0,0,-7.824548927607968,12.17284730195178,
1,-6.052438302907688,R-HSA-3560783,M1,1,0,Reactome Gene Sets,6,"Defective B4GALT7 causes EDS, progeroid type",,-6.052438302907688,12.17284730195178,8.599794762247072,30293,20,871,7,0.8036739380022963,0.30253711332446054,1464|1634|2719|2817|9672|10082|63827,CSPG4|DCN|GPC3|GPC1|SDC3|GPC6|BCAN,-4.311404110408533,0,9,0,0,-7.824548927607968,12.17284730195178,
1,-6.052438302907688,R-HSA-3560801,M1,1,0,Reactome Gene Sets,6,Defective B3GAT3 causes JDSSDHD,,-6.052438302907688,12.17284730195178,8.599794762247072,30293,20,871,7,0.8036739380022963,0.30253711332446054,1464|1634|2719|2817|9672|10082|63827,CSPG4|DCN|GPC3|GPC1|SDC3|GPC6|BCAN,-4.311404110408533,0,9,0,0,-7.824548927607968,12.17284730195178,
1,-6.052438302907688,R-HSA-4420332,M1,1,0,Reactome Gene Sets,6,Defective B3GALT6 causes EDSP2 and SEMDJL1,,-6.052438302907688,12.17284730195178,8.599794762247072,30293,20,871,7,0.8036739380022963,0.30253711332446054,1464|1634|2719|2817|9672|10082|63827,CSPG4|DCN|GPC3|GPC1|SDC3|GPC6|BCAN,-4.311404110408533,0,9,0,0,-7.824548927607968,12.17284730195178,
1,-5.876547439083702,R-HSA-1793185,M1,1,0,Reactome Gene Sets,6,Chondroitin sulfate/dermatan sulfate metabolism,,-5.876547439083702,6.955912743972444,7.252000911631253,30293,50,871,10,1.148105625717566,0.3609726877983155,1464|1634|2719|2817|9672|10082|27087|50515|63827|83539,CSPG4|DCN|GPC3|GPC1|SDC3|GPC6|B3GAT1|CHST11|BCAN|CHST9,-4.1446566260244175,0,9,0,0,-7.824548927607968,12.17284730195178,
1,-5.156912684756114,R-HSA-71387,M1,1,0,Reactome Gene Sets,6,Metabolism of carbohydrates,,-5.156912684756114,2.791670666477236,5.356900009363667,30293,299,871,24,2.7554535017221586,0.5546513744281777,805|1464|1634|2683|2719|2817|4060|4958|4969|5214|6513|8707|9348|9672|9955|10082|10317|23225|27087|50515|57214|63827|83539|90161,CALM2|CSPG4|DCN|B4GALT1|GPC3|GPC1|LUM|OMD|OGN|PFKP|SLC2A1|B3GALT2|NDST3|SDC3|HS3ST3A1|GPC6|B3GALT5|NUP210|B3GAT1|CHST11|CEMIP|BCAN|CHST9|HS6ST2,-3.4919686613274425,0,9,0,0,-7.824548927607968,12.17284730195178,
1,-4.641863050817207,R-HSA-2022928,M1,1,0,Reactome Gene Sets,6,HS-GAG biosynthesis,,-4.641863050817207,7.853449872226954,6.56868188706877,30293,31,871,7,0.8036739380022963,0.30253711332446054,2719|2817|9348|9672|9955|10082|90161,GPC3|GPC1|NDST3|SDC3|HS3ST3A1|GPC6|HS6ST2,-3.054647356143784,0,9,0,0,-7.824548927607968,12.17284730195178,
1,-3.791931707495541,R-HSA-9694614,M1,1,0,Reactome Gene Sets,6,Attachment and Entry,,-3.791931707495541,9.152516768384794,6.116043335144889,30293,19,871,5,0.574052812858783,0.25598629558863717,2719|2817|8829|9672|10082,GPC3|GPC1|NRP1|SDC3|GPC6,-2.3378410493817627,0,9,0,0,-7.824548927607968,12.17284730195178,
1,-3.267938509026968,R-HSA-3656237,M1,1,0,Reactome Gene Sets,6,Defective EXT2 causes exostoses 2,,-3.267938509026968,9.937018205674923,5.754702176834505,30293,14,871,4,0.4592422502870264,0.22909325978980305,2719|2817|9672|10082,GPC3|GPC1|SDC3|GPC6,-1.9078849020755158,0,9,0,0,-7.824548927607968,12.17284730195178,
1,-3.267938509026968,R-HSA-3656253,M1,1,0,Reactome Gene Sets,6,"Defective EXT1 causes exostoses 1, TRPS2 and CHDS",,-3.267938509026968,9.937018205674923,5.754702176834505,30293,14,871,4,0.4592422502870264,0.22909325978980305,2719|2817|9672|10082,GPC3|GPC1|SDC3|GPC6,-1.9078849020755158,0,9,0,0,-7.824548927607968,12.17284730195178,
1,-3.07644356279585,R-HSA-2187338,M1,1,0,Reactome Gene Sets,6,Visual phototransduction,,-3.07644356279585,3.3441888192175213,4.120233721006706,30293,104,871,10,1.148105625717566,0.3609726877983155,348|805|2719|2817|4036|8630|9672|10082|64220|157506,APOE|CALM2|GPC3|GPC1|LRP2|HSD17B6|SDC3|GPC6|STRA6|RDH10,-1.7602215253690345,0,9,0,0,-7.824548927607968,12.17284730195178,
1,-2.8114820483430836,R-HSA-975634,M1,1,0,Reactome Gene Sets,6,Retinoid metabolism and transport,,-2.8114820483430836,4.742667779981213,4.274536813774349,30293,44,871,6,0.6888633754305397,0.28025698554788286,348|2719|2817|4036|9672|10082,APOE|GPC3|GPC1|LRP2|SDC3|GPC6,-1.550638342291268,0,9,0,0,-7.824548927607968,12.17284730195178,
1,-2.6134477573940664,R-HSA-6806667,M1,1,0,Reactome Gene Sets,6,Metabolism of fat-soluble vitamins,,-2.6134477573940664,4.347445464982779,3.9934135821116663,30293,48,871,6,0.6888633754305397,0.28025698554788286,348|2719|2817|4036|9672|10082,APOE|GPC3|GPC1|LRP2|SDC3|GPC6,-1.3892046756029668,0,9,0,0,-7.824548927607968,12.17284730195178,
1,-2.375619979619213,R-HSA-196854,M1,1,0,Reactome Gene Sets,6,Metabolism of vitamins and cofactors,,-2.375619979619213,2.330589321434067,3.198937987418006,30293,194,871,13,1.492537313432836,0.41085453736577654,348|683|805|2719|2817|4036|4837|5740|6513|8029|9672|10082|160428,APOE|BST1|CALM2|GPC3|GPC1|LRP2|NNMT|PTGIS|SLC2A1|CUBN|SDC3|GPC6|ALDH1L2,-1.1852044003319242,0,9,0,0,-7.824548927607968,12.17284730195178,
1,-2.352479094933586,R-HSA-9772572,M1,1,0,Reactome Gene Sets,6,Early SARS-CoV-2 Infection Events,,-2.352479094933586,4.576258384192397,3.7954132084841876,30293,38,871,5,0.574052812858783,0.25598629558863717,2719|2817|8829|9672|10082,GPC3|GPC1|NRP1|SDC3|GPC6,-1.174875491406263,0,9,0,0,-7.824548927607968,12.17284730195178,
1,-2.3411568581086177,R-HSA-2024096,M1,1,0,Reactome Gene Sets,6,HS-GAG degradation,,-2.3411568581086177,5.796593953310372,4.044608552111379,30293,24,871,4,0.4592422502870264,0.22909325978980305,2719|2817|9672|10082,GPC3|GPC1|SDC3|GPC6,-1.1685740559563453,0,9,0,0,-7.824548927607968,12.17284730195178,
1,-7.5881539532898685,R-HSA-3000480,M1,1,0,Reactome Gene Sets,6,Scavenging by Class A Receptors,,-7.5881539532898685,14.644026829415676,10.235791194958642,30293,19,871,8,0.9184845005740528,0.3232385566421909,348|1281|1282|1284|2495|2512|5648|81035,APOE|COL3A1|COL4A1|COL4A2|FTH1|FTL|MASP1|COLEC12,-5.7065008198972516,0,10,1,1,-7.5881539532898685,14.644026829415676,
1,-4.649071198170447,R-HSA-2173782,M1,1,0,Reactome Gene Sets,6,Binding and Uptake of Ligands by Scavenger Receptors,,-4.649071198170447,6.624678803783282,6.276094303492264,30293,42,871,8,0.9184845005740528,0.3232385566421909,348|1281|1282|1284|2495|2512|5648|81035,APOE|COL3A1|COL4A1|COL4A2|FTH1|FTL|MASP1|COLEC12,-3.054647356143784,0,10,0,0,-7.5881539532898685,14.644026829415676,
1,-2.9205993087858992,R-HSA-5653656,M1,1,0,Reactome Gene Sets,6,Vesicle-mediated transport,,-2.9205993087858992,1.7570656262634705,3.4173187463665315,30293,673,871,34,3.9035591274397246,0.656258520371175,288|348|547|805|1281|1282|1284|1294|1604|1759|1839|2069|2495|2512|2589|2590|2697|2706|2890|3092|4036|4121|4627|5648|6869|8871|9267|10981|11031|22836|81035|81567|84251|160518,ANK3|APOE|KIF1A|CALM2|COL3A1|COL4A1|COL4A2|COL7A1|CD55|DNM1|HBEGF|EREG|FTH1|FTL|GALNT1|GALNT2|GJA1|GJB2|GRIA1|HIP1|LRP2|MAN1A1|MYH9|MASP1|TACR1|SYNJ2|CYTH1|RAB32|RAB31|RHOBTB3|COLEC12|TXNDC5|SGIP1|DENND5B,-1.644187825507434,0,10,0,0,-7.5881539532898685,14.644026829415676,
1,-7.519397794328839,R-HSA-397014,M1,1,0,Reactome Gene Sets,6,Muscle contraction,,-7.519397794328839,3.9020973929601523,7.173468727975306,30293,205,871,23,2.640642939150402,0.5432936282119888,58|59|70|805|1674|2258|2983|3672|3708|4629|4638|6546|7134|7138|7431|10580|10699|27092|51305|59283|59284|60598|103910,ACTA1|ACTA2|ACTC1|CALM2|DES|FGF13|GUCY1B1|ITGA1|ITPR1|MYH11|MYLK|SLC8A1|TNNC1|TNNT1|VIM|SORBS1|CORIN|CACNG4|KCNK9|CACNG8|CACNG7|KCNK15|MYL12B,-5.650333788244242,0,11,1,1,-7.519397794328839,3.9020973929601523,
1,-2.308833203600917,R-HSA-5576891,M1,1,0,Reactome Gene Sets,6,Cardiac conduction,,-2.308833203600917,2.6348154333228955,3.2386929974037852,30293,132,871,10,1.148105625717566,0.3609726877983155,805|2258|3708|6546|10699|27092|51305|59283|59284|60598,CALM2|FGF13|ITPR1|SLC8A1|CORIN|CACNG4|KCNK9|CACNG8|CACNG7|KCNK15,-1.1436744195278514,0,11,0,0,-7.519397794328839,3.9020973929601523,
1,-7.3783089272922115,R-HSA-112316,M1,1,0,Reactome Gene Sets,6,Neuronal System,,-7.3783089272922115,2.8841589426227214,6.608978254029164,30293,410,871,34,3.9035591274397246,0.656258520371175,108|320|805|2066|2556|2567|2890|2901|3084|3736|3755|3773|4747|5789|5792|6507|6529|7881|8499|9229|9256|9369|9495|10611|22829|22865|27020|27092|51305|59283|80852|84631|91683|196883,ADCY2|APBA1|CALM2|ERBB4|GABRA3|GABRG3|GRIA1|GRIK5|NRG1|KCNA1|KCNG1|KCNJ16|NEFL|PTPRD|PTPRF|SLC1A3|SLC6A1|KCNAB1|PPFIA2|DLGAP1|TSPOAP1|NRXN3|AKAP5|PDLIM5|NLGN4Y|SLITRK3|NPTN|CACNG4|KCNK9|CACNG8|GRIP2|SLITRK2|SYT12|ADCY4,-5.521479377624627,0,12,1,1,-7.3783089272922115,3.477956371986223,
1,-4.390275749564898,R-HSA-112315,M1,1,0,Reactome Gene Sets,6,Transmission across Chemical Synapses,,-4.390275749564898,2.705077178211506,4.842123215261257,30293,270,871,21,2.4110218140068884,0.5197468641275879,108|320|805|2066|2556|2567|2890|2901|3084|3773|4747|6507|6529|8499|9256|9495|27020|27092|59283|80852|196883,ADCY2|APBA1|CALM2|ERBB4|GABRA3|GABRG3|GRIA1|GRIK5|NRG1|KCNJ16|NEFL|SLC1A3|SLC6A1|PPFIA2|TSPOAP1|AKAP5|NPTN|CACNG4|CACNG8|GRIP2|ADCY4,-2.840466559250482,0,12,0,0,-7.3783089272922115,3.477956371986223,
1,-4.006076183297041,R-HSA-112314,M1,1,0,Reactome Gene Sets,6,Neurotransmitter receptors and postsynaptic signal transmission,,-4.006076183297041,2.8841589426227214,4.65730588030086,30293,205,871,17,1.9517795637198623,0.46873368371956003,108|320|805|2066|2556|2567|2890|2901|3084|3773|4747|9495|27020|27092|59283|80852|196883,ADCY2|APBA1|CALM2|ERBB4|GABRA3|GABRG3|GRIA1|GRIK5|NRG1|KCNJ16|NEFL|AKAP5|NPTN|CACNG4|CACNG8|GRIP2|ADCY4,-2.532463385480787,0,12,0,0,-7.3783089272922115,3.477956371986223,
1,-2.1285318431419378,R-HSA-977443,M1,1,0,Reactome Gene Sets,6,GABA receptor activation,,-2.1285318431419378,3.477956371986223,3.3057165714289956,30293,60,871,6,0.6888633754305397,0.28025698554788286,108|2556|2567|3773|27020|196883,ADCY2|GABRA3|GABRG3|KCNJ16|NPTN|ADCY4,-1.003201522637292,0,12,0,0,-7.3783089272922115,3.477956371986223,
1,-6.700014640969763,R-HSA-1251985,M1,1,0,Reactome Gene Sets,6,Nuclear signaling by ERBB4,,-6.700014640969763,9.78175229621125,8.551680963703305,30293,32,871,9,1.0332950631458093,0.34264756913288386,348|1839|2066|2069|2670|3084|6285|6387|10718,APOE|HBEGF|ERBB4|EREG|GFAP|NRG1|S100B|CXCL12|NRG3,-4.87794719756139,0,13,1,1,-6.700014640969763,17.389781859931112,
1,-5.426698879844327,R-HSA-5663202,M1,1,0,Reactome Gene Sets,6,Diseases of signal transduction by growth factor receptors and second messengers,,-5.426698879844327,2.489991859851568,5.373037829285442,30293,433,871,31,3.5591274397244548,0.6277594475924788,182|805|1839|2066|2069|2244|2252|2263|2308|3084|3092|4233|4627|4851|5155|5156|5292|7040|7046|7048|8805|9846|10718|22808|22943|23189|23462|27123|50507|54894|55534,JAG1|CALM2|HBEGF|ERBB4|EREG|FGB|FGF7|FGFR2|FOXO1|NRG1|HIP1|MET|MYH9|NOTCH1|PDGFB|PDGFRA|PIM1|TGFB1|TGFBR1|TGFBR2|TRIM24|GAB2|NRG3|MRAS|DKK1|KANK1|HEY1|DKK2|NOX4|RNF43|MAML3,-3.712536833745474,0,13,0,0,-6.700014640969763,17.389781859931112,
1,-5.362365835226006,R-HSA-1250342,M1,1,0,Reactome Gene Sets,6,PI3K events in ERBB4 signaling,,-5.362365835226006,17.389781859931112,8.91888740108726,30293,10,871,5,0.574052812858783,0.25598629558863717,1839|2066|2069|3084|10718,HBEGF|ERBB4|EREG|NRG1|NRG3,-3.6568039608890706,0,13,0,0,-6.700014640969763,17.389781859931112,
1,-5.260854889446832,R-HSA-1236394,M1,1,0,Reactome Gene Sets,6,Signaling by ERBB4,,-5.260854889446832,5.996476503424521,6.553296469026074,30293,58,871,10,1.148105625717566,0.3609726877983155,348|1839|2066|2069|2567|2670|3084|6285|6387|10718,APOE|HBEGF|ERBB4|EREG|GABRG3|GFAP|NRG1|S100B|CXCL12|NRG3,-3.563726182646759,0,13,0,0,-6.700014640969763,17.389781859931112,
1,-4.853522473325958,R-HSA-2219530,M1,1,0,Reactome Gene Sets,6,Constitutive Signaling by Aberrant PI3K in Cancer,,-4.853522473325958,4.904810268185699,5.941182521792161,30293,78,871,11,1.2629161882893227,0.37837142943293706,1839|2066|2069|2252|2263|3084|4233|5155|5156|9846|10718,HBEGF|ERBB4|EREG|FGF7|FGFR2|NRG1|MET|PDGFB|PDGFRA|GAB2|NRG3,-3.2257202579018527,0,13,0,0,-6.700014640969763,17.389781859931112,
1,-4.685477817611169,R-HSA-8847993,M1,1,0,Reactome Gene Sets,6,ERBB2 Activates PTK6 Signaling,,-4.685477817611169,13.376755276870085,7.679580559691133,30293,13,871,5,0.574052812858783,0.25598629558863717,1839|2066|2069|3084|10718,HBEGF|ERBB4|EREG|NRG1|NRG3,-3.078525741160184,0,13,0,0,-6.700014640969763,17.389781859931112,
1,-4.641704603877829,R-HSA-199418,M1,1,0,Reactome Gene Sets,6,Negative regulation of the PI3K/AKT network,,-4.641704603877829,4.001188746532823,5.499331114844382,30293,113,871,13,1.492537313432836,0.41085453736577654,1839|2066|2069|2252|2263|3084|4233|5155|5156|8870|9846|10718|57761,HBEGF|ERBB4|EREG|FGF7|FGFR2|NRG1|MET|PDGFB|PDGFRA|IER3|GAB2|NRG3|TRIB3,-3.054647356143784,0,13,0,0,-6.700014640969763,17.389781859931112,
1,-4.504007628016145,R-HSA-1250347,M1,1,0,Reactome Gene Sets,6,SHC1 events in ERBB4 signaling,,-4.504007628016145,12.42127275709365,7.3543570892282695,30293,14,871,5,0.574052812858783,0.25598629558863717,1839|2066|2069|3084|10718,HBEGF|ERBB4|EREG|NRG1|NRG3,-2.9421339263003485,0,13,0,0,-6.700014640969763,17.389781859931112,
1,-4.3432726100219785,R-HSA-2219528,M1,1,0,Reactome Gene Sets,6,PI3K/AKT Signaling in Cancer,,-4.3432726100219785,4.013026583061026,5.295807926411621,30293,104,871,12,1.3777267508610793,0.3949662371102448,1839|2066|2069|2252|2263|2308|3084|4233|5155|5156|9846|10718,HBEGF|ERBB4|EREG|FGF7|FGFR2|FOXO1|NRG1|MET|PDGFB|PDGFRA|GAB2|NRG3,-2.811682987649575,0,13,0,0,-6.700014640969763,17.389781859931112,
1,-4.338324312911965,R-HSA-6785631,M1,1,0,Reactome Gene Sets,6,ERBB2 Regulates Cell Motility,,-4.338324312911965,11.59318790662074,7.060666021045324,30293,15,871,5,0.574052812858783,0.25598629558863717,1839|2066|2069|3084|10718,HBEGF|ERBB4|EREG|NRG1|NRG3,-2.811682987649575,0,13,0,0,-6.700014640969763,17.389781859931112,
1,-4.2610940491596505,R-HSA-6811558,M1,1,0,Reactome Gene Sets,6,"PI5P, PP2A and IER3 Regulate PI3K/AKT Signaling",,-4.2610940491596505,3.937309100361762,5.212301896245895,30293,106,871,12,1.3777267508610793,0.3949662371102448,1839|2066|2069|2252|2263|3084|4233|5155|5156|8870|9846|10718,HBEGF|ERBB4|EREG|FGF7|FGFR2|NRG1|MET|PDGFB|PDGFRA|IER3|GAB2|NRG3,-2.7406466543650003,0,13,0,0,-6.700014640969763,17.389781859931112,
1,-4.185997528591501,R-HSA-1963640,M1,1,0,Reactome Gene Sets,6,GRB2 events in ERBB2 signaling,,-4.185997528591501,10.868613662456944,6.7935484089682285,30293,16,871,5,0.574052812858783,0.25598629558863717,1839|2066|2069|3084|10718,HBEGF|ERBB4|EREG|NRG1|NRG3,-2.6813504970352784,0,13,0,0,-6.700014640969763,17.389781859931112,
1,-4.185997528591501,R-HSA-1963642,M1,1,0,Reactome Gene Sets,6,PI3K events in ERBB2 signaling,,-4.185997528591501,10.868613662456944,6.7935484089682285,30293,16,871,5,0.574052812858783,0.25598629558863717,1839|2066|2069|3084|10718,HBEGF|ERBB4|EREG|NRG1|NRG3,-2.6813504970352784,0,13,0,0,-6.700014640969763,17.389781859931112,
1,-3.9782168128080415,R-HSA-9006925,M1,1,0,Reactome Gene Sets,6,Intracellular signaling by second messengers,,-3.9782168128080415,2.4682271026999003,4.470679093348524,30293,310,871,22,2.5258323765786455,0.5316648552683777,108|805|1839|1958|2066|2069|2252|2263|2308|3084|3708|4233|5155|5156|6591|8870|9846|10718|57761|58528|80243|196883,ADCY2|CALM2|HBEGF|EGR1|ERBB4|EREG|FGF7|FGFR2|FOXO1|NRG1|ITPR1|MET|PDGFB|PDGFRA|SNAI2|IER3|GAB2|NRG3|TRIB3|RRAGD|PREX2|ADCY4,-2.509567434523338,0,13,0,0,-6.700014640969763,17.389781859931112,
1,-3.6858775662169516,R-HSA-5683057,M1,1,0,Reactome Gene Sets,6,MAPK family signaling cascades,,-3.6858775662169516,2.3543089287291354,4.223451372197195,30293,325,871,22,2.5258323765786455,0.5316648552683777,284|805|1839|1844|2066|2069|2244|2252|2263|2308|2668|2674|3084|3315|4233|4747|5155|5156|10602|10718|22808|54756,ANGPT1|CALM2|HBEGF|DUSP2|ERBB4|EREG|FGB|FGF7|FGFR2|FOXO1|GDNF|GFRA1|NRG1|HSPB1|MET|NEFL|PDGFB|PDGFRA|CDC42EP3|NRG3|MRAS|IL17RD,-2.2419549325482873,0,13,0,0,-6.700014640969763,17.389781859931112,
1,-3.4680082113461155,R-HSA-1250196,M1,1,0,Reactome Gene Sets,6,SHC1 events in ERBB2 signaling,,-3.4680082113461155,7.904446299968686,5.5739589832580005,30293,22,871,5,0.574052812858783,0.25598629558863717,1839|2066|2069|3084|10718,HBEGF|ERBB4|EREG|NRG1|NRG3,-2.063476332673161,0,13,0,0,-6.700014640969763,17.389781859931112,
1,-3.4680082113461155,R-HSA-9665686,M1,1,0,Reactome Gene Sets,6,Signaling by ERBB2 TMD/JMD mutants,,-3.4680082113461155,7.904446299968686,5.5739589832580005,30293,22,871,5,0.574052812858783,0.25598629558863717,1839|2066|2069|3084|10718,HBEGF|ERBB4|EREG|NRG1|NRG3,-2.063476332673161,0,13,0,0,-6.700014640969763,17.389781859931112,
1,-3.2807823402427116,R-HSA-9620244,M1,1,0,Reactome Gene Sets,6,Long-term potentiation,,-3.2807823402427116,7.2457424416379625,5.266566972236544,30293,24,871,5,0.574052812858783,0.25598629558863717,805|2066|2890|3084|4747,CALM2|ERBB4|GRIA1|NRG1|NEFL,-1.9078849020755158,0,13,0,0,-6.700014640969763,17.389781859931112,
1,-3.277910422051563,R-HSA-5673001,M1,1,0,Reactome Gene Sets,6,RAF/MAP kinase cascade,,-3.277910422051563,2.360041823847794,3.9338113723782553,30293,280,871,19,2.1814006888633752,0.4949591592946317,284|805|1839|1844|2066|2069|2244|2252|2263|2668|2674|3084|4233|4747|5155|5156|10718|22808|54756,ANGPT1|CALM2|HBEGF|DUSP2|ERBB4|EREG|FGB|FGF7|FGFR2|GDNF|GFRA1|NRG1|MET|NEFL|PDGFB|PDGFRA|NRG3|MRAS|IL17RD,-1.9078849020755158,0,13,0,0,-6.700014640969763,17.389781859931112,
1,-3.194204227678049,R-HSA-9664565,M1,1,0,Reactome Gene Sets,6,Signaling by ERBB2 KD Mutants,,-3.194204227678049,6.955912743972444,5.125820861384745,30293,25,871,5,0.574052812858783,0.25598629558863717,1839|2066|2069|3084|10718,HBEGF|ERBB4|EREG|NRG1|NRG3,-1.8492580389893385,0,13,0,0,-6.700014640969763,17.389781859931112,
1,-3.1664568713326466,R-HSA-5684996,M1,1,0,Reactome Gene Sets,6,MAPK1/MAPK3 signaling,,-3.1664568713326466,2.310530456913924,3.8313850641310037,30293,286,871,19,2.1814006888633752,0.4949591592946317,284|805|1839|1844|2066|2069|2244|2252|2263|2668|2674|3084|4233|4747|5155|5156|10718|22808|54756,ANGPT1|CALM2|HBEGF|DUSP2|ERBB4|EREG|FGB|FGF7|FGFR2|GDNF|GFRA1|NRG1|MET|NEFL|PDGFB|PDGFRA|NRG3|MRAS|IL17RD,-1.8288717822903053,0,13,0,0,-6.700014640969763,17.389781859931112,
1,-3.1117742555853503,R-HSA-1227990,M1,1,0,Reactome Gene Sets,6,Signaling by ERBB2 in Cancer,,-3.1117742555853503,6.688377638435043,4.992606779382422,30293,26,871,5,0.574052812858783,0.25598629558863717,1839|2066|2069|3084|10718,HBEGF|ERBB4|EREG|NRG1|NRG3,-1.7885473165898762,0,13,0,0,-6.700014640969763,17.389781859931112,
1,-3.0849915567111195,R-HSA-1257604,M1,1,0,Reactome Gene Sets,6,PIP3 activates AKT signaling,,-3.0849915567111195,2.335940846856418,3.7796368430483005,30293,268,871,18,2.0665901262916186,0.4820405081794677,1839|1958|2066|2069|2252|2263|2308|3084|4233|5155|5156|6591|8870|9846|10718|57761|58528|80243,HBEGF|EGR1|ERBB4|EREG|FGF7|FGFR2|FOXO1|NRG1|MET|PDGFB|PDGFRA|SNAI2|IER3|GAB2|NRG3|TRIB3|RRAGD|PREX2,-1.7652811914384825,0,13,0,0,-6.700014640969763,17.389781859931112,
1,-2.8861411521278213,R-HSA-8863795,M1,1,0,Reactome Gene Sets,6,Downregulation of ERBB2 signaling,,-2.8861411521278213,5.996476503424521,4.6316596689193235,30293,29,871,5,0.574052812858783,0.25598629558863717,1839|2066|2069|3084|10718,HBEGF|ERBB4|EREG|NRG1|NRG3,-1.6160239019470444,0,13,0,0,-6.700014640969763,17.389781859931112,
1,-2.3532465749400195,R-HSA-8848021,M1,1,0,Reactome Gene Sets,6,Signaling by PTK6,,-2.3532465749400195,3.864395968873581,3.6247927228500156,30293,54,871,6,0.6888633754305397,0.28025698554788286,1839|2034|2066|2069|3084|10718,HBEGF|EPAS1|ERBB4|EREG|NRG1|NRG3,-1.174875491406263,0,13,0,0,-6.700014640969763,17.389781859931112,
1,-2.3532465749400195,R-HSA-9006927,M1,1,0,Reactome Gene Sets,6,Signaling by Non-Receptor Tyrosine Kinases,,-2.3532465749400195,3.864395968873581,3.6247927228500156,30293,54,871,6,0.6888633754305397,0.28025698554788286,1839|2034|2066|2069|3084|10718,HBEGF|EPAS1|ERBB4|EREG|NRG1|NRG3,-1.174875491406263,0,13,0,0,-6.700014640969763,17.389781859931112,
1,-6.112473552585203,R-HSA-372790,M1,1,0,Reactome Gene Sets,6,Signaling by GPCR,,-6.112473552585203,2.207447626789563,5.597575099052708,30293,709,871,45,5.1664753157290475,0.750013443725563,108|133|146|150|388|805|976|1240|1268|1392|1604|1839|1902|1903|1906|1909|1910|2149|2151|2861|2917|3708|4886|5021|5142|5179|5999|6000|6001|6387|6751|6869|7225|7481|7852|8490|10267|23263|51384|53637|56670|57007|79924|163404|196883,ADCY2|ADM|ADRA1D|ADRA2A|RHOB|CALM2|ADGRE5|CMKLR1|CNR1|CRH|CD55|HBEGF|LPAR1|S1PR3|EDN1|EDNRA|EDNRB|F2R|F2RL2|GPR37|GRM7|ITPR1|NPY1R|OXTR|PDE4B|PENK|RGS4|RGS7|RGS10|CXCL12|SSTR1|TACR1|TRPC6|WNT11|CXCR4|RGS5|RAMP1|MCF2L|WNT16|S1PR5|SUCNR1|ACKR3|ADM2|PLPPR5|ADCY4,-4.332809957729918,0,14,1,1,-6.112473552585203,2.5155030363422366,
1,-5.16777682200106,R-HSA-500792,M1,1,0,Reactome Gene Sets,6,GPCR ligand binding,,-5.16777682200106,2.378089826999127,5.169483853286579,30293,468,871,32,3.6739380022962114,0.637424478122608,133|146|150|976|1240|1268|1392|1604|1902|1903|1906|1909|1910|2149|2151|2861|2917|4886|5021|5179|6387|6751|6869|7481|7852|10267|51384|53637|56670|57007|79924|163404,ADM|ADRA1D|ADRA2A|ADGRE5|CMKLR1|CNR1|CRH|CD55|LPAR1|S1PR3|EDN1|EDNRA|EDNRB|F2R|F2RL2|GPR37|GRM7|NPY1R|OXTR|PENK|CXCL12|SSTR1|TACR1|WNT11|CXCR4|RAMP1|WNT16|S1PR5|SUCNR1|ACKR3|ADM2|PLPPR5,-3.495007461060432,0,14,0,0,-6.112473552585203,2.5155030363422366,
1,-5.063319648531268,R-HSA-388396,M1,1,0,Reactome Gene Sets,6,GPCR downstream signalling,,-5.063319648531268,2.139436884975752,4.988771436480395,30293,634,871,39,4.477611940298507,0.7007558534746916,108|133|146|150|388|805|1268|1392|1839|1902|1903|1906|1909|1910|2149|2151|2861|2917|3708|4886|5021|5142|5179|5999|6000|6001|6387|6751|6869|7225|7852|8490|10267|23263|53637|56670|57007|79924|196883,ADCY2|ADM|ADRA1D|ADRA2A|RHOB|CALM2|CNR1|CRH|HBEGF|LPAR1|S1PR3|EDN1|EDNRA|EDNRB|F2R|F2RL2|GPR37|GRM7|ITPR1|NPY1R|OXTR|PDE4B|PENK|RGS4|RGS7|RGS10|CXCL12|SSTR1|TACR1|TRPC6|CXCR4|RGS5|RAMP1|MCF2L|S1PR5|SUCNR1|ACKR3|ADM2|ADCY4,-3.413615591659333,0,14,0,0,-6.112473552585203,2.5155030363422366,
1,-4.256151613509431,R-HSA-418594,M1,1,0,Reactome Gene Sets,6,G alpha (i) signalling events,,-4.256151613509431,2.5155030363422366,4.674419994138782,30293,318,871,23,2.640642939150402,0.5432936282119888,108|150|805|1268|1902|1903|2861|2917|3708|4886|5142|5179|5999|6000|6001|6387|6751|7852|8490|53637|56670|57007|196883,ADCY2|ADRA2A|CALM2|CNR1|LPAR1|S1PR3|GPR37|GRM7|ITPR1|NPY1R|PDE4B|PENK|RGS4|RGS7|RGS10|CXCL12|SSTR1|CXCR4|RGS5|S1PR5|SUCNR1|ACKR3|ADCY4,-2.7406466543650003,0,14,0,0,-6.112473552585203,2.5155030363422366,
1,-3.916123356872701,R-HSA-373076,M1,1,0,Reactome Gene Sets,6,Class A/1 (Rhodopsin-like receptors),,-3.916123356872701,2.3878506434532274,4.3948664501205625,30293,335,871,23,2.640642939150402,0.5432936282119888,146|150|1240|1268|1902|1903|1906|1909|1910|2149|2151|2861|4886|5021|5179|6387|6751|6869|7852|53637|56670|57007|163404,ADRA1D|ADRA2A|CMKLR1|CNR1|LPAR1|S1PR3|EDN1|EDNRA|EDNRB|F2R|F2RL2|GPR37|NPY1R|OXTR|PENK|CXCL12|SSTR1|TACR1|CXCR4|S1PR5|SUCNR1|ACKR3|PLPPR5,-2.452381313082742,0,14,0,0,-6.112473552585203,2.5155030363422366,
1,-2.669619106121357,R-HSA-375276,M1,1,0,Reactome Gene Sets,6,Peptide ligand-binding receptors,,-2.669619106121357,2.422457174517767,3.48135778086228,30293,201,871,14,1.6073478760045925,0.42611536684586326,1906|1909|1910|2149|2151|2861|4886|5021|5179|6387|6751|6869|7852|57007,EDN1|EDNRA|EDNRB|F2R|F2RL2|GPR37|NPY1R|OXTR|PENK|CXCL12|SSTR1|TACR1|CXCR4|ACKR3,-1.4238043904346611,0,14,0,0,-6.112473552585203,2.5155030363422366,
1,-2.3697336197244425,R-HSA-416476,M1,1,0,Reactome Gene Sets,6,G alpha (q) signalling events,,-2.3697336197244425,2.2438428206362726,3.1638966499988164,30293,217,871,14,1.6073478760045925,0.42611536684586326,146|1839|1902|1906|1909|1910|2149|2151|3708|5021|5999|6869|7225|8490,ADRA1D|HBEGF|LPAR1|EDN1|EDNRA|EDNRB|F2R|F2RL2|ITPR1|OXTR|RGS4|TACR1|TRPC6|RGS5,-1.1821805704443564,0,14,0,0,-6.112473552585203,2.5155030363422366,
1,-6.095940492690501,R-HSA-75205,M1,1,0,Reactome Gene Sets,6,Dissolution of Fibrin Clot,,-6.095940492690501,16.052106332244104,9.339593502953848,30293,13,871,6,0.6888633754305397,0.28025698554788286,5054|5055|5270|5327|5328|6281,SERPINE1|SERPINB2|SERPINE2|PLAT|PLAU|S100A10,-4.326261118741817,0,15,1,1,-6.095940492690501,16.052106332244104,
1,-5.652951300476566,R-HSA-447041,M1,1,0,Reactome Gene Sets,6,CHL1 interactions,,-5.652951300476566,19.321979844367903,9.458537565313295,30293,9,871,5,0.574052812858783,0.25598629558863717,3672|3673|8515|8829|10752,ITGA1|ITGA2|ITGA10|NRP1|CHL1,-3.9300153300702076,0,16,1,1,-5.652951300476566,19.321979844367903,
1,-3.7738369429644694,R-HSA-373760,M1,1,0,Reactome Gene Sets,6,L1CAM interactions,,-3.7738369429644694,3.507182896120561,4.714981685089681,30293,119,871,12,1.3777267508610793,0.3949662371102448,214|288|1759|1808|2048|3672|3673|3912|8515|8829|10752|100133941,ALCAM|ANK3|DNM1|DPYSL2|EPHB2|ITGA1|ITGA2|LAMB1|ITGA10|NRP1|CHL1|CD24,-2.3244927198751526,0,16,0,0,-5.652951300476566,19.321979844367903,
1,-2.0797235074182296,R-HSA-75892,M1,1,0,Reactome Gene Sets,6,Platelet Adhesion to exposed collagen,,-2.0797235074182296,6.955912743972446,3.969788047410555,30293,15,871,3,0.34443168771526983,0.19851496770813384,3672|3673|8515,ITGA1|ITGA2|ITGA10,-0.9654445333930644,0,16,0,0,-5.652951300476566,19.321979844367903,
1,-5.191808960039136,R-HSA-6794362,M1,1,0,Reactome Gene Sets,6,Protein-protein interactions at synapses,,-5.191808960039136,4.85296237951566,6.15640457728207,30293,86,871,12,1.3777267508610793,0.3949662371102448,320|2890|5789|5792|8499|9229|9369|10611|22829|22865|84631|91683,APBA1|GRIA1|PTPRD|PTPRF|PPFIA2|DLGAP1|NRXN3|PDLIM5|NLGN4Y|SLITRK3|SLITRK2|SYT12,-3.502952779205053,0,17,1,1,-5.191808960039136,4.85296237951566,
1,-2.313552621943116,R-HSA-6794361,M1,1,0,Reactome Gene Sets,6,Neurexins and neuroligins,,-2.313552621943116,3.7941342239849702,3.5685273876881642,30293,55,871,6,0.6888633754305397,0.28025698554788286,320|9229|9369|10611|22829|91683,APBA1|DLGAP1|NRXN3|PDLIM5|NLGN4Y|SYT12,-1.145933239322394,0,17,0,0,-5.191808960039136,4.85296237951566,
1,-5.069786287307512,R-HSA-3000170,M1,1,0,Reactome Gene Sets,6,Syndecan interactions,,-5.069786287307512,9.016923927371689,7.1704941663042625,30293,27,871,7,0.8036739380022963,0.30253711332446054,87|1281|3371|3673|7040|7057|9672,ACTN1|COL3A1|TNC|ITGA2|TGFB1|THBS1|SDC3,-3.413615591659333,0,18,1,1,-5.069786287307512,9.016923927371689,
1,-4.7421368051911,R-HSA-8874081,M1,1,0,Reactome Gene Sets,6,MET activates PTK2 signaling,,-4.7421368051911,8.11523153463452,6.708580436005672,30293,30,871,7,0.8036739380022963,0.30253711332446054,1281|3673|3675|3910|3912|4233|10319,COL3A1|ITGA2|ITGA3|LAMA4|LAMB1|MET|LAMC3,-3.121396444254482,0,19,1,1,-4.7421368051911,8.11523153463452,
1,-4.729817924030856,R-HSA-8875878,M1,1,0,Reactome Gene Sets,6,MET promotes cell motility,,-4.729817924030856,6.786256335582874,6.378954550059815,30293,41,871,8,0.9184845005740528,0.3232385566421909,1281|3673|3675|3910|3912|4233|10319|64759,COL3A1|ITGA2|ITGA3|LAMA4|LAMB1|MET|LAMC3|TNS3,-3.116026423049566,0,19,0,0,-4.7421368051911,8.11523153463452,
1,-2.7095915287390633,R-HSA-6806834,M1,1,0,Reactome Gene Sets,6,Signaling by MET,,-2.7095915287390633,3.52198113618858,3.8617861713243657,30293,79,871,8,0.9184845005740528,0.3232385566421909,1281|3673|3675|3910|3912|4233|10319|64759,COL3A1|ITGA2|ITGA3|LAMA4|LAMB1|MET|LAMC3|TNS3,-1.4578274805391662,0,19,0,0,-4.7421368051911,8.11523153463452,
1,-4.600544351511448,R-HSA-9758941,M1,1,0,Reactome Gene Sets,6,Gastrulation,,-4.600544351511448,3.9660905996334126,5.459104045317609,30293,114,871,13,1.492537313432836,0.41085453736577654,652|2043|2294|2296|2627|2637|3975|4851|5080|6657|7852|55534|130497,BMP4|EPHA4|FOXF1|FOXC1|GATA6|GBX2|LHX1|NOTCH1|PAX6|SOX2|CXCR4|MAML3|OSR1,-3.0325103410908327,0,20,1,1,-4.600544351511448,17.389781859931116,
1,-4.363292886739618,R-HSA-9761174,M1,1,0,Reactome Gene Sets,6,Formation of intermediate mesoderm,,-4.363292886739618,17.389781859931116,7.97703199317425,30293,8,871,4,0.4592422502870264,0.22909325978980305,652|2296|3975|130497,BMP4|FOXC1|LHX1|OSR1,-2.8252220996964463,0,20,0,0,-4.600544351511448,17.389781859931116,
1,-4.420557356715932,R-HSA-445355,M1,1,0,Reactome Gene Sets,6,Smooth Muscle Contraction,,-4.420557356715932,6.18303355019773,5.986581520957903,30293,45,871,8,0.9184845005740528,0.3232385566421909,59|805|2983|3672|4629|4638|10580|103910,ACTA2|CALM2|GUCY1B1|ITGA1|MYH11|MYLK|SORBS1|MYL12B,-2.864757802712328,0,21,1,1,-4.420557356715932,7.2457424416379625,
1,-3.2807823402427116,R-HSA-5627123,M1,1,0,Reactome Gene Sets,6,RHO GTPases activate PAKs,,-3.2807823402427116,7.2457424416379625,5.266566972236544,30293,24,871,5,0.574052812858783,0.25598629558863717,805|4627|4629|4638|103910,CALM2|MYH9|MYH11|MYLK|MYL12B,-1.9078849020755158,0,21,0,0,-4.420557356715932,7.2457424416379625,
1,-3.194204227678049,R-HSA-400685,M1,1,0,Reactome Gene Sets,6,Sema4D in semaphorin signaling,,-3.194204227678049,6.955912743972444,5.125820861384745,30293,25,871,5,0.574052812858783,0.25598629558863717,388|4233|4627|4629|103910,RHOB|MET|MYH9|MYH11|MYL12B,-1.8492580389893385,0,21,0,0,-4.420557356715932,7.2457424416379625,
1,-2.8172523126170868,R-HSA-3928663,M1,1,0,Reactome Gene Sets,6,EPHA-mediated growth cone collapse,,-2.8172523126170868,5.79659395331037,4.522458081372039,30293,30,871,5,0.574052812858783,0.25598629558863717,2043|2045|4627|4629|103910,EPHA4|EPHA7|MYH9|MYH11|MYL12B,-1.5533393748375945,0,21,0,0,-4.420557356715932,7.2457424416379625,
1,-2.6426960653692944,R-HSA-5625900,M1,1,0,Reactome Gene Sets,6,RHO GTPases activate CIT,,-2.6426960653692944,6.955912743972446,4.5842949282111185,30293,20,871,4,0.4592422502870264,0.22909325978980305,388|4627|4629|103910,RHOB|MYH9|MYH11|MYL12B,-1.4085409622275917,0,21,0,0,-4.420557356715932,7.2457424416379625,
1,-2.6426960653692944,R-HSA-5627117,M1,1,0,Reactome Gene Sets,6,RHO GTPases Activate ROCKs,,-2.6426960653692944,6.955912743972446,4.5842949282111185,30293,20,871,4,0.4592422502870264,0.22909325978980305,388|4627|4629|103910,RHOB|MYH9|MYH11|MYL12B,-1.4085409622275917,0,21,0,0,-4.420557356715932,7.2457424416379625,
1,-2.5608256833681757,R-HSA-416572,M1,1,0,Reactome Gene Sets,6,Sema4D induced cell migration and growth-cone collapse,,-2.5608256833681757,6.624678803783282,4.436329276521826,30293,21,871,4,0.4592422502870264,0.22909325978980305,388|4627|4629|103910,RHOB|MYH9|MYH11|MYL12B,-1.3490907572537552,0,21,0,0,-4.420557356715932,7.2457424416379625,
1,-2.298027156376072,R-HSA-2682334,M1,1,0,Reactome Gene Sets,6,EPH-Ephrin signaling,,-2.298027156376072,3.024309888683672,3.345778643195811,30293,92,871,8,0.9184845005740528,0.3232385566421909,1759|2043|2045|2048|4313|4627|4629|103910,DNM1|EPHA4|EPHA7|EPHB2|MMP2|MYH9|MYH11|MYL12B,-1.140167611044506,0,21,0,0,-4.420557356715932,7.2457424416379625,
1,-4.363292886739618,R-HSA-3656244,M1,1,0,Reactome Gene Sets,6,Defective B4GALT1 causes B4GALT1-CDG (CDG-2d),,-4.363292886739618,17.389781859931116,7.97703199317425,30293,8,871,4,0.4592422502870264,0.22909325978980305,2683|4060|4958|4969,B4GALT1|LUM|OMD|OGN,-2.8252220996964463,0,22,1,1,-4.363292886739618,17.389781859931116,
1,-2.924279403979743,R-HSA-3656225,M1,1,0,Reactome Gene Sets,6,Defective CHST6 causes MCDC1,,-2.924279403979743,13.042336394948336,5.86109708573469,30293,8,871,3,0.34443168771526983,0.19851496770813384,4060|4958|4969,LUM|OMD|OGN,-1.6446862619150884,0,22,0,0,-4.363292886739618,17.389781859931116,
1,-2.924279403979743,R-HSA-3656243,M1,1,0,Reactome Gene Sets,6,Defective ST3GAL3 causes MCT12 and EIEE15,,-2.924279403979743,13.042336394948336,5.86109708573469,30293,8,871,3,0.34443168771526983,0.19851496770813384,4060|4958|4969,LUM|OMD|OGN,-1.6446862619150884,0,22,0,0,-4.363292886739618,17.389781859931116,
1,-2.095669219607225,R-HSA-2022854,M1,1,0,Reactome Gene Sets,6,Keratan sulfate biosynthesis,,-2.095669219607225,4.968509102837461,3.614706277895402,30293,28,871,4,0.4592422502870264,0.22909325978980305,2683|4060|4958|4969,B4GALT1|LUM|OMD|OGN,-0.9747932405288289,0,22,0,0,-4.363292886739618,17.389781859931116,
1,-2.0797235074182296,R-HSA-2022857,M1,1,0,Reactome Gene Sets,6,Keratan sulfate degradation,,-2.0797235074182296,6.955912743972446,3.969788047410555,30293,15,871,3,0.34443168771526983,0.19851496770813384,4060|4958|4969,LUM|OMD|OGN,-0.9654445333930644,0,22,0,0,-4.363292886739618,17.389781859931116,
1,-4.089881458216924,R-HSA-382551,M1,1,0,Reactome Gene Sets,6,Transport of small molecules,,-4.089881458216924,1.9135936021932447,4.290035882894777,30293,727,871,40,4.592422502870264,0.7092564190870986,19|21|108|348|649|805|861|1356|2030|2495|2512|5125|5243|6507|6509|6513|6520|6529|6533|6536|6541|6546|6578|6581|7225|7436|8029|8140|9635|10350|10351|23657|51129|55240|57194|79901|155066|169026|196883|348938,ABCA1|ABCA3|ADCY2|APOE|BMP1|CALM2|RUNX1|CP|SLC29A1|FTH1|FTL|PCSK5|ABCB1|SLC1A3|SLC1A4|SLC2A1|SLC3A2|SLC6A1|SLC6A6|SLC6A9|SLC7A1|SLC8A1|SLCO2A1|SLC22A3|TRPC6|VLDLR|CUBN|SLC7A5|CLCA2|ABCA9|ABCA8|SLC7A11|ANGPTL4|STEAP3|ATP10A|CYBRD1|ATP6V0E2|SLC30A8|ADCY4|NIPAL4,-2.5920008671943706,0,23,1,1,-4.089881458216924,6.3235570399749506,
1,-3.5028103652943146,R-HSA-425407,M1,1,0,Reactome Gene Sets,6,SLC-mediated transmembrane transport,,-3.5028103652943146,2.534543105091174,4.166498150601458,30293,247,871,18,2.0665901262916186,0.4820405081794677,805|861|1356|2030|6507|6509|6513|6520|6529|6533|6536|6541|6546|6578|6581|8140|23657|169026,CALM2|RUNX1|CP|SLC29A1|SLC1A3|SLC1A4|SLC2A1|SLC3A2|SLC6A1|SLC6A6|SLC6A9|SLC7A1|SLC8A1|SLCO2A1|SLC22A3|SLC7A5|SLC7A11|SLC30A8,-2.086375248773025,0,23,0,0,-4.089881458216924,6.3235570399749506,
1,-3.499507299207897,R-HSA-352230,M1,1,0,Reactome Gene Sets,6,Amino acid transport across the plasma membrane,,-3.499507299207897,6.3235570399749506,5.264551467852292,30293,33,871,6,0.6888633754305397,0.28025698554788286,6509|6520|6533|6541|8140|23657,SLC1A4|SLC3A2|SLC6A6|SLC7A1|SLC7A5|SLC7A11,-2.086375248773025,0,23,0,0,-4.089881458216924,6.3235570399749506,
1,-2.3976588694144345,R-HSA-425393,M1,1,0,Reactome Gene Sets,6,Transport of inorganic cations/anions and amino acids/oligopeptides,,-2.3976588694144345,2.8982969766551854,3.400301286045097,30293,108,871,9,1.0332950631458093,0.34264756913288386,805|6507|6509|6520|6533|6541|6546|8140|23657,CALM2|SLC1A3|SLC1A4|SLC3A2|SLC6A6|SLC7A1|SLC8A1|SLC7A5|SLC7A11,-1.2020107631934687,0,23,0,0,-4.089881458216924,6.3235570399749506,
1,-4.079235785565109,R-HSA-373752,M1,1,0,Reactome Gene Sets,6,Netrin-1 signaling,,-4.079235785565109,5.564730195177957,5.558077990696366,30293,50,871,8,0.9184845005740528,0.3232385566421909,3983|6586|7225|8633|59277|116986|219699|285704,ABLIM1|SLIT3|TRPC6|UNC5C|NTN4|AGAP2|UNC5B|RGMB,-2.5903830211921184,0,24,1,1,-4.079235785565109,5.564730195177957,
1,-4.045122897508074,R-HSA-6788467,M1,1,0,Reactome Gene Sets,6,IL-6-type cytokine receptor ligand interactions,,-4.045122897508074,10.2292834470183,6.5490778430188685,30293,17,871,5,0.574052812858783,0.25598629558863717,3589|3976|3977|9180|9244,IL11|LIF|LIFR|OSMR|CRLF1,-2.5614097727874947,0,25,1,1,-4.045122897508074,10.2292834470183,
1,-3.2807823402427116,R-HSA-6783589,M1,1,0,Reactome Gene Sets,6,Interleukin-6 family signaling,,-3.2807823402427116,7.2457424416379625,5.266566972236544,30293,24,871,5,0.574052812858783,0.25598629558863717,3589|3976|3977|9180|9244,IL11|LIF|LIFR|OSMR|CRLF1,-1.9078849020755158,0,25,0,0,-4.045122897508074,10.2292834470183,
1,-3.6773633776943115,R-HSA-388844,M1,1,0,Reactome Gene Sets,6,Receptor-type tyrosine-protein phosphatases,,-3.6773633776943115,8.694890929965556,5.922794872889769,30293,20,871,5,0.574052812858783,0.25598629558863717,5789|5792|8499|22865|84631,PTPRD|PTPRF|PPFIA2|SLITRK3|SLITRK2,-2.2419549325482873,0,26,1,1,-3.6773633776943115,8.694890929965556,
1,-3.6773633776943115,R-HSA-2022870,M1,1,0,Reactome Gene Sets,6,Chondroitin sulfate biosynthesis,,-3.6773633776943115,8.694890929965556,5.922794872889769,30293,20,871,5,0.574052812858783,0.25598629558863717,1464|1634|50515|63827|83539,CSPG4|DCN|CHST11|BCAN|CHST9,-2.2419549325482873,0,27,1,1,-3.6773633776943115,13.042336394948336,
1,-2.924279403979743,R-HSA-3595172,M1,1,0,Reactome Gene Sets,6,Defective CHST3 causes SEDCJD,,-2.924279403979743,13.042336394948336,5.86109708573469,30293,8,871,3,0.34443168771526983,0.19851496770813384,1464|1634|63827,CSPG4|DCN|BCAN,-1.6446862619150884,0,27,0,0,-3.6773633776943115,13.042336394948336,
1,-2.924279403979743,R-HSA-3595174,M1,1,0,Reactome Gene Sets,6,"Defective CHST14 causes EDS, musculocontractural type",,-2.924279403979743,13.042336394948336,5.86109708573469,30293,8,871,3,0.34443168771526983,0.19851496770813384,1464|1634|63827,CSPG4|DCN|BCAN,-1.6446862619150884,0,27,0,0,-3.6773633776943115,13.042336394948336,
1,-2.924279403979743,R-HSA-3595177,M1,1,0,Reactome Gene Sets,6,Defective CHSY1 causes TPBS,,-2.924279403979743,13.042336394948336,5.86109708573469,30293,8,871,3,0.34443168771526983,0.19851496770813384,1464|1634|63827,CSPG4|DCN|BCAN,-1.6446862619150884,0,27,0,0,-3.6773633776943115,13.042336394948336,
1,-2.4830405906541064,R-HSA-2022923,M1,1,0,Reactome Gene Sets,6,Dermatan sulfate biosynthesis,,-2.4830405906541064,9.485335559962426,4.842950638789611,30293,11,871,3,0.34443168771526983,0.19851496770813384,1464|1634|63827,CSPG4|DCN|BCAN,-1.2794235547618653,0,27,0,0,-3.6773633776943115,13.042336394948336,
1,-2.167352466765026,R-HSA-2024101,M1,1,0,Reactome Gene Sets,6,CS/DS degradation,,-2.167352466765026,7.452763654256192,4.155047264440741,30293,14,871,3,0.34443168771526983,0.19851496770813384,1464|1634|63827,CSPG4|DCN|BCAN,-1.0375216450337035,0,27,0,0,-3.6773633776943115,13.042336394948336,
1,-3.6678237558548505,R-HSA-418990,M1,1,0,Reactome Gene Sets,6,Adherens junctions interactions,,-3.6678237558548505,4.881342276471893,5.046545093232108,30293,57,871,8,0.9184845005740528,0.3232385566421909,1000|1004|1006|2294|23705|51129|57863|80332,CDH2|CDH6|CDH8|FOXF1|CADM1|ANGPTL4|CADM3|ADAM33,-2.236962938459547,0,28,1,1,-3.6678237558548505,9.485335559962426,
1,-2.4830405906541064,R-HSA-9762292,M1,1,0,Reactome Gene Sets,6,Regulation of CDH11 function,,-2.4830405906541064,9.485335559962426,4.842950638789611,30293,11,871,3,0.34443168771526983,0.19851496770813384,1006|51129|80332,CDH8|ANGPTL4|ADAM33,-1.2794235547618653,0,28,0,0,-3.6678237558548505,9.485335559962426,
1,-2.415582560112703,R-HSA-421270,M1,1,0,Reactome Gene Sets,6,Cell-cell junction organization,,-2.415582560112703,3.1617785199874757,3.4942185850458274,30293,88,871,8,0.9184845005740528,0.3232385566421909,1000|1004|1006|2294|23705|51129|57863|80332,CDH2|CDH6|CDH8|FOXF1|CADM1|ANGPTL4|CADM3|ADAM33,-1.2172943577255289,0,28,0,0,-3.6678237558548505,9.485335559962426,
1,-2.2193611349656073,R-HSA-446728,M1,1,0,Reactome Gene Sets,6,Cell junction organization,,-2.2193611349656073,2.7218788998153043,3.183048479703174,30293,115,871,9,1.0332950631458093,0.34264756913288386,87|1000|1004|1006|2294|23705|51129|57863|80332,ACTN1|CDH2|CDH6|CDH8|FOXF1|CADM1|ANGPTL4|CADM3|ADAM33,-1.0689711092452678,0,28,0,0,-3.6678237558548505,9.485335559962426,
1,-2.095669219607225,R-HSA-9759475,M1,1,0,Reactome Gene Sets,6,Regulation of CDH11 Expression and Function,,-2.095669219607225,4.968509102837461,3.614706277895402,30293,28,871,4,0.4592422502870264,0.22909325978980305,1006|2294|51129|80332,CDH8|FOXF1|ANGPTL4|ADAM33,-0.9747932405288289,0,28,0,0,-3.6678237558548505,9.485335559962426,
1,-3.544976712978801,R-HSA-6785807,M1,1,0,Reactome Gene Sets,6,Interleukin-4 and Interleukin-13 signaling,,-3.544976712978801,3.5423629714674494,4.553976636841306,30293,108,871,11,1.2629161882893227,0.37837142943293706,2308|3976|4312|4313|5292|6657|7040|7076|7291|7412|7431,FOXO1|LIF|MMP1|MMP2|PIM1|SOX2|TGFB1|TIMP1|TWIST1|VCAM1|VIM,-2.118616396810174,0,29,1,1,-3.544976712978801,6.3235570399749506,
1,-3.499507299207897,R-HSA-1592389,M1,1,0,Reactome Gene Sets,6,Activation of Matrix Metalloproteinases,,-3.499507299207897,6.3235570399749506,5.264551467852292,30293,33,871,6,0.6888633754305397,0.28025698554788286,4312|4313|4320|4322|4325|7076,MMP1|MMP2|MMP11|MMP13|MMP16|TIMP1,-2.086375248773025,0,29,0,0,-3.544976712978801,6.3235570399749506,
1,-3.286142420118859,R-HSA-390522,M1,1,0,Reactome Gene Sets,6,Striated Muscle Contraction,,-3.286142420118859,5.796593953310372,4.954595791222183,30293,36,871,6,0.6888633754305397,0.28025698554788286,58|70|1674|7134|7138|7431,ACTA1|ACTC1|DES|TNNC1|TNNT1|VIM,-1.9078849020755158,0,30,1,1,-3.286142420118859,5.796593953310372,
1,-3.267938509026968,R-HSA-419408,M1,1,0,Reactome Gene Sets,6,Lysosphingolipid and LPA receptors,,-3.267938509026968,9.937018205674923,5.754702176834505,30293,14,871,4,0.4592422502870264,0.22909325978980305,1902|1903|53637|163404,LPAR1|S1PR3|S1PR5|PLPPR5,-1.9078849020755158,0,31,1,1,-3.267938509026968,9.937018205674923,
1,-3.194204227678049,R-HSA-210991,M1,1,0,Reactome Gene Sets,6,Basigin interactions,,-3.194204227678049,6.955912743972444,5.125820861384745,30293,25,871,5,0.574052812858783,0.25598629558863717,3675|4312|6520|8140|23657,ITGA3|MMP1|SLC3A2|SLC7A5|SLC7A11,-1.8492580389893385,0,32,1,1,-3.194204227678049,6.955912743972444,
1,-2.6837092973476184,R-HSA-202733,M1,1,0,Reactome Gene Sets,6,Cell surface interactions at the vascular wall,,-2.6837092973476184,2.792519714733464,3.6180479073440237,30293,137,871,11,1.2629161882893227,0.37837142943293706,284|2621|2817|3675|4312|6520|7040|8140|9672|23657|140885,ANGPT1|GAS6|GPC1|ITGA3|MMP1|SLC3A2|TGFB1|SLC7A5|SDC3|SLC7A11|SIRPA,-1.4349301026971835,0,32,0,0,-3.194204227678049,6.955912743972444,
1,-3.194204227678049,R-HSA-9013508,M1,1,0,Reactome Gene Sets,6,NOTCH3 Intracellular Domain Regulates Transcription,,-3.194204227678049,6.955912743972444,5.125820861384745,30293,25,871,5,0.574052812858783,0.25598629558863717,2173|4851|4854|23462|55534,FABP7|NOTCH1|NOTCH3|HEY1|MAML3,-1.8492580389893385,0,33,1,1,-3.194204227678049,7.452763654256192,
1,-2.975708533899753,R-HSA-186712,M1,1,0,Reactome Gene Sets,6,Regulation of beta-cell development,,-2.975708533899753,5.089692251687156,4.508607895024443,30293,41,871,6,0.6888633754305397,0.28025698554788286,2308|4821|4851|5080|6928|55534,FOXO1|NKX2-2|NOTCH1|PAX6|HNF1B|MAML3,-1.6663802044208378,0,33,0,0,-3.194204227678049,7.452763654256192,
1,-2.6426960653692944,R-HSA-9013695,M1,1,0,Reactome Gene Sets,6,NOTCH4 Intracellular Domain Regulates Transcription,,-2.6426960653692944,6.955912743972446,4.5842949282111185,30293,20,871,4,0.4592422502870264,0.22909325978980305,59|4851|23462|55534,ACTA2|NOTCH1|HEY1|MAML3,-1.4085409622275917,0,33,0,0,-3.194204227678049,7.452763654256192,
1,-2.567233066156326,R-HSA-9012852,M1,1,0,Reactome Gene Sets,6,Signaling by NOTCH3,,-2.567233066156326,4.258722088146396,3.92792064887134,30293,49,871,6,0.6888633754305397,0.28025698554788286,182|2173|4851|4854|23462|55534,JAG1|FABP7|NOTCH1|NOTCH3|HEY1|MAML3,-1.3500006681306878,0,33,0,0,-3.194204227678049,7.452763654256192,
1,-2.167352466765026,R-HSA-8941856,M1,1,0,Reactome Gene Sets,6,RUNX3 regulates NOTCH signaling,,-2.167352466765026,7.452763654256192,4.155047264440741,30293,14,871,3,0.34443168771526983,0.19851496770813384,182|4851|55534,JAG1|NOTCH1|MAML3,-1.0375216450337035,0,33,0,0,-3.194204227678049,7.452763654256192,
1,-3.1854226429984274,R-HSA-9012999,M1,1,0,Reactome Gene Sets,6,RHO GTPase cycle,,-3.1854226429984274,2.013961373533225,3.724371733632476,30293,449,871,26,2.985074626865672,0.5766174696166088,70|87|182|388|1832|2697|5099|5783|7112|7431|9411|9590|9644|9732|10602|11075|22865|23263|54443|55075|55240|57514|57636|80243|153478|347902,ACTC1|ACTN1|JAG1|RHOB|DSP|GJA1|PCDH7|PTPN13|TMPO|VIM|ARHGAP29|AKAP12|SH3PXD2A|DOCK4|CDC42EP3|STMN2|SLITRK3|MCF2L|ANLN|UACA|STEAP3|ARHGAP31|ARHGAP23|PREX2|PLEKHG4B|AMIGO2,-1.8441725998696807,0,34,1,1,-3.1854226429984274,2.013961373533225,
1,-2.4324051252644954,R-HSA-9716542,M1,1,0,Reactome Gene Sets,6,"Signaling by Rho GTPases, Miro GTPases and RHOBTB3",,-2.4324051252644954,1.6378187901320163,2.9844881479888206,30293,722,871,34,3.9035591274397246,0.656258520371175,70|87|182|388|701|805|1832|2697|4627|4629|4638|5099|5783|7112|7431|9411|9590|9644|9732|10602|11075|22836|22865|23263|54443|55075|55240|57514|57636|80243|103910|153478|347902|401541,ACTC1|ACTN1|JAG1|RHOB|BUB1B|CALM2|DSP|GJA1|MYH9|MYH11|MYLK|PCDH7|PTPN13|TMPO|VIM|ARHGAP29|AKAP12|SH3PXD2A|DOCK4|CDC42EP3|STMN2|RHOBTB3|SLITRK3|MCF2L|ANLN|UACA|STEAP3|ARHGAP31|ARHGAP23|PREX2|MYL12B|PLEKHG4B|AMIGO2|CENPP,-1.2314606792335812,0,34,0,0,-3.1854226429984274,2.013961373533225,
1,-2.329453875313331,R-HSA-194315,M1,1,0,Reactome Gene Sets,6,Signaling by Rho GTPases,,-2.329453875313331,1.6256736582938436,2.8942544629746356,30293,706,871,33,3.788748564867968,0.6469217411320032,70|87|182|388|701|805|1832|2697|4627|4629|4638|5099|5783|7112|7431|9411|9590|9644|9732|10602|11075|22865|23263|54443|55075|55240|57514|57636|80243|103910|153478|347902|401541,ACTC1|ACTN1|JAG1|RHOB|BUB1B|CALM2|DSP|GJA1|MYH9|MYH11|MYLK|PCDH7|PTPN13|TMPO|VIM|ARHGAP29|AKAP12|SH3PXD2A|DOCK4|CDC42EP3|STMN2|SLITRK3|MCF2L|ANLN|UACA|STEAP3|ARHGAP31|ARHGAP23|PREX2|MYL12B|PLEKHG4B|AMIGO2|CENPP,-1.1593598735647535,0,34,0,0,-3.1854226429984274,2.013961373533225,
1,-3.14320175369395,R-HSA-3772470,M1,1,0,Reactome Gene Sets,6,Negative regulation of TCF-dependent signaling by WNT ligand antagonists,,-3.14320175369395,9.274550325296595,5.515227034227939,30293,15,871,4,0.4592422502870264,0.22909325978980305,6422|6423|22943|27123,SFRP1|SFRP2|DKK1|DKK2,-1.8092509493067026,0,35,1,1,-3.14320175369395,9.274550325296595,
1,-2.9580275230747497,R-HSA-9619665,M1,1,0,Reactome Gene Sets,6,EGR2 and SOX10-mediated initiation of Schwann cell myelination,,-2.9580275230747497,6.210636378546825,4.746094702390003,30293,28,871,5,0.574052812858783,0.25598629558863717,1821|1959|3912|5454|57211,DRP2|EGR2|LAMB1|POU3F2|ADGRG6,-1.6523289614114827,0,36,1,1,-2.9580275230747497,6.210636378546825,
1,-2.9548713015471058,R-HSA-9006931,M1,1,0,Reactome Gene Sets,6,Signaling by Nuclear Receptors,,-2.9548713015471058,2.2174889620046385,3.634006396541102,30293,298,871,19,2.1814006888633752,0.4949591592946317,19|220|348|805|861|1381|1509|1839|1903|2066|2069|3315|4313|6319|6387|8877|10123|23189|157506,ABCA1|ALDH1A3|APOE|CALM2|RUNX1|CRABP1|CTSD|HBEGF|S1PR3|ERBB4|EREG|HSPB1|MMP2|SCD|CXCL12|SPHK1|ARL4C|KANK1|RDH10,-1.6523289614114827,0,37,1,1,-2.9548713015471058,3.1617785199874753,
1,-2.1755434191102525,R-HSA-9009391,M1,1,0,Reactome Gene Sets,6,Extra-nuclear estrogen signaling,,-2.1755434191102525,3.1617785199874753,3.2679471916756753,30293,77,871,7,0.8036739380022963,0.30253711332446054,805|1839|1903|2069|3315|4313|8877,CALM2|HBEGF|S1PR3|EREG|HSPB1|MMP2|SPHK1,-1.0375216450337035,0,37,0,0,-2.9548713015471058,3.1617785199874753,
1,-2.924279403979743,R-HSA-5632681,M1,1,0,Reactome Gene Sets,6,Ligand-receptor interactions,,-2.924279403979743,13.042336394948336,5.86109708573469,30293,8,871,3,0.34443168771526983,0.19851496770813384,2619|64399|91653,GAS1|HHIP|BOC,-1.6446862619150884,0,38,1,1,-2.924279403979743,13.042336394948336,
1,-2.8861411521278213,R-HSA-5683826,M1,1,0,Reactome Gene Sets,6,Surfactant metabolism,,-2.8861411521278213,5.996476503424521,4.6316596689193235,30293,29,871,5,0.574052812858783,0.25598629558863717,21|150|2627|29995|51816,ABCA3|ADRA2A|GATA6|LMCD1|ADA2,-1.6160239019470444,0,39,1,1,-2.8861411521278213,5.996476503424521,
1,-2.875475343529011,R-HSA-166658,M1,1,0,Reactome Gene Sets,6,Complement cascade,,-2.875475343529011,4.197533552397165,4.193832458564525,30293,58,871,7,0.8036739380022963,0.30253711332446054,710|715|1191|1604|3075|5648|10878,SERPING1|C1R|CLU|CD55|CFH|MASP1|CFHR3,-1.6084713287723769,0,40,1,1,-2.875475343529011,4.439944304663263,
1,-2.660920171926628,R-HSA-977606,M1,1,0,Reactome Gene Sets,6,Regulation of Complement cascade,,-2.660920171926628,4.439944304663263,4.060722595998141,30293,47,871,6,0.6888633754305397,0.28025698554788286,710|715|1191|1604|3075|10878,SERPING1|C1R|CLU|CD55|CFH|CFHR3,-1.4180498368867134,0,40,0,0,-2.875475343529011,4.439944304663263,
1,-2.7511483545544397,R-HSA-399719,M1,1,0,Reactome Gene Sets,6,Trafficking of AMPA receptors,,-2.7511483545544397,5.609607051590681,4.418073074261699,30293,31,871,5,0.574052812858783,0.25598629558863717,2890|9495|27092|59283|80852,GRIA1|AKAP5|CACNG4|CACNG8|GRIP2,-1.4963787962148172,0,41,1,1,-2.7511483545544397,7.452763654256192,
1,-2.7511483545544397,R-HSA-399721,M1,1,0,Reactome Gene Sets,6,"Glutamate binding, activation of AMPA receptors and synaptic plasticity",,-2.7511483545544397,5.609607051590681,4.418073074261699,30293,31,871,5,0.574052812858783,0.25598629558863717,2890|9495|27092|59283|80852,GRIA1|AKAP5|CACNG4|CACNG8|GRIP2,-1.4963787962148172,0,41,0,0,-2.7511483545544397,7.452763654256192,
1,-2.567729959018391,R-HSA-5576892,M1,1,0,Reactome Gene Sets,6,Phase 0 - rapid depolarisation,,-2.567729959018391,5.11464172350915,4.13029578839277,30293,34,871,5,0.574052812858783,0.25598629558863717,805|2258|27092|59283|59284,CALM2|FGF13|CACNG4|CACNG8|CACNG7,-1.3500006681306878,0,41,0,0,-2.7511483545544397,7.452763654256192,
1,-2.167352466765026,R-HSA-5682910,M1,1,0,Reactome Gene Sets,6,LGI-ADAM interactions,,-2.167352466765026,7.452763654256192,4.155047264440741,30293,14,871,3,0.34443168771526983,0.19851496770813384,27092|55203|59283,CACNG4|LGI2|CACNG8,-1.0375216450337035,0,41,0,0,-2.7511483545544397,7.452763654256192,
1,-2.0797235074182296,R-HSA-5576893,M1,1,0,Reactome Gene Sets,6,Phase 2 - plateau phase,,-2.0797235074182296,6.955912743972446,3.969788047410555,30293,15,871,3,0.34443168771526983,0.19851496770813384,27092|59283|59284,CACNG4|CACNG8|CACNG7,-0.9654445333930644,0,41,0,0,-2.7511483545544397,7.452763654256192,
1,-2.6120050278675473,R-HSA-419812,M1,1,0,Reactome Gene Sets,6,Calcitonin-like ligand receptors,,-2.6120050278675473,10.433869115958668,5.133662981051025,30293,10,871,3,0.34443168771526983,0.19851496770813384,133|10267|79924,ADM|RAMP1|ADM2,-1.3892046756029668,0,42,1,1,-2.6120050278675473,10.433869115958668,
1,-2.2145155235358276,R-HSA-373080,M1,1,0,Reactome Gene Sets,6,Class B/2 (Secretin family receptors),,-2.2145155235358276,2.9288053658831354,3.2396498558981413,30293,95,871,8,0.9184845005740528,0.3232385566421909,133|976|1392|1604|7481|10267|51384|79924,ADM|ADGRE5|CRH|CD55|WNT11|RAMP1|WNT16|ADM2,-1.0689711092452678,0,42,0,0,-2.6120050278675473,10.433869115958668,
1,-2.6120050278675473,R-HSA-190377,M1,1,0,Reactome Gene Sets,6,FGFR2b ligand binding and activation,,-2.6120050278675473,10.433869115958668,5.133662981051025,30293,10,871,3,0.34443168771526983,0.19851496770813384,2252|2263|143282,FGF7|FGFR2|FGFBP3,-1.3892046756029668,0,43,1,1,-2.6120050278675473,10.433869115958668,
1,-2.0297317166199393,R-HSA-74752,M1,1,0,Reactome Gene Sets,6,Signaling by Insulin receptor,,-2.0297317166199393,2.9689871468175073,3.0718797631096453,30293,82,871,7,0.8036739380022963,0.30253711332446054,1509|2252|2263|5792|9846|57761|155066,CTSD|FGF7|FGFR2|PTPRF|GAB2|TRIB3|ATP6V0E2,-0.9176296618490485,0,43,0,0,-2.6120050278675473,10.433869115958668,
1,-2.6120050278675473,R-HSA-9702518,M1,1,0,Reactome Gene Sets,6,STAT5 activation downstream of FLT3 ITD mutants,,-2.6120050278675473,10.433869115958668,5.133662981051025,30293,10,871,3,0.34443168771526983,0.19851496770813384,5292|9846|50507,PIM1|GAB2|NOX4,-1.3892046756029668,0,44,1,1,-2.6120050278675473,10.433869115958668,
1,-2.5608256833681757,R-HSA-4641263,M1,1,0,Reactome Gene Sets,6,Regulation of FZD by ubiquitination,,-2.5608256833681757,6.624678803783282,4.436329276521826,30293,21,871,4,0.4592422502870264,0.22909325978980305,8549|54894|55366|84870,LGR5|RNF43|LGR4|RSPO3,-1.3490907572537552,0,45,1,1,-2.5608256833681757,6.624678803783282,
1,-2.4830405906541064,R-HSA-9823739,M1,1,0,Reactome Gene Sets,6,Formation of the anterior neural plate,,-2.4830405906541064,9.485335559962426,4.842950638789611,30293,11,871,3,0.34443168771526983,0.19851496770813384,2637|5080|6657,GBX2|PAX6|SOX2,-1.2794235547618653,0,46,1,1,-2.4830405906541064,9.485335559962426,
1,-2.3411568581086177,R-HSA-452723,M1,1,0,Reactome Gene Sets,6,Transcriptional regulation of pluripotent stem cells,,-2.3411568581086177,5.796593953310372,4.044608552111379,30293,24,871,4,0.4592422502870264,0.22909325978980305,2034|6299|6657|7547,EPAS1|SALL1|SOX2|ZIC3,-1.1685740559563453,0,46,0,0,-2.4830405906541064,9.485335559962426,
1,-2.2627923587316174,R-HSA-2892247,M1,1,0,Reactome Gene Sets,6,"POU5F1 (OCT4), SOX2, NANOG activate genes related to proliferation",,-2.2627923587316174,8.026053166122052,4.359554673165702,30293,13,871,3,0.34443168771526983,0.19851496770813384,6299|6657|7547,SALL1|SOX2|ZIC3,-1.1073388831659299,0,46,0,0,-2.4830405906541064,9.485335559962426,
1,-2.385497370989903,R-HSA-2980736,M1,1,0,Reactome Gene Sets,6,Peptide hormone metabolism,,-2.385497370989903,3.1262529186393015,3.4563256258266652,30293,89,871,8,0.9184845005740528,0.3232385566421909,290|1509|3624|3800|5080|5122|83729|169026,ANPEP|CTSD|INHBA|KIF5C|PAX6|PCSK1|INHBE|SLC30A8,-1.1924734085950863,0,47,1,1,-2.385497370989903,7.452763654256192,
1,-2.167352466765026,R-HSA-209952,M1,1,0,Reactome Gene Sets,6,Peptide hormone biosynthesis,,-2.167352466765026,7.452763654256192,4.155047264440741,30293,14,871,3,0.34443168771526983,0.19851496770813384,3624|5122|83729,INHBA|PCSK1|INHBE,-1.0375216450337035,0,47,0,0,-2.385497370989903,7.452763654256192,
1,-2.367425916265555,R-HSA-9827857,M1,1,0,Reactome Gene Sets,6,Specification of primordial germ cells,,-2.367425916265555,8.694890929965558,4.587171113939107,30293,12,871,3,0.34443168771526983,0.19851496770813384,652|7852|10630,BMP4|CXCR4|PDPN,-1.1821805704443564,0,48,1,1,-2.367425916265555,8.694890929965558,
1,-2.303112178267925,R-HSA-9031628,M1,1,0,Reactome Gene Sets,6,NGF-stimulated transcription,,-2.303112178267925,4.458918425623362,3.718931491631835,30293,39,871,5,0.574052812858783,0.25598629558863717,1958|1959|3399|3400|10221,EGR1|EGR2|ID3|ID4|TRIB1,-1.1404001301419469,0,49,1,1,-2.303112178267925,4.458918425623362,
1,-2.298027156376072,R-HSA-163125,M1,1,0,Reactome Gene Sets,6,Post-translational modification: synthesis of GPI-anchored proteins,,-2.298027156376072,3.024309888683672,3.345778643195811,30293,92,871,8,0.9184845005740528,0.3232385566421909,683|4062|4978|50863|116372|152330|257194|266727,BST1|LY6H|OPCML|NTM|LYPD1|CNTN4|NEGR1|MDGA1,-1.140167611044506,0,50,1,1,-2.298027156376072,3.024309888683672,
1,-2.2376226872841056,R-HSA-174824,M1,1,0,Reactome Gene Sets,6,"Plasma lipoprotein assembly, remodeling, and clearance",,-2.2376226872841056,3.2460926138538078,3.3509071098475345,30293,75,871,7,0.8036739380022963,0.30253711332446054,19|348|649|5125|7436|8029|51129,ABCA1|APOE|BMP1|PCSK5|VLDLR|CUBN|ANGPTL4,-1.0845620248343084,0,51,1,1,-2.2376226872841056,3.2460926138538078,
1,-2.2125902154622237,R-HSA-3238698,M1,1,0,Reactome Gene Sets,6,WNT ligand biogenesis and trafficking,,-2.2125902154622237,5.350702110748036,3.8185483162067126,30293,26,871,4,0.4592422502870264,0.22909325978980305,7481|51384|79971|81029,WNT11|WNT16|WLS|WNT5B,-1.0689711092452678,0,52,1,1,-2.2125902154622237,5.350702110748036,
1,-2.199982141608579,R-HSA-917937,M1,1,0,Reactome Gene Sets,6,Iron uptake and transport,,-2.199982141608579,3.5978859020547134,3.4073444550773417,30293,58,871,6,0.6888633754305397,0.28025698554788286,1356|2495|2512|55240|79901|155066,CP|FTH1|FTL|STEAP3|CYBRD1|ATP6V0E2,-1.0586916977102059,0,53,1,1,-2.199982141608579,3.5978859020547134,
1,-2.1527905521075144,R-HSA-9733709,M1,1,0,Reactome Gene Sets,6,Cardiogenesis,,-2.1527905521075144,5.1525279584981085,3.714102537528736,30293,27,871,4,0.4592422502870264,0.22909325978980305,2627|6899|9464|23462,GATA6|TBX1|HAND2|HEY1,-1.0252158106804161,0,54,1,1,-2.1527905521075144,5.1525279584981085,
1,-2.0020678331901935,R-HSA-425366,M1,1,0,Reactome Gene Sets,6,"Transport of bile salts and organic acids, metal ions and amine compounds",,-2.0020678331901935,2.9332162173377783,3.0344575699831653,30293,83,871,7,0.8036739380022963,0.30253711332446054,861|1356|6529|6533|6536|6581|169026,RUNX1|CP|SLC6A1|SLC6A6|SLC6A9|SLC22A3|SLC30A8,-0.8921318401758105,0,55,1,1,-2.0020678331901935,2.9332162173377783,
