GO,Description,_LogP_modules_mes_black_sorted_top300,_LogP_modules_mes_blue_sorted_top300,_LogP_modules_mes_green_sorted_top300,_LogP_modules_mes_grey_sorted_top300,_LogP_modules_mes_pink_sorted_top300,_LogP_modules_mes_red_sorted_top300
R-HSA-9716542,"Signaling by Rho GTPases, Miro GTPases and RHOBTB3",0.0,0.0,-6.542497032459519,-3.067584550801459,-2.238336917941721,-5.428443922787773
GO:0061024,membrane organization,0.0,0.0,-7.324767985915185,-2.4524729817997675,-2.815646353704515,-6.176138983763398
R-HSA-5653656,Vesicle-mediated transport,0.0,0.0,-20.72403406955736,-3.406842142123107,0.0,-11.078504061549394
R-HSA-381070,IRE1alpha activates chaperones,0.0,0.0,-16.089936239785462,0.0,0.0,-2.755408368091566
R-HSA-446203,Asparagine N-linked glycosylation,0.0,0.0,-26.035798225453473,0.0,0.0,-6.35340974005834
GO:0030036,actin cytoskeleton organization,0.0,-2.5004486283912675,-9.611452647968791,0.0,0.0,-11.101353089414868
hsa04144,Endocytosis,0.0,-4.3548166273734035,-3.6726850979789365,0.0,0.0,-4.3548166273734035
R-HSA-1474244,Extracellular matrix organization,0.0,-3.0544719367571376,-6.426406892520866,0.0,-2.5041275779465764,-8.829990749171618
GO:0051493,regulation of cytoskeleton organization,0.0,0.0,-2.2055441629264774,0.0,-6.511657759100439,-5.257897835294226
GO:0001501,skeletal system development,0.0,0.0,-2.802557104853658,0.0,-6.160098769212005,-8.146408963047538
GO:0061061,muscle structure development,0.0,0.0,-5.3036421644218255,0.0,-4.183022336956197,-7.194919083696761
GO:0031344,regulation of cell projection organization,0.0,0.0,-3.831118220191223,0.0,-6.536822580310473,-3.831118220191223
GO:0000902,cell morphogenesis,0.0,0.0,-5.294739287178047,0.0,-5.317204710486329,-2.4604965298383394
GO:0006900,vesicle budding from membrane,0.0,0.0,-9.368954867222575,0.0,-2.087377716736813,-4.826320386406355
GO:0009792,embryo development ending in birth or egg hatching,-2.137000964178215,0.0,-5.403321213648027,0.0,-6.570742775217209,-3.386286097473794
GO:0007507,heart development,-2.3247292449691765,0.0,-3.6996057325354528,0.0,-4.773429523922527,-5.9075261862600525
M160,PID AVB3 INTEGRIN PATHWAY,0.0,0.0,0.0,0.0,0.0,-11.042445958835767
GO:0034976,response to endoplasmic reticulum stress,-3.3316000455045423,0.0,-9.844624320909015,0.0,0.0,0.0
hsa04141,Protein processing in endoplasmic reticulum,-2.1474929988648412,0.0,-15.221977425517062,0.0,0.0,0.0
R-HSA-2262752,Cellular responses to stress,-9.922914886984847,0.0,-9.278596182014738,0.0,0.0,0.0
GO:0009611,response to wounding,-3.4773852841206554,0.0,-7.265407599834422,0.0,0.0,-2.006176632074644
WP3888,VEGFA VEGFR2 signaling,-6.417954718733337,0.0,-10.09376842112581,0.0,-2.3951044146538965,-2.8653763366890397
GO:0051640,organelle localization,0.0,0.0,-12.723455568515602,-5.721978493413418,0.0,0.0
GO:0007346,regulation of mitotic cell cycle,0.0,0.0,0.0,-5.93850792551981,-3.1277742552944043,0.0
hsa05418,Fluid shear stress and atherosclerosis,-7.808399083932562,-2.5712025454031706,0.0,0.0,0.0,-4.111697964086835
R-HSA-73887,Death Receptor Signaling,-13.703209137498265,0.0,0.0,0.0,0.0,-2.3526269026125597
GO:0033365,protein localization to organelle,-3.7336826470745095,0.0,-2.471277879971999,-2.1393213607603365,0.0,-4.201866381339596
GO:0098609,cell-cell adhesion,-2.957827447200533,-2.088358793105691,-3.9478557070661693,0.0,0.0,-6.879674190973601
M5930,HALLMARK EPITHELIAL MESENCHYMAL TRANSITION,-6.938895846993578,-3.7357812151051575,-13.847412757259018,0.0,0.0,-14.943651363469053
R-HSA-9824443,Parasitic Infection Pathways,-4.395027197346753,-4.395027197346753,-2.221387626298964,0.0,0.0,-2.8890310124665106
hsa05132,Salmonella infection,-7.476669093891183,-4.370580915314433,-3.045373420194338,0.0,0.0,-3.686667869916938
R-HSA-382551,Transport of small molecules,-7.673830017155227,-2.9873337923388883,-2.9873337923388883,0.0,0.0,-2.9873337923388883
WP5353,A network map of Macrophage stimulating protein MSP signaling,-4.755636154561458,-2.869863339023531,-2.0453386193370666,0.0,0.0,-2.0453386193370666
R-HSA-1280218,Adaptive Immune System,-16.974243965883588,-16.182764724865116,-4.508401071285783,0.0,0.0,-3.1431345824446053
R-HSA-109582,Hemostasis,-3.283048628468984,-3.283048628468984,-4.786411443642938,-2.8768698128741623,0.0,-2.833970454141705
GO:0080135,regulation of cellular response to stress,-6.636403440091835,-2.574907883254764,-2.574907883254764,0.0,-3.937717351932843,-2.574907883254764
WP5087,Pleural mesothelioma,-9.183342053924594,-2.3327391823152506,-2.3327391823152506,0.0,-2.343449872427787,-3.315731377945876
GO:0007167,enzyme-linked receptor protein signaling pathway,-3.750721669750633,-2.016022317026304,-2.406867599606615,0.0,-7.13058189970546,-2.827174189035897
GO:0035239,tube morphogenesis,-3.292281919747165,-2.4487569900546493,-7.604515162954843,0.0,-5.851065392320086,-3.7525802679502633
GO:0043408,regulation of MAPK cascade,-10.433136568873982,-3.8550222857975878,0.0,0.0,-3.402844544485144,-2.137000964178215
GO:1902532,negative regulation of intracellular signal transduction,-9.614505350897883,-3.5573959994523787,0.0,0.0,-2.232513475781334,-2.6370283885779426
hsa05200,Pathways in cancer,-13.70244268444261,-3.0346833825566155,0.0,0.0,-4.057918656381149,-3.52352623981688
GO:0030335,positive regulation of cell migration,-9.726326388472224,-5.211380690031039,0.0,0.0,-3.1503871051403594,-4.121825883698329
GO:0045596,negative regulation of cell differentiation,-3.823006980463455,-2.9425747381258205,0.0,0.0,-5.87936425155322,-2.9425747381258205
WP5322,CKAP4 signaling pathway map,-4.8126538000603825,-3.0699273304727495,0.0,-3.092505951587919,0.0,0.0
GO:0097190,apoptotic signaling pathway,-6.9470868433275585,-7.729365374644894,0.0,-3.536043886145031,0.0,0.0
GO:0008283,cell population proliferation,-4.6199634689145395,-3.19409866071636,-2.767940787031055,-3.698869031362905,-2.782667956311795,0.0
GO:0001934,positive regulation of protein phosphorylation,-10.399724664609822,-5.758103062139259,-2.244776775611853,0.0,0.0,0.0
R-HSA-9824446,Viral Infection Pathways,-16.201659280768524,-9.698859330311823,-3.149600315770696,0.0,0.0,0.0
GO:0001775,cell activation,-9.655823080253478,-15.483871529872637,-3.9145852499402713,0.0,0.0,0.0
GO:0071496,cellular response to external stimulus,-5.972233809719612,-5.267093658093616,-2.785118984081779,0.0,0.0,0.0
GO:0048871,multicellular organismal-level homeostasis,-5.547718738533025,-5.547718738533025,-2.973570927434852,0.0,0.0,0.0
R-HSA-1280215,Cytokine Signaling in Immune system,-40.85103041242668,-50.76014580200001,-2.2517516757161995,0.0,0.0,0.0
R-HSA-449147,Signaling by Interleukins,-35.48370167423081,-12.476444442211998,-2.0990409754247477,0.0,0.0,0.0
hsa04145,Phagosome,-2.3801834493873733,-7.373435256231523,-3.8413086093894284,0.0,0.0,0.0
GO:0006954,inflammatory response,-25.682945830975385,-20.86383003845513,0.0,0.0,0.0,0.0
M5890,HALLMARK TNFA SIGNALING VIA NFKB,-47.10541752464634,-25.8008403764667,0.0,0.0,0.0,0.0
hsa05169,Epstein-Barr virus infection,-25.668378530128084,-14.85574662570164,0.0,0.0,0.0,0.0
GO:0019221,cytokine-mediated signaling pathway,-25.870169698435017,-16.57159362786665,0.0,0.0,0.0,0.0
M5932,HALLMARK INFLAMMATORY RESPONSE,-19.560479543172615,-25.8008403764667,0.0,0.0,0.0,0.0
M5913,HALLMARK INTERFERON GAMMA RESPONSE,-14.943651363469053,-100.0,0.0,0.0,0.0,0.0
GO:0009617,response to bacterium,-13.411899735538242,-28.103498682715053,0.0,0.0,0.0,0.0
GO:0032103,positive regulation of response to external stimulus,-14.798240763678503,-24.84888594247889,0.0,0.0,0.0,0.0
GO:0002831,regulation of response to biotic stimulus,-15.809650463232352,-32.6660428460937,0.0,0.0,0.0,0.0
M5950,HALLMARK ALLOGRAFT REJECTION,-13.847412757259018,-13.847412757259018,0.0,0.0,0.0,0.0
hsa04060,Cytokine-cytokine receptor interaction,-14.413764242772974,-10.643833330450443,0.0,0.0,0.0,0.0
GO:0050865,regulation of cell activation,-13.35493874157147,-11.829203671732458,0.0,0.0,0.0,0.0
hsa05167,Kaposi sarcoma-associated herpesvirus infection,-16.348616538924077,-10.924062087744288,0.0,0.0,0.0,0.0
GO:0050727,regulation of inflammatory response,-11.042644470323047,-10.234363518059501,0.0,0.0,0.0,0.0
GO:0051090,regulation of DNA-binding transcription factor activity,-11.072945602989789,-7.139789861027068,0.0,0.0,0.0,0.0
GO:0071396,cellular response to lipid,-11.230774451662045,-9.006405608791303,0.0,0.0,0.0,0.0
GO:0034341,response to type II interferon,-8.1762907679188,-12.650163707146406,0.0,0.0,0.0,0.0
GO:0043123,positive regulation of canonical NF-kappaB signal transduction,-7.644949273042374,-10.475029064861218,0.0,0.0,0.0,0.0
WP4197,Immune response to tuberculosis,-7.232138780157009,-10.62171214067356,0.0,0.0,0.0,0.0
GO:0070663,regulation of leukocyte proliferation,-7.90444307629107,-12.444530696753587,0.0,0.0,0.0,0.0
WP5115,Network map of SARS CoV 2 signaling pathway,-6.506610841256149,-24.659879947973696,0.0,0.0,0.0,0.0
WP619,Type II interferon signaling,-4.509016660738799,-14.974456284007372,0.0,0.0,0.0,0.0
hsa05323,Rheumatoid arthritis,-4.39934063252112,-11.060974907399915,0.0,0.0,0.0,0.0
hsa05171,Coronavirus disease - COVID-19,-5.406623856086006,-19.109296378938865,0.0,0.0,0.0,0.0
M5897,HALLMARK IL6 JAK STAT3 SIGNALING,-5.601936356232283,-15.442491153032796,0.0,0.0,0.0,0.0
M5921,HALLMARK COMPLEMENT,-4.474280004486171,-17.207294892010083,0.0,0.0,0.0,0.0
GO:0034340,response to type I interferon,-4.8084379604485585,-11.309171994399172,0.0,0.0,0.0,0.0
M5947,HALLMARK IL2 STAT5 SIGNALING,-4.492797396214886,-6.964259405934672,0.0,0.0,0.0,0.0
M5902,HALLMARK APOPTOSIS,-7.096891307964902,-7.096891307964902,0.0,0.0,0.0,0.0
GO:0052547,regulation of peptidase activity,-6.317356191967613,-5.5836656758058805,0.0,0.0,0.0,0.0
hsa04217,Necroptosis,-15.797182310630081,-4.500491552658677,0.0,0.0,0.0,0.0
GO:2001233,regulation of apoptotic signaling pathway,-10.848439887629642,-4.9480578624000975,0.0,0.0,0.0,0.0
WP3858,Toll like receptor signaling related to MyD88,-10.868531706244712,-3.6193567802683515,0.0,0.0,0.0,0.0
GO:0019882,antigen processing and presentation,-2.418512564221444,-16.808690141238788,0.0,0.0,0.0,0.0
GO:0043068,positive regulation of programmed cell death,-9.839875180162876,-7.112526755981419,0.0,0.0,-2.746043720002376,0.0
GO:0008285,negative regulation of cell population proliferation,-4.371626214869253,-8.203612965212315,0.0,0.0,-2.651282281026531,0.0
WP2882,Nuclear receptors meta pathway,-7.709042368467281,-2.3654848158963673,0.0,0.0,-2.9164493728170218,0.0
GO:1901699,cellular response to nitrogen compound,-8.254308129876836,-3.669785739587305,0.0,0.0,-2.3593170803430366,0.0
GO:0010720,positive regulation of cell development,-3.7267218220545457,-4.874920011382943,-2.701824488180265,0.0,-2.7138182436017755,0.0
GO:0051336,regulation of hydrolase activity,-6.784181261873726,-6.216801700768029,-2.066255956993497,0.0,-3.701031524813962,0.0
M5891,HALLMARK HYPOXIA,0.0,-2.405422744675795,0.0,-5.297751184977324,0.0,0.0
hsa04612,Antigen processing and presentation,0.0,-10.761258554668942,0.0,-3.920879198731274,0.0,0.0
GO:0002460,adaptive immune response based on somatic recombination of immune receptors built from immunoglobulin superfamily domains,0.0,-11.14062810548542,0.0,0.0,0.0,0.0
GO:0002832,negative regulation of response to biotic stimulus,0.0,-19.8713736703424,0.0,0.0,0.0,0.0
R-HSA-1169410,Antiviral mechanism by IFN-stimulated genes,0.0,-13.957670052558026,0.0,0.0,0.0,0.0
