Gene,TotalEvidenceCounts,EvidenceHit:modules_epi_black_sorted_top300,EvidenceHit:modules_epi_blue_sorted_top300,EvidenceHit:modules_epi_pink_sorted_top300,EvidenceHit:modules_epi_red_sorted_top300,EvidenceHit:modules_epi_turquoise_sorted_top300,EvidenceHit:modules_epi_yellow_sorted_top300,EvidenceGO:modules_epi_black_sorted_top300,EvidenceGO:modules_epi_blue_sorted_top300,EvidenceGO:modules_epi_pink_sorted_top300,EvidenceGO:modules_epi_red_sorted_top300,EvidenceGO:modules_epi_turquoise_sorted_top300,EvidenceGO:modules_epi_yellow_sorted_top300,EvidencePPI:modules_epi_black_sorted_top300,EvidencePPI:modules_epi_blue_sorted_top300,EvidencePPI:modules_epi_pink_sorted_top300,EvidencePPI:modules_epi_red_sorted_top300,EvidencePPI:modules_epi_turquoise_sorted_top300,EvidencePPI:modules_epi_yellow_sorted_top300
4253,3.0,0,0,0,1,0,0,0,0,0,1,0,0,0,0,0,1,0,0
3717,3.0,1,0,0,0,0,0,1,0,0,0,0,0,1,0,0,0,0,0
51170,3.0,0,1,0,0,0,0,0,1,0,0,0,0,0,1,0,0,0,0
4323,3.0,0,0,0,0,0,1,0,0,0,0,0,1,0,0,0,0,0,1
6753,3.0,0,1,0,0,0,0,0,1,0,0,0,0,0,1,0,0,0,0
3482,3.0,1,0,0,0,0,0,1,0,0,0,0,0,1,0,0,0,0,0
650,3.0,1,0,0,0,0,0,1,0,0,0,0,0,1,0,0,0,0,0
79139,3.0,0,0,1,0,0,0,0,0,1,0,0,0,0,0,1,0,0,0
4128,3.0,0,1,0,0,0,0,0,1,0,0,0,0,0,1,0,0,0,0
3691,3.0,0,0,0,1,0,0,0,0,0,1,0,0,0,0,0,1,0,0
3267,3.0,1,0,0,0,0,0,1,0,0,0,0,0,1,0,0,0,0,0
11145,3.0,0,0,0,1,0,0,0,0,0,1,0,0,0,0,0,1,0,0
54884,3.0,0,1,0,0,0,0,0,1,0,0,0,0,0,1,0,0,0,0
1407,3.0,0,0,0,0,1,0,0,0,0,0,1,0,0,0,0,0,1,0
10125,3.0,0,0,0,0,1,0,0,0,0,0,1,0,0,0,0,0,1,0
9334,3.0,0,0,0,0,0,1,0,0,0,0,0,1,0,0,0,0,0,1
64127,3.0,0,0,1,0,0,0,0,0,1,0,0,0,0,0,1,0,0,0
51582,3.0,1,0,0,0,0,0,1,0,0,0,0,0,1,0,0,0,0,0
5663,3.0,0,0,0,0,0,1,0,0,0,0,0,1,0,0,0,0,0,1
2584,3.0,0,1,0,0,0,0,0,1,0,0,0,0,0,1,0,0,0,0
114884,3.0,0,0,0,1,0,0,0,0,0,1,0,0,0,0,0,1,0,0
29116,3.0,0,1,0,0,0,0,0,1,0,0,0,0,0,1,0,0,0,0
200316,3.0,0,0,1,0,0,0,0,0,1,0,0,0,0,0,1,0,0,0
196,3.0,0,1,0,0,0,0,0,1,0,0,0,0,0,1,0,0,0,0
7171,3.0,0,0,0,0,1,0,0,0,0,0,1,0,0,0,0,0,1,0
1969,3.0,0,0,0,0,0,1,0,0,0,0,0,1,0,0,0,0,0,1
824,3.0,0,0,0,0,0,1,0,0,0,0,0,1,0,0,0,0,0,1
3675,3.0,0,0,0,0,0,1,0,0,0,0,0,1,0,0,0,0,0,1
727910,3.0,0,0,0,1,0,0,0,0,0,1,0,0,0,0,0,1,0,0
8694,3.0,0,1,0,0,0,0,0,1,0,0,0,0,0,1,0,0,0,0
5104,3.0,0,0,0,1,0,0,0,0,0,1,0,0,0,0,0,1,0,0
6461,3.0,0,0,0,0,0,1,0,0,0,0,0,1,0,0,0,0,0,1
10399,3.0,0,1,0,0,0,0,0,1,0,0,0,0,0,1,0,0,0,0
283,3.0,0,1,0,0,0,0,0,1,0,0,0,0,0,1,0,0,0,0
8851,3.0,0,0,0,0,1,0,0,0,0,0,1,0,0,0,0,0,1,0
634,3.0,0,0,0,1,0,0,0,0,0,1,0,0,0,0,0,1,0,0
4041,3.0,0,1,0,0,0,0,0,1,0,0,0,0,0,1,0,0,0,0
727,3.0,0,1,0,0,0,0,0,1,0,0,0,0,0,1,0,0,0,0
81846,3.0,0,0,0,1,0,0,0,0,0,1,0,0,0,0,0,1,0,0
7041,3.0,0,0,0,0,1,0,0,0,0,0,1,0,0,0,0,0,1,0
7133,3.0,0,0,1,0,0,0,0,0,1,0,0,0,0,0,1,0,0,0
53405,3.0,0,0,0,1,0,0,0,0,0,1,0,0,0,0,0,1,0,0
115290,3.0,0,1,0,0,0,0,0,1,0,0,0,0,0,1,0,0,0,0
476,3.0,0,1,0,0,0,0,0,1,0,0,0,0,0,1,0,0,0,0
2054,3.0,0,0,0,0,1,0,0,0,0,0,1,0,0,0,0,0,1,0
1436,3.0,0,0,0,0,0,1,0,0,0,0,0,1,0,0,0,0,0,1
7009,3.0,0,0,0,1,0,0,0,0,0,1,0,0,0,0,0,1,0,0
23092,3.0,0,0,1,0,0,0,0,0,1,0,0,0,0,0,1,0,0,0
10994,3.0,0,1,0,0,0,0,0,1,0,0,0,0,0,1,0,0,0,0
6548,3.0,0,0,0,0,0,1,0,0,0,0,0,1,0,0,0,0,0,1
9146,3.0,0,0,0,0,1,0,0,0,0,0,1,0,0,0,0,0,1,0
153090,3.0,1,0,0,0,0,0,1,0,0,0,0,0,1,0,0,0,0,0
83953,3.0,0,0,1,0,0,0,0,0,1,0,0,0,0,0,1,0,0,0
57118,3.0,0,0,0,0,1,0,0,0,0,0,1,0,0,0,0,0,1,0
4069,3.0,0,1,0,0,0,0,0,1,0,0,0,0,0,1,0,0,0,0
23677,3.0,0,0,0,0,0,1,0,0,0,0,0,1,0,0,0,0,0,1
558,3.0,0,0,0,1,0,0,0,0,0,1,0,0,0,0,0,1,0,0
8767,3.0,1,0,0,0,0,0,1,0,0,0,0,0,1,0,0,0,0,0
30850,3.0,0,0,0,0,1,0,0,0,0,0,1,0,0,0,0,0,1,0
6747,3.0,1,0,0,0,0,0,1,0,0,0,0,0,1,0,0,0,0,0
84951,3.0,0,0,0,1,0,0,0,0,0,1,0,0,0,0,0,1,0,0
130589,3.0,0,1,0,0,0,0,0,1,0,0,0,0,0,1,0,0,0,0
1030,3.0,0,0,0,0,1,0,0,0,0,0,1,0,0,0,0,0,1,0
394,3.0,0,0,0,0,0,1,0,0,0,0,0,1,0,0,0,0,0,1
1728,3.0,0,1,0,0,0,0,0,1,0,0,0,0,0,1,0,0,0,0
5879,3.0,1,0,0,0,0,0,1,0,0,0,0,0,1,0,0,0,0,0
4773,3.0,1,0,0,0,0,0,1,0,0,0,0,0,1,0,0,0,0,0
2802,3.0,0,0,0,0,0,1,0,0,0,0,0,1,0,0,0,0,0,1
2280,3.0,1,0,0,0,0,0,1,0,0,0,0,0,1,0,0,0,0,0
117177,3.0,1,0,0,0,0,0,1,0,0,0,0,0,1,0,0,0,0,0
3659,3.0,1,0,0,0,0,0,1,0,0,0,0,0,1,0,0,0,0,0
30815,3.0,0,1,0,0,0,0,0,1,0,0,0,0,0,1,0,0,0,0
7832,3.0,0,0,0,1,0,0,0,0,0,1,0,0,0,0,0,1,0,0
3627,3.0,0,0,1,0,0,0,0,0,1,0,0,0,0,0,1,0,0,0
633,3.0,0,0,0,1,0,0,0,0,0,1,0,0,0,0,0,1,0,0
55765,3.0,0,0,0,0,1,0,0,0,0,0,1,0,0,0,0,0,1,0
10083,3.0,0,0,0,1,0,0,0,0,0,1,0,0,0,0,0,1,0,0
5360,3.0,0,1,0,0,0,0,0,1,0,0,0,0,0,1,0,0,0,0
6498,3.0,0,0,0,0,1,0,0,0,0,0,1,0,0,0,0,0,1,0
5328,3.0,1,0,0,0,0,0,1,0,0,0,0,0,1,0,0,0,0,0
9501,3.0,0,1,0,0,0,0,0,1,0,0,0,0,0,1,0,0,0,0
54101,3.0,0,0,0,0,0,1,0,0,0,0,0,1,0,0,0,0,0,1
11135,3.0,0,0,0,0,0,1,0,0,0,0,0,1,0,0,0,0,0,1
164656,3.0,0,0,0,1,0,0,0,0,0,1,0,0,0,0,0,1,0,0
374,3.0,1,0,0,0,0,0,1,0,0,0,0,0,1,0,0,0,0,0
79816,3.0,0,1,0,0,0,0,0,1,0,0,0,0,0,1,0,0,0,0
27348,3.0,0,0,0,0,0,1,0,0,0,0,0,1,0,0,0,0,0,1
6560,3.0,0,0,0,0,0,1,0,0,0,0,0,1,0,0,0,0,0,1
58191,3.0,0,0,1,0,0,0,0,0,1,0,0,0,0,0,1,0,0,0
388,3.0,0,0,0,0,1,0,0,0,0,0,1,0,0,0,0,0,1,0
5724,3.0,0,0,1,0,0,0,0,0,1,0,0,0,0,0,1,0,0,0
9873,3.0,0,0,1,0,0,0,0,0,1,0,0,0,0,0,1,0,0,0
1535,3.0,1,0,0,0,0,0,1,0,0,0,0,0,1,0,0,0,0,0
65264,3.0,0,0,0,0,0,1,0,0,0,0,0,1,0,0,0,0,0,1
29108,3.0,0,0,1,0,0,0,0,0,1,0,0,0,0,0,1,0,0,0
7277,3.0,0,0,0,1,0,0,0,0,0,1,0,0,0,0,0,1,0,0
8714,3.0,0,0,0,1,0,0,0,0,0,1,0,0,0,0,0,1,0,0
285,3.0,1,0,0,0,0,0,1,0,0,0,0,0,1,0,0,0,0,0
9076,3.0,1,0,0,0,0,0,1,0,0,0,0,0,1,0,0,0,0,0
6374,3.0,0,0,1,0,0,0,0,0,1,0,0,0,0,0,1,0,0,0
10148,3.0,0,0,1,0,0,0,0,0,1,0,0,0,0,0,1,0,0,0
5720,3.0,0,0,1,0,0,0,0,0,1,0,0,0,0,0,1,0,0,0
894,3.0,0,0,0,1,0,0,0,0,0,1,0,0,0,0,0,1,0,0
10409,3.0,0,0,0,0,1,0,0,0,0,0,1,0,0,0,0,0,1,0
6776,3.0,1,0,0,0,0,0,1,0,0,0,0,0,1,0,0,0,0,0
64423,3.0,1,0,0,0,0,0,1,0,0,0,0,0,1,0,0,0,0,0
81628,3.0,0,0,0,1,0,0,0,0,0,1,0,0,0,0,0,1,0,0
5743,3.0,0,0,1,0,0,0,0,0,1,0,0,0,0,0,1,0,0,0
79589,3.0,0,0,0,1,0,0,0,0,0,1,0,0,0,0,0,1,0,0
2921,3.0,1,0,0,0,0,0,1,0,0,0,0,0,1,0,0,0,0,0
8737,3.0,0,0,0,0,0,1,0,0,0,0,0,1,0,0,0,0,0,1
5795,3.0,0,0,0,0,0,1,0,0,0,0,0,1,0,0,0,0,0,1
50618,3.0,1,0,0,0,0,0,1,0,0,0,0,0,1,0,0,0,0,0
23612,3.0,0,0,0,0,0,1,0,0,0,0,0,1,0,0,0,0,0,1
5074,3.0,0,0,0,0,1,0,0,0,0,0,1,0,0,0,0,0,1,0
10551,3.0,0,1,0,0,0,0,0,1,0,0,0,0,0,1,0,0,0,0
351,3.0,0,0,0,1,0,0,0,0,0,1,0,0,0,0,0,1,0,0
4644,3.0,0,0,0,0,1,0,0,0,0,0,1,0,0,0,0,0,1,0
10627,3.0,0,0,0,0,0,1,0,0,0,0,0,1,0,0,0,0,0,1
4214,3.0,0,0,1,0,0,0,0,0,1,0,0,0,0,0,1,0,0,0
2774,3.0,0,0,0,0,1,0,0,0,0,0,1,0,0,0,0,0,1,0
684,3.0,0,0,1,0,0,0,0,0,1,0,0,0,0,0,1,0,0,0
10010,3.0,1,0,0,0,0,0,1,0,0,0,0,0,1,0,0,0,0,0
3437,3.0,0,0,1,0,0,0,0,0,1,0,0,0,0,0,1,0,0,0
5971,3.0,0,0,1,0,0,0,0,0,1,0,0,0,0,0,1,0,0,0
54874,3.0,0,0,0,0,0,1,0,0,0,0,0,1,0,0,0,0,0,1
3726,3.0,0,0,0,0,1,0,0,0,0,0,1,0,0,0,0,0,1,0
4967,3.0,0,0,1,0,0,0,0,0,1,0,0,0,0,0,1,0,0,0
174,3.0,0,1,0,0,0,0,0,1,0,0,0,0,0,1,0,0,0,0
4650,3.0,0,0,0,0,1,0,0,0,0,0,1,0,0,0,0,0,1,0
5696,3.0,0,0,1,0,0,0,0,0,1,0,0,0,0,0,1,0,0,0
1824,3.0,0,0,0,0,1,0,0,0,0,0,1,0,0,0,0,0,1,0
2109,3.0,0,1,0,0,0,0,0,1,0,0,0,0,0,1,0,0,0,0
8506,3.0,0,0,1,0,0,0,0,0,1,0,0,0,0,0,1,0,0,0
2526,3.0,0,0,1,0,0,0,0,0,1,0,0,0,0,0,1,0,0,0
27342,3.0,0,0,0,0,0,1,0,0,0,0,0,1,0,0,0,0,0,1
2677,3.0,0,0,0,1,0,0,0,0,0,1,0,0,0,0,0,1,0,0
7480,3.0,0,0,1,0,0,0,0,0,1,0,0,0,0,0,1,0,0,0
134957,3.0,1,0,0,0,0,0,1,0,0,0,0,0,1,0,0,0,0,0
5002,3.0,0,0,0,1,0,0,0,0,0,1,0,0,0,0,0,1,0,0
10096,3.0,0,0,0,0,1,0,0,0,0,0,1,0,0,0,0,0,1,0
151636,3.0,0,0,1,0,0,0,0,0,1,0,0,0,0,0,1,0,0,0
150465,3.0,0,0,0,0,1,0,0,0,0,0,1,0,0,0,0,0,1,0
27074,3.0,0,0,1,0,0,0,0,0,1,0,0,0,0,0,1,0,0,0
60681,3.0,0,1,0,0,0,0,0,1,0,0,0,0,0,1,0,0,0,0
6376,3.0,0,0,1,0,0,0,0,0,1,0,0,0,0,0,1,0,0,0
63940,3.0,0,0,0,0,0,1,0,0,0,0,0,1,0,0,0,0,0,1
54361,3.0,0,0,1,0,0,0,0,0,1,0,0,0,0,0,1,0,0,0
81622,3.0,0,1,0,0,0,0,0,1,0,0,0,0,0,1,0,0,0,0
4351,3.0,0,1,0,0,0,0,0,1,0,0,0,0,0,1,0,0,0,0
390,3.0,0,0,0,0,1,0,0,0,0,0,1,0,0,0,0,0,1,0
4648,3.0,0,0,0,1,0,0,0,0,0,1,0,0,0,0,0,1,0,0
94056,3.0,0,0,0,1,0,0,0,0,0,1,0,0,0,0,0,1,0,0
10015,3.0,0,0,0,0,0,1,0,0,0,0,0,1,0,0,0,0,0,1
950,3.0,0,0,0,1,0,0,0,0,0,1,0,0,0,0,0,1,0,0
10763,3.0,0,0,0,0,1,0,0,0,0,0,1,0,0,0,0,0,1,0
4354,3.0,0,0,0,0,0,1,0,0,0,0,0,1,0,0,0,0,0,1
1741,3.0,0,0,0,1,0,0,0,0,0,1,0,0,0,0,0,1,0,0
9514,3.0,0,1,0,0,0,0,0,1,0,0,0,0,0,1,0,0,0,0
6091,3.0,0,0,1,0,0,0,0,0,1,0,0,0,0,0,1,0,0,0
1364,3.0,0,0,0,0,0,1,0,0,0,0,0,1,0,0,0,0,0,1
5359,3.0,0,0,1,0,0,0,0,0,1,0,0,0,0,0,1,0,0,0
27092,3.0,0,0,0,0,1,0,0,0,0,0,1,0,0,0,0,0,1,0
1264,3.0,0,0,0,0,1,0,0,0,0,0,1,0,0,0,0,0,1,0
9258,3.0,1,0,0,0,0,0,1,0,0,0,0,0,1,0,0,0,0,0
56262,3.0,0,0,0,0,1,0,0,0,0,0,1,0,0,0,0,0,1,0
9804,3.0,0,1,0,0,0,0,0,1,0,0,0,0,0,1,0,0,0,0
360,3.0,0,0,0,1,0,0,0,0,0,1,0,0,0,0,0,1,0,0
9805,3.0,1,0,0,0,0,0,1,0,0,0,0,0,1,0,0,0,0,0
51205,3.0,0,1,0,0,0,0,0,1,0,0,0,0,0,1,0,0,0,0
3170,3.0,0,1,0,0,0,0,0,1,0,0,0,0,0,1,0,0,0,0
2318,3.0,0,0,0,0,1,0,0,0,0,0,1,0,0,0,0,0,1,0
80762,3.0,0,0,0,0,0,1,0,0,0,0,0,1,0,0,0,0,0,1
35,3.0,0,0,0,1,0,0,0,0,0,1,0,0,0,0,0,1,0,0
30851,3.0,0,0,0,0,0,1,0,0,0,0,0,1,0,0,0,0,0,1
83481,3.0,0,0,0,0,0,1,0,0,0,0,0,1,0,0,0,0,0,1
5516,3.0,0,0,0,0,1,0,0,0,0,0,1,0,0,0,0,0,1,0
7126,3.0,0,0,0,0,1,0,0,0,0,0,1,0,0,0,0,0,1,0
4131,3.0,0,0,0,0,1,0,0,0,0,0,1,0,0,0,0,0,1,0
25780,3.0,0,0,0,0,1,0,0,0,0,0,1,0,0,0,0,0,1,0
1891,3.0,0,1,0,0,0,0,0,1,0,0,0,0,0,1,0,0,0,0
10254,3.0,1,0,0,0,0,0,1,0,0,0,0,0,1,0,0,0,0,0
4646,3.0,1,0,0,0,0,0,1,0,0,0,0,0,1,0,0,0,0,0
55717,3.0,0,0,1,0,0,0,0,0,1,0,0,0,0,0,1,0,0,0
113277,3.0,0,0,0,0,0,1,0,0,0,0,0,1,0,0,0,0,0,1
2000,3.0,0,0,0,0,0,1,0,0,0,0,0,1,0,0,0,0,0,1
216,3.0,0,1,0,0,0,0,0,1,0,0,0,0,0,1,0,0,0,0
8482,3.0,0,0,0,0,1,0,0,0,0,0,1,0,0,0,0,0,1,0
10670,3.0,1,0,0,0,0,0,1,0,0,0,0,0,1,0,0,0,0,0
115004,3.0,0,0,1,0,0,0,0,0,1,0,0,0,0,0,1,0,0,0
157,3.0,0,0,1,0,0,0,0,0,1,0,0,0,0,0,1,0,0,0
6690,3.0,0,0,0,1,0,0,0,0,0,1,0,0,0,0,0,1,0,0
79944,3.0,0,1,0,0,0,0,0,1,0,0,0,0,0,1,0,0,0,0
57552,3.0,0,0,1,0,0,0,0,0,1,0,0,0,0,0,1,0,0,0
1308,3.0,0,0,0,1,0,0,0,0,0,1,0,0,0,0,0,1,0,0
51343,3.0,0,0,0,0,1,0,0,0,0,0,1,0,0,0,0,0,1,0
54918,3.0,0,0,0,0,0,1,0,0,0,0,0,1,0,0,0,0,0,1
135112,3.0,1,0,0,0,0,0,1,0,0,0,0,0,1,0,0,0,0,0
5048,3.0,0,0,0,0,1,0,0,0,0,0,1,0,0,0,0,0,1,0
89944,3.0,0,1,0,0,0,0,0,1,0,0,0,0,0,1,0,0,0,0
2771,3.0,0,0,0,0,1,0,0,0,0,0,1,0,0,0,0,0,1,0
11099,3.0,0,0,0,0,1,0,0,0,0,0,1,0,0,0,0,0,1,0
3485,3.0,0,0,0,1,0,0,0,0,0,1,0,0,0,0,0,1,0,0
6947,3.0,0,0,0,1,0,0,0,0,0,1,0,0,0,0,0,1,0,0
3831,3.0,0,0,0,0,1,0,0,0,0,0,1,0,0,0,0,0,1,0
23529,3.0,0,0,0,0,0,1,0,0,0,0,0,1,0,0,0,0,0,1
54869,3.0,0,0,0,1,0,0,0,0,0,1,0,0,0,0,0,1,0,0
7040,3.0,0,0,0,1,0,0,0,0,0,1,0,0,0,0,0,1,0,0
8879,3.0,1,0,0,0,0,0,1,0,0,0,0,0,1,0,0,0,0,0
415,3.0,0,1,0,0,0,0,0,1,0,0,0,0,0,1,0,0,0,0
8821,3.0,0,0,0,0,0,1,0,0,0,0,0,1,0,0,0,0,0,1
64135,3.0,0,0,1,0,0,0,0,0,1,0,0,0,0,0,1,0,0,0
5708,3.0,0,0,0,0,1,0,0,0,0,0,1,0,0,0,0,0,1,0
163702,3.0,0,0,0,0,0,1,0,0,0,0,0,1,0,0,0,0,0,1
6649,3.0,0,1,0,0,0,0,0,1,0,0,0,0,0,1,0,0,0,0
55080,3.0,0,0,1,0,0,0,0,0,1,0,0,0,0,0,1,0,0,0
92610,3.0,0,0,1,0,0,0,0,0,1,0,0,0,0,0,1,0,0,0
467,3.0,0,0,0,0,1,0,0,0,0,0,1,0,0,0,0,0,1,0
9253,3.0,0,0,0,0,1,0,0,0,0,0,1,0,0,0,0,0,1,0
57462,3.0,0,0,0,1,0,0,0,0,0,1,0,0,0,0,0,1,0,0
1026,3.0,0,0,0,0,0,1,0,0,0,0,0,1,0,0,0,0,0,1
7113,3.0,0,0,1,0,0,0,0,0,1,0,0,0,0,0,1,0,0,0
2990,3.0,0,1,0,0,0,0,0,1,0,0,0,0,0,1,0,0,0,0
1307,3.0,0,0,1,0,0,0,0,0,1,0,0,0,0,0,1,0,0,0
8878,3.0,0,0,0,0,0,1,0,0,0,0,0,1,0,0,0,0,0,1
6732,3.0,0,0,1,0,0,0,0,0,1,0,0,0,0,0,1,0,0,0
54625,3.0,0,0,1,0,0,0,0,0,1,0,0,0,0,0,1,0,0,0
3459,3.0,0,0,1,0,0,0,0,0,1,0,0,0,0,0,1,0,0,0
1738,3.0,1,0,0,0,0,0,1,0,0,0,0,0,1,0,0,0,0,0
331,3.0,0,0,0,0,0,1,0,0,0,0,0,1,0,0,0,0,0,1
7035,3.0,1,0,0,0,0,0,1,0,0,0,0,0,1,0,0,0,0,0
7067,3.0,0,1,0,0,0,0,0,1,0,0,0,0,0,1,0,0,0,0
6522,3.0,0,0,0,0,0,1,0,0,0,0,0,1,0,0,0,0,0,1
8943,3.0,1,0,0,0,0,0,1,0,0,0,0,0,1,0,0,0,0,0
3384,3.0,0,0,1,0,0,0,0,0,1,0,0,0,0,0,1,0,0,0
3107,3.0,1,0,0,0,0,0,1,0,0,0,0,0,1,0,0,0,0,0
4301,3.0,1,0,0,0,0,0,1,0,0,0,0,0,1,0,0,0,0,0
4048,3.0,0,1,0,0,0,0,0,1,0,0,0,0,0,1,0,0,0,0
326624,3.0,0,1,0,0,0,0,0,1,0,0,0,0,0,1,0,0,0,0
9056,3.0,0,0,0,1,0,0,0,0,0,1,0,0,0,0,0,1,0,0
84888,3.0,1,0,0,0,0,0,1,0,0,0,0,0,1,0,0,0,0,0
2348,3.0,0,1,0,0,0,0,0,1,0,0,0,0,0,1,0,0,0,0
1004,3.0,0,0,0,0,1,0,0,0,0,0,1,0,0,0,0,0,1,0
51085,3.0,0,1,0,0,0,0,0,1,0,0,0,0,0,1,0,0,0,0
604,3.0,0,0,0,1,0,0,0,0,0,1,0,0,0,0,0,1,0,0
144402,3.0,0,0,0,1,0,0,0,0,0,1,0,0,0,0,0,1,0,0
121665,3.0,1,0,0,0,0,0,1,0,0,0,0,0,1,0,0,0,0,0
9367,3.0,1,0,0,0,0,0,1,0,0,0,0,0,1,0,0,0,0,0
4070,3.0,1,0,0,0,0,0,1,0,0,0,0,0,1,0,0,0,0,0
10079,3.0,0,0,0,0,0,1,0,0,0,0,0,1,0,0,0,0,0,1
23424,3.0,1,0,0,0,0,0,1,0,0,0,0,0,1,0,0,0,0,0
23646,3.0,0,0,0,1,0,0,0,0,0,1,0,0,0,0,0,1,0,0
7016,3.0,0,0,0,0,1,0,0,0,0,0,1,0,0,0,0,0,1,0
2887,3.0,0,0,0,0,1,0,0,0,0,0,1,0,0,0,0,0,1,0
9413,3.0,0,0,1,0,0,0,0,0,1,0,0,0,0,0,1,0,0,0
27134,3.0,0,1,0,0,0,0,0,1,0,0,0,0,0,1,0,0,0,0
6641,3.0,0,1,0,0,0,0,0,1,0,0,0,0,0,1,0,0,0,0
1366,3.0,0,0,0,0,0,1,0,0,0,0,0,1,0,0,0,0,0,1
4868,3.0,0,0,1,0,0,0,0,0,1,0,0,0,0,0,1,0,0,0
43,3.0,0,0,0,0,1,0,0,0,0,0,1,0,0,0,0,0,1,0
56882,3.0,0,0,0,0,1,0,0,0,0,0,1,0,0,0,0,0,1,0
6876,3.0,0,0,0,0,1,0,0,0,0,0,1,0,0,0,0,0,1,0
2150,3.0,0,0,0,0,0,1,0,0,0,0,0,1,0,0,0,0,0,1
23584,3.0,0,0,0,1,0,0,0,0,0,1,0,0,0,0,0,1,0,0
55902,3.0,0,1,0,0,0,0,0,1,0,0,0,0,0,1,0,0,0,0
7184,3.0,0,1,0,0,0,0,0,1,0,0,0,0,0,1,0,0,0,0
3431,3.0,1,0,0,0,0,0,1,0,0,0,0,0,1,0,0,0,0,0
4792,3.0,1,0,0,0,0,0,1,0,0,0,0,0,1,0,0,0,0,0
56829,3.0,1,0,0,0,0,0,1,0,0,0,0,0,1,0,0,0,0,0
858,3.0,0,0,0,0,0,1,0,0,0,0,0,1,0,0,0,0,0,1
55743,3.0,0,0,0,0,1,0,0,0,0,0,1,0,0,0,0,0,1,0
51083,3.0,0,0,0,0,1,0,0,0,0,0,1,0,0,0,0,0,1,0
51084,3.0,0,1,0,0,0,0,0,1,0,0,0,0,0,1,0,0,0,0
8309,3.0,0,1,0,0,0,0,0,1,0,0,0,0,0,1,0,0,0,0
5209,3.0,0,0,0,1,0,0,0,0,0,1,0,0,0,0,0,1,0,0
666,3.0,0,0,0,0,0,1,0,0,0,0,0,1,0,0,0,0,0,1
9074,3.0,0,0,0,0,0,1,0,0,0,0,0,1,0,0,0,0,0,1
8740,3.0,1,0,0,0,0,0,1,0,0,0,0,0,1,0,0,0,0,0
8741,3.0,0,0,1,0,0,0,0,0,1,0,0,0,0,0,1,0,0,0
1949,3.0,0,0,0,1,0,0,0,0,0,1,0,0,0,0,0,1,0,0
5033,3.0,0,1,0,0,0,0,0,1,0,0,0,0,0,1,0,0,0,0
3663,3.0,1,0,0,0,0,0,1,0,0,0,0,0,1,0,0,0,0,0
3566,3.0,0,0,0,0,0,1,0,0,0,0,0,1,0,0,0,0,0,1
10755,3.0,0,0,0,0,0,1,0,0,0,0,0,1,0,0,0,0,0,1
25870,3.0,0,1,0,0,0,0,0,1,0,0,0,0,0,1,0,0,0,0
2055,3.0,0,0,0,0,0,1,0,0,0,0,0,1,0,0,0,0,0,1
7923,3.0,0,1,0,0,0,0,0,1,0,0,0,0,0,1,0,0,0,0
23315,3.0,1,0,0,0,0,0,1,0,0,0,0,0,1,0,0,0,0,0
55858,3.0,0,0,0,0,0,1,0,0,0,0,0,1,0,0,0,0,0,1
27245,3.0,0,0,0,1,0,0,0,0,0,1,0,0,0,0,0,1,0,0
27067,3.0,0,0,0,0,1,0,0,0,0,0,1,0,0,0,0,0,1,0
7763,3.0,1,0,0,0,0,0,1,0,0,0,0,0,1,0,0,0,0,0
6515,3.0,0,0,0,1,0,0,0,0,0,1,0,0,0,0,0,1,0,0
85007,3.0,0,0,0,1,0,0,0,0,0,1,0,0,0,0,0,1,0,0
2811,3.0,0,0,1,0,0,0,0,0,1,0,0,0,0,0,1,0,0,0
83666,3.0,1,0,0,0,0,0,1,0,0,0,0,0,1,0,0,0,0,0
84446,3.0,0,0,0,0,1,0,0,0,0,0,1,0,0,0,0,0,1,0
7321,3.0,0,0,0,0,1,0,0,0,0,0,1,0,0,0,0,0,1,0
8938,3.0,0,0,0,1,0,0,0,0,0,1,0,0,0,0,0,1,0,0
7076,3.0,0,0,0,1,0,0,0,0,0,1,0,0,0,0,0,1,0,0
6752,3.0,0,0,1,0,0,0,0,0,1,0,0,0,0,0,1,0,0,0
5562,3.0,0,0,0,1,0,0,0,0,0,1,0,0,0,0,0,1,0,0
7048,3.0,0,1,0,0,0,0,0,1,0,0,0,0,0,1,0,0,0,0
57698,3.0,1,0,0,0,0,0,1,0,0,0,0,0,1,0,0,0,0,0
1783,3.0,0,0,0,0,1,0,0,0,0,0,1,0,0,0,0,0,1,0
340267,3.0,0,0,1,0,0,0,0,0,1,0,0,0,0,0,1,0,0,0
29927,3.0,1,0,0,0,0,0,1,0,0,0,0,0,1,0,0,0,0,0
7280,3.0,0,0,0,0,1,0,0,0,0,0,1,0,0,0,0,0,1,0
3572,3.0,1,0,0,0,0,0,1,0,0,0,0,0,1,0,0,0,0,0
3065,3.0,0,1,0,0,0,0,0,1,0,0,0,0,0,1,0,0,0,0
3728,3.0,0,0,0,0,0,1,0,0,0,0,0,1,0,0,0,0,0,1
55196,3.0,0,0,1,0,0,0,0,0,1,0,0,0,0,0,1,0,0,0
2113,3.0,0,0,0,0,1,0,0,0,0,0,1,0,0,0,0,0,1,0
56938,3.0,1,0,0,0,0,0,1,0,0,0,0,0,1,0,0,0,0,0
10577,3.0,0,0,0,1,0,0,0,0,0,1,0,0,0,0,0,1,0,0
124056,3.0,0,0,1,0,0,0,0,0,1,0,0,0,0,0,1,0,0,0
1203,3.0,1,0,0,0,0,0,1,0,0,0,0,0,1,0,0,0,0,0
9261,3.0,0,0,0,0,1,0,0,0,0,0,1,0,0,0,0,0,1,0
1938,3.0,0,1,0,0,0,0,0,1,0,0,0,0,0,1,0,0,0,0
529,3.0,0,0,0,0,0,1,0,0,0,0,0,1,0,0,0,0,0,1
54331,3.0,0,0,1,0,0,0,0,0,1,0,0,0,0,0,1,0,0,0
2159,3.0,0,0,0,1,0,0,0,0,0,1,0,0,0,0,0,1,0,0
115201,3.0,0,0,0,0,0,1,0,0,0,0,0,1,0,0,0,0,0,1
80772,3.0,0,0,0,0,0,1,0,0,0,0,0,1,0,0,0,0,0,1
51144,3.0,0,1,0,0,0,0,0,1,0,0,0,0,0,1,0,0,0,0
145482,3.0,0,1,0,0,0,0,0,1,0,0,0,0,0,1,0,0,0,0
84875,3.0,0,0,1,0,0,0,0,0,1,0,0,0,0,0,1,0,0,0
51429,3.0,0,0,0,0,0,1,0,0,0,0,0,1,0,0,0,0,0,1
3934,3.0,0,0,1,0,0,0,0,0,1,0,0,0,0,0,1,0,0,0
4054,3.0,0,0,0,1,0,0,0,0,0,1,0,0,0,0,0,1,0,0
8642,3.0,0,0,0,0,1,0,0,0,0,0,1,0,0,0,0,0,1,0
5817,3.0,0,0,0,0,0,1,0,0,0,0,0,1,0,0,0,0,0,1
9575,3.0,1,0,0,0,0,0,1,0,0,0,0,0,1,0,0,0,0,0
65018,3.0,0,0,0,0,0,1,0,0,0,0,0,1,0,0,0,0,0,1
3696,3.0,1,0,0,0,0,0,1,0,0,0,0,0,1,0,0,0,0,0
5970,3.0,1,0,0,0,0,0,1,0,0,0,0,0,1,0,0,0,0,0
4739,3.0,0,0,0,0,1,0,0,0,0,0,1,0,0,0,0,0,1,0
2319,3.0,0,0,1,0,0,0,0,0,1,0,0,0,0,0,1,0,0,0
5641,3.0,0,1,0,0,0,0,0,1,0,0,0,0,0,1,0,0,0,0
3486,3.0,0,0,1,0,0,0,0,0,1,0,0,0,0,0,1,0,0,0
8743,3.0,0,0,1,0,0,0,0,0,1,0,0,0,0,0,1,0,0,0
6342,3.0,0,1,0,0,0,0,0,1,0,0,0,0,0,1,0,0,0,0
2235,3.0,0,0,1,0,0,0,0,0,1,0,0,0,0,0,1,0,0,0
1522,3.0,0,0,0,1,0,0,0,0,0,1,0,0,0,0,0,1,0,0
23022,3.0,0,0,0,0,1,0,0,0,0,0,1,0,0,0,0,0,1,0
29940,3.0,0,0,0,0,1,0,0,0,0,0,1,0,0,0,0,0,1,0
25777,3.0,0,0,0,0,1,0,0,0,0,0,1,0,0,0,0,0,1,0
4615,3.0,0,0,0,0,0,1,0,0,0,0,0,1,0,0,0,0,0,1
55742,3.0,1,0,0,0,0,0,1,0,0,0,0,0,1,0,0,0,0,0
64780,3.0,0,0,0,0,1,0,0,0,0,0,1,0,0,0,0,0,1,0
55275,3.0,0,0,1,0,0,0,0,0,1,0,0,0,0,0,1,0,0,0
6646,3.0,0,0,1,0,0,0,0,0,1,0,0,0,0,0,1,0,0,0
3984,3.0,0,0,0,0,1,0,0,0,0,0,1,0,0,0,0,0,1,0
1849,3.0,0,0,0,0,1,0,0,0,0,0,1,0,0,0,0,0,1,0
6624,3.0,0,0,0,0,1,0,0,0,0,0,1,0,0,0,0,0,1,0
26085,3.0,0,0,0,1,0,0,0,0,0,1,0,0,0,0,0,1,0,0
58476,3.0,0,0,0,0,1,0,0,0,0,0,1,0,0,0,0,0,1,0
5236,3.0,0,1,0,0,0,0,0,1,0,0,0,0,0,1,0,0,0,0
85441,3.0,1,0,0,0,0,0,1,0,0,0,0,0,1,0,0,0,0,0
960,3.0,0,0,0,0,1,0,0,0,0,0,1,0,0,0,0,0,1,0
3371,3.0,0,0,0,0,1,0,0,0,0,0,1,0,0,0,0,0,1,0
7846,3.0,0,0,0,0,1,0,0,0,0,0,1,0,0,0,0,0,1,0
861,3.0,0,0,0,0,0,1,0,0,0,0,0,1,0,0,0,0,0,1
6249,3.0,0,0,0,0,1,0,0,0,0,0,1,0,0,0,0,0,1,0
2353,3.0,0,0,0,1,0,0,0,0,0,1,0,0,0,0,0,1,0,0
8605,3.0,0,0,1,0,0,0,0,0,1,0,0,0,0,0,1,0,0,0
6414,3.0,0,1,0,0,0,0,0,1,0,0,0,0,0,1,0,0,0,0
220,3.0,0,0,0,0,1,0,0,0,0,0,1,0,0,0,0,0,1,0
7103,3.0,0,1,0,0,0,0,0,1,0,0,0,0,0,1,0,0,0,0
6237,3.0,0,0,0,0,0,1,0,0,0,0,0,1,0,0,0,0,0,1
7097,3.0,0,0,1,0,0,0,0,0,1,0,0,0,0,0,1,0,0,0
2308,3.0,0,0,0,0,0,1,0,0,0,0,0,1,0,0,0,0,0,1
103,3.0,0,0,1,0,0,0,0,0,1,0,0,0,0,0,1,0,0,0
4772,3.0,1,0,0,0,0,0,1,0,0,0,0,0,1,0,0,0,0,0
7448,3.0,0,0,0,1,0,0,0,0,0,1,0,0,0,0,0,1,0,0
80024,3.0,1,0,0,0,0,0,1,0,0,0,0,0,1,0,0,0,0,0
840,3.0,0,0,0,0,0,1,0,0,0,0,0,1,0,0,0,0,0,1
11221,3.0,1,0,0,0,0,0,1,0,0,0,0,0,1,0,0,0,0,0
7128,3.0,0,0,1,0,0,0,0,0,1,0,0,0,0,0,1,0,0,0
4318,3.0,0,0,0,0,1,0,0,0,0,0,1,0,0,0,0,0,1,0
4133,3.0,0,0,0,0,1,0,0,0,0,0,1,0,0,0,0,0,1,0
316,3.0,0,0,0,1,0,0,0,0,0,1,0,0,0,0,0,1,0,0
7297,3.0,0,0,1,0,0,0,0,0,1,0,0,0,0,0,1,0,0,0
51284,3.0,0,0,1,0,0,0,0,0,1,0,0,0,0,0,1,0,0,0
4319,3.0,0,0,0,0,1,0,0,0,0,0,1,0,0,0,0,0,1,0
2530,3.0,0,0,1,0,0,0,0,0,1,0,0,0,0,0,1,0,0,0
6373,3.0,0,0,1,0,0,0,0,0,1,0,0,0,0,0,1,0,0,0
54704,3.0,1,0,0,0,0,0,1,0,0,0,0,0,1,0,0,0,0,0
102,3.0,1,0,0,0,0,0,1,0,0,0,0,0,1,0,0,0,0,0
23710,3.0,0,0,0,0,1,0,0,0,0,0,1,0,0,0,0,0,1,0
2886,3.0,0,0,0,1,0,0,0,0,0,1,0,0,0,0,0,1,0,0
51752,3.0,0,0,1,0,0,0,0,0,1,0,0,0,0,0,1,0,0,0
1975,3.0,0,1,0,0,0,0,0,1,0,0,0,0,0,1,0,0,0,0
4938,3.0,1,0,0,0,0,0,1,0,0,0,0,0,1,0,0,0,0,0
7791,3.0,0,0,0,0,1,0,0,0,0,0,1,0,0,0,0,0,1,0
83998,3.0,0,1,0,0,0,0,0,1,0,0,0,0,0,1,0,0,0,0
9528,3.0,0,0,0,1,0,0,0,0,0,1,0,0,0,0,0,1,0,0
64834,3.0,0,0,0,0,0,1,0,0,0,0,0,1,0,0,0,0,0,1
5256,3.0,0,1,0,0,0,0,0,1,0,0,0,0,0,1,0,0,0,0
8793,3.0,0,0,0,0,0,1,0,0,0,0,0,1,0,0,0,0,0,1
4758,3.0,0,1,0,0,0,0,0,1,0,0,0,0,0,1,0,0,0,0
29956,3.0,0,0,0,1,0,0,0,0,0,1,0,0,0,0,0,1,0,0
2181,3.0,0,1,0,0,0,0,0,1,0,0,0,0,0,1,0,0,0,0
8682,3.0,0,0,0,0,1,0,0,0,0,0,1,0,0,0,0,0,1,0
8871,3.0,0,0,0,0,0,1,0,0,0,0,0,1,0,0,0,0,0,1
27289,3.0,0,0,0,0,1,0,0,0,0,0,1,0,0,0,0,0,1,0
56920,3.0,0,0,0,0,1,0,0,0,0,0,1,0,0,0,0,0,1,0
5190,3.0,0,1,0,0,0,0,0,1,0,0,0,0,0,1,0,0,0,0
5646,3.0,0,0,0,1,0,0,0,0,0,1,0,0,0,0,0,1,0,0
4856,3.0,0,0,1,0,0,0,0,0,1,0,0,0,0,0,1,0,0,0
55075,3.0,0,0,0,1,0,0,0,0,0,1,0,0,0,0,0,1,0,0
598,3.0,0,0,0,1,0,0,0,0,0,1,0,0,0,0,0,1,0,0
1650,3.0,0,1,0,0,0,0,0,1,0,0,0,0,0,1,0,0,0,0
11059,3.0,0,0,0,0,0,1,0,0,0,0,0,1,0,0,0,0,0,1
5265,3.0,0,0,0,1,0,0,0,0,0,1,0,0,0,0,0,1,0,0
10682,3.0,0,1,0,0,0,0,0,1,0,0,0,0,0,1,0,0,0,0
847,3.0,0,1,0,0,0,0,0,1,0,0,0,0,0,1,0,0,0,0
567,3.0,0,0,1,0,0,0,0,0,1,0,0,0,0,0,1,0,0,0
10019,3.0,1,0,0,0,0,0,1,0,0,0,0,0,1,0,0,0,0,0
148229,3.0,0,0,0,1,0,0,0,0,0,1,0,0,0,0,0,1,0,0
6469,3.0,0,0,0,0,0,1,0,0,0,0,0,1,0,0,0,0,0,1
9283,3.0,0,0,1,0,0,0,0,0,1,0,0,0,0,0,1,0,0,0
3455,3.0,1,0,0,0,0,0,1,0,0,0,0,0,1,0,0,0,0,0
3880,3.0,0,0,0,1,0,0,0,0,0,1,0,0,0,0,0,1,0,0
1595,3.0,0,1,0,0,0,0,0,1,0,0,0,0,0,1,0,0,0,0
2264,3.0,0,1,0,0,0,0,0,1,0,0,0,0,0,1,0,0,0,0
20,3.0,0,1,0,0,0,0,0,1,0,0,0,0,0,1,0,0,0,0
23344,3.0,0,0,0,0,0,1,0,0,0,0,0,1,0,0,0,0,0,1
84440,3.0,0,0,0,0,0,1,0,0,0,0,0,1,0,0,0,0,0,1
7414,3.0,0,0,0,0,0,1,0,0,0,0,0,1,0,0,0,0,0,1
200186,3.0,1,0,0,0,0,0,1,0,0,0,0,0,1,0,0,0,0,0
678,3.0,0,1,0,0,0,0,0,1,0,0,0,0,0,1,0,0,0,0
2782,3.0,0,0,0,0,1,0,0,0,0,0,1,0,0,0,0,0,1,0
7157,3.0,0,0,1,0,0,0,0,0,1,0,0,0,0,0,1,0,0,0
55454,3.0,0,0,0,0,1,0,0,0,0,0,1,0,0,0,0,0,1,0
81693,3.0,0,1,0,0,0,0,0,1,0,0,0,0,0,1,0,0,0,0
9138,3.0,0,0,0,1,0,0,0,0,0,1,0,0,0,0,0,1,0,0
10765,3.0,0,0,0,1,0,0,0,0,0,1,0,0,0,0,0,1,0,0
3460,3.0,1,0,0,0,0,0,1,0,0,0,0,0,1,0,0,0,0,0
221,3.0,0,1,0,0,0,0,0,1,0,0,0,0,0,1,0,0,0,0
2017,3.0,0,0,0,0,0,1,0,0,0,0,0,1,0,0,0,0,0,1
103910,3.0,0,0,0,0,0,1,0,0,0,0,0,1,0,0,0,0,0,1
3797,3.0,0,0,0,0,1,0,0,0,0,0,1,0,0,0,0,0,1,0
1520,3.0,0,0,1,0,0,0,0,0,1,0,0,0,0,0,1,0,0,0
285590,3.0,0,0,0,0,1,0,0,0,0,0,1,0,0,0,0,0,1,0
2896,3.0,0,0,0,1,0,0,0,0,0,1,0,0,0,0,0,1,0,0
6277,3.0,0,0,0,0,0,1,0,0,0,0,0,1,0,0,0,0,0,1
7092,3.0,0,0,1,0,0,0,0,0,1,0,0,0,0,0,1,0,0,0
353189,3.0,0,1,0,0,0,0,0,1,0,0,0,0,0,1,0,0,0,0
5774,3.0,0,0,0,0,0,1,0,0,0,0,0,1,0,0,0,0,0,1
57162,3.0,1,0,0,0,0,0,1,0,0,0,0,0,1,0,0,0,0,0
9124,3.0,1,0,0,0,0,0,1,0,0,0,0,0,1,0,0,0,0,0
5337,3.0,0,0,0,1,0,0,0,0,0,1,0,0,0,0,0,1,0,0
57599,3.0,0,0,1,0,0,0,0,0,1,0,0,0,0,0,1,0,0,0
84959,3.0,0,0,0,0,0,1,0,0,0,0,0,1,0,0,0,0,0,1
6892,3.0,0,0,1,0,0,0,0,0,1,0,0,0,0,0,1,0,0,0
25819,3.0,1,0,0,0,0,0,1,0,0,0,0,0,1,0,0,0,0,0
55284,3.0,0,0,0,0,0,1,0,0,0,0,0,1,0,0,0,0,0,1
7096,3.0,0,0,1,0,0,0,0,0,1,0,0,0,0,0,1,0,0,0
4237,3.0,0,0,0,1,0,0,0,0,0,1,0,0,0,0,0,1,0,0
7358,3.0,0,1,0,0,0,0,0,1,0,0,0,0,0,1,0,0,0,0
4478,3.0,0,0,0,0,1,0,0,0,0,0,1,0,0,0,0,0,1,0
348,3.0,0,0,0,1,0,0,0,0,0,1,0,0,0,0,0,1,0,0
79837,3.0,0,0,0,0,0,1,0,0,0,0,0,1,0,0,0,0,0,1
54431,3.0,1,0,0,0,0,0,1,0,0,0,0,0,1,0,0,0,0,0
5176,3.0,0,1,0,0,0,0,0,1,0,0,0,0,0,1,0,0,0,0
336,3.0,0,1,0,0,0,0,0,1,0,0,0,0,0,1,0,0,0,0
3664,3.0,0,0,0,0,0,1,0,0,0,0,0,1,0,0,0,0,0,1
10979,3.0,0,0,0,0,1,0,0,0,0,0,1,0,0,0,0,0,1,0
55207,3.0,0,0,0,0,1,0,0,0,0,0,1,0,0,0,0,0,1,0
9308,3.0,0,0,1,0,0,0,0,0,1,0,0,0,0,0,1,0,0,0
64065,3.0,1,0,0,0,0,0,1,0,0,0,0,0,1,0,0,0,0,0
114569,3.0,0,1,0,0,0,0,0,1,0,0,0,0,0,1,0,0,0,0
1729,3.0,0,0,0,0,0,1,0,0,0,0,0,1,0,0,0,0,0,1
9734,3.0,0,0,1,0,0,0,0,0,1,0,0,0,0,0,1,0,0,0
80854,3.0,1,0,0,0,0,0,1,0,0,0,0,0,1,0,0,0,0,0
4734,3.0,0,0,1,0,0,0,0,0,1,0,0,0,0,0,1,0,0,0
1499,3.0,0,0,0,0,0,1,0,0,0,0,0,1,0,0,0,0,0,1
80221,3.0,0,0,0,1,0,0,0,0,0,1,0,0,0,0,0,1,0,0
3981,3.0,0,0,0,0,1,0,0,0,0,0,1,0,0,0,0,0,1,0
8574,3.0,0,1,0,0,0,0,0,1,0,0,0,0,0,1,0,0,0,0
23081,3.0,0,1,0,0,0,0,0,1,0,0,0,0,0,1,0,0,0,0
84902,3.0,0,0,0,0,1,0,0,0,0,0,1,0,0,0,0,0,1,0
5530,3.0,0,0,0,1,0,0,0,0,0,1,0,0,0,0,0,1,0,0
55293,3.0,0,0,0,0,0,1,0,0,0,0,0,1,0,0,0,0,0,1
144165,3.0,0,0,1,0,0,0,0,0,1,0,0,0,0,0,1,0,0,0
7018,3.0,0,0,0,1,0,0,0,0,0,1,0,0,0,0,0,1,0,0
9191,3.0,0,0,0,0,0,1,0,0,0,0,0,1,0,0,0,0,0,1
1515,3.0,0,1,0,0,0,0,0,1,0,0,0,0,0,1,0,0,0,0
5872,3.0,0,0,0,0,0,1,0,0,0,0,0,1,0,0,0,0,0,1
2064,3.0,0,0,0,1,0,0,0,0,0,1,0,0,0,0,0,1,0,0
11227,3.0,0,1,0,0,0,0,0,1,0,0,0,0,0,1,0,0,0,0
639,3.0,0,0,0,1,0,0,0,0,0,1,0,0,0,0,0,1,0,0
6242,3.0,0,0,0,0,0,1,0,0,0,0,0,1,0,0,0,0,0,1
5867,3.0,0,1,0,0,0,0,0,1,0,0,0,0,0,1,0,0,0,0
5582,3.0,0,0,1,0,0,0,0,0,1,0,0,0,0,0,1,0,0,0
83939,3.0,0,1,0,0,0,0,0,1,0,0,0,0,0,1,0,0,0,0
144811,3.0,0,0,0,0,0,1,0,0,0,0,0,1,0,0,0,0,0,1
11344,3.0,0,0,0,0,0,1,0,0,0,0,0,1,0,0,0,0,0,1
11214,3.0,0,0,0,0,0,1,0,0,0,0,0,1,0,0,0,0,0,1
335,3.0,0,1,0,0,0,0,0,1,0,0,0,0,0,1,0,0,0,0
79798,3.0,0,0,1,0,0,0,0,0,1,0,0,0,0,0,1,0,0,0
637,3.0,0,0,1,0,0,0,0,0,1,0,0,0,0,0,1,0,0,0
3098,3.0,0,0,0,1,0,0,0,0,0,1,0,0,0,0,0,1,0,0
9452,3.0,0,1,0,0,0,0,0,1,0,0,0,0,0,1,0,0,0,0
10121,3.0,0,0,0,0,1,0,0,0,0,0,1,0,0,0,0,0,1,0
9448,3.0,0,0,0,0,1,0,0,0,0,0,1,0,0,0,0,0,1,0
215,3.0,0,0,0,0,1,0,0,0,0,0,1,0,0,0,0,0,1,0
5645,3.0,0,0,0,1,0,0,0,0,0,1,0,0,0,0,0,1,0,0
54981,3.0,0,0,0,1,0,0,0,0,0,1,0,0,0,0,0,1,0,0
1471,3.0,0,0,0,1,0,0,0,0,0,1,0,0,0,0,0,1,0,0
5744,3.0,0,0,0,0,1,0,0,0,0,0,1,0,0,0,0,0,1,0
738,3.0,0,1,0,0,0,0,0,1,0,0,0,0,0,1,0,0,0,0
1080,3.0,0,0,1,0,0,0,0,0,1,0,0,0,0,0,1,0,0,0
127829,3.0,0,0,0,0,1,0,0,0,0,0,1,0,0,0,0,0,1,0
1643,3.0,0,0,0,1,0,0,0,0,0,1,0,0,0,0,0,1,0,0
51094,3.0,1,0,0,0,0,0,1,0,0,0,0,0,1,0,0,0,0,0
3684,3.0,0,0,1,0,0,0,0,0,1,0,0,0,0,0,1,0,0,0
5584,3.0,0,0,0,1,0,0,0,0,0,1,0,0,0,0,0,1,0,0
4092,3.0,0,0,0,0,1,0,0,0,0,0,1,0,0,0,0,0,1,0
80724,3.0,0,1,0,0,0,0,0,1,0,0,0,0,0,1,0,0,0,0
60626,3.0,0,0,0,0,1,0,0,0,0,0,1,0,0,0,0,0,1,0
1302,3.0,0,0,1,0,0,0,0,0,1,0,0,0,0,0,1,0,0,0
60489,3.0,0,0,1,0,0,0,0,0,1,0,0,0,0,0,1,0,0,0
3688,3.0,0,0,0,0,1,0,0,0,0,0,1,0,0,0,0,0,1,0
2335,3.0,0,0,0,0,0,1,0,0,0,0,0,1,0,0,0,0,0,1
10961,3.0,0,1,0,0,0,0,0,1,0,0,0,0,0,1,0,0,0,0
3074,3.0,0,1,0,0,0,0,0,1,0,0,0,0,0,1,0,0,0,0
3140,3.0,0,0,1,0,0,0,0,0,1,0,0,0,0,0,1,0,0,0
2852,3.0,0,0,0,1,0,0,0,0,0,1,0,0,0,0,0,1,0,0
10962,3.0,0,0,0,0,1,0,0,0,0,0,1,0,0,0,0,0,1,0
4312,3.0,1,0,0,0,0,0,1,0,0,0,0,0,1,0,0,0,0,0
9260,3.0,0,0,0,0,1,0,0,0,0,0,1,0,0,0,0,0,1,0
132864,3.0,0,0,0,0,0,1,0,0,0,0,0,1,0,0,0,0,0,1
433,3.0,0,1,0,0,0,0,0,1,0,0,0,0,0,1,0,0,0,0
83593,3.0,0,0,1,0,0,0,0,0,1,0,0,0,0,0,1,0,0,0
10540,3.0,0,0,0,0,1,0,0,0,0,0,1,0,0,0,0,0,1,0
30011,3.0,0,0,0,0,0,1,0,0,0,0,0,1,0,0,0,0,0,1
3716,3.0,0,0,0,0,0,1,0,0,0,0,0,1,0,0,0,0,0,1
2153,3.0,0,0,0,1,0,0,0,0,0,1,0,0,0,0,0,1,0,0
12,3.0,1,0,0,0,0,0,1,0,0,0,0,0,1,0,0,0,0,0
8463,3.0,0,0,0,0,1,0,0,0,0,0,1,0,0,0,0,0,1,0
6840,3.0,1,0,0,0,0,0,1,0,0,0,0,0,1,0,0,0,0,0
2643,3.0,1,0,0,0,0,0,1,0,0,0,0,0,1,0,0,0,0,0
4940,3.0,0,0,1,0,0,0,0,0,1,0,0,0,0,0,1,0,0,0
8676,3.0,0,0,0,0,1,0,0,0,0,0,1,0,0,0,0,0,1,0
84876,3.0,0,0,1,0,0,0,0,0,1,0,0,0,0,0,1,0,0,0
10550,3.0,0,0,0,0,0,1,0,0,0,0,0,1,0,0,0,0,0,1
10276,3.0,0,0,0,1,0,0,0,0,0,1,0,0,0,0,0,1,0,0
5874,3.0,0,1,0,0,0,0,0,1,0,0,0,0,0,1,0,0,0,0
28956,3.0,1,0,0,0,0,0,1,0,0,0,0,0,1,0,0,0,0,0
388323,3.0,0,1,0,0,0,0,0,1,0,0,0,0,0,1,0,0,0,0
23555,3.0,0,0,1,0,0,0,0,0,1,0,0,0,0,0,1,0,0,0
53841,3.0,0,0,0,1,0,0,0,0,0,1,0,0,0,0,0,1,0,0
23303,3.0,0,0,0,1,0,0,0,0,0,1,0,0,0,0,0,1,0,0
56937,3.0,0,0,0,0,1,0,0,0,0,0,1,0,0,0,0,0,1,0
64761,3.0,0,0,1,0,0,0,0,0,1,0,0,0,0,0,1,0,0,0
124739,3.0,0,0,0,0,0,1,0,0,0,0,0,1,0,0,0,0,0,1
23094,3.0,1,0,0,0,0,0,1,0,0,0,0,0,1,0,0,0,0,0
5371,3.0,1,0,0,0,0,0,1,0,0,0,0,0,1,0,0,0,0,0
6446,3.0,1,0,0,0,0,0,1,0,0,0,0,0,1,0,0,0,0,0
9564,3.0,0,0,0,0,0,1,0,0,0,0,0,1,0,0,0,0,0,1
22874,3.0,0,0,0,1,0,0,0,0,0,1,0,0,0,0,0,1,0,0
8801,3.0,0,1,0,0,0,0,0,1,0,0,0,0,0,1,0,0,0,0
30061,3.0,0,0,0,1,0,0,0,0,0,1,0,0,0,0,0,1,0,0
57617,3.0,0,0,0,0,0,1,0,0,0,0,0,1,0,0,0,0,0,1
24145,3.0,0,0,0,0,1,0,0,0,0,0,1,0,0,0,0,0,1,0
3416,3.0,0,0,1,0,0,0,0,0,1,0,0,0,0,0,1,0,0,0
7805,3.0,0,0,1,0,0,0,0,0,1,0,0,0,0,0,1,0,0,0
118,3.0,0,0,0,0,1,0,0,0,0,0,1,0,0,0,0,0,1,0
5164,3.0,0,1,0,0,0,0,0,1,0,0,0,0,0,1,0,0,0,0
1948,3.0,0,0,0,0,0,1,0,0,0,0,0,1,0,0,0,0,0,1
81035,3.0,0,0,1,0,0,0,0,0,1,0,0,0,0,0,1,0,0,0
3597,3.0,0,0,0,0,0,1,0,0,0,0,0,1,0,0,0,0,0,1
5603,3.0,0,0,0,1,0,0,0,0,0,1,0,0,0,0,0,1,0,0
4599,3.0,0,0,1,0,0,0,0,0,1,0,0,0,0,0,1,0,0,0
860,3.0,1,0,0,0,0,0,1,0,0,0,0,0,1,0,0,0,0,0
5345,3.0,0,1,0,0,0,0,0,1,0,0,0,0,0,1,0,0,0,0
2950,3.0,1,0,0,0,0,0,1,0,0,0,0,0,1,0,0,0,0,0
2537,3.0,0,0,1,0,0,0,0,0,1,0,0,0,0,0,1,0,0,0
8912,3.0,0,0,0,1,0,0,0,0,0,1,0,0,0,0,0,1,0,0
25984,3.0,0,0,1,0,0,0,0,0,1,0,0,0,0,0,1,0,0,0
85462,3.0,0,0,0,0,1,0,0,0,0,0,1,0,0,0,0,0,1,0
5627,3.0,0,0,0,1,0,0,0,0,0,1,0,0,0,0,0,1,0,0
2920,3.0,1,0,0,0,0,0,1,0,0,0,0,0,1,0,0,0,0,0
210,3.0,0,1,0,0,0,0,0,1,0,0,0,0,0,1,0,0,0,0
51100,3.0,0,0,0,0,0,1,0,0,0,0,0,1,0,0,0,0,0,1
8431,3.0,0,1,0,0,0,0,0,1,0,0,0,0,0,1,0,0,0,0
157922,3.0,0,0,0,0,1,0,0,0,0,0,1,0,0,0,0,0,1,0
2147,3.0,0,1,0,0,0,0,0,1,0,0,0,0,0,1,0,0,0,0
292,3.0,0,1,0,0,0,0,0,1,0,0,0,0,0,1,0,0,0,0
2548,3.0,0,1,0,0,0,0,0,1,0,0,0,0,0,1,0,0,0,0
55740,3.0,0,0,0,0,1,0,0,0,0,0,1,0,0,0,0,0,1,0
977,3.0,0,0,0,0,0,1,0,0,0,0,0,1,0,0,0,0,0,1
5699,3.0,0,0,1,0,0,0,0,0,1,0,0,0,0,0,1,0,0,0
9856,3.0,0,0,1,0,0,0,0,0,1,0,0,0,0,0,1,0,0,0
51006,3.0,0,0,1,0,0,0,0,0,1,0,0,0,0,0,1,0,0,0
22890,3.0,0,0,0,0,0,1,0,0,0,0,0,1,0,0,0,0,0,1
1627,3.0,0,0,0,0,1,0,0,0,0,0,1,0,0,0,0,0,1,0
3162,3.0,1,0,0,0,0,0,1,0,0,0,0,0,1,0,0,0,0,0
26030,3.0,0,0,0,0,0,1,0,0,0,0,0,1,0,0,0,0,0,1
718,3.0,0,0,1,0,0,0,0,0,1,0,0,0,0,0,1,0,0,0
3680,3.0,0,0,0,0,1,0,0,0,0,0,1,0,0,0,0,0,1,0
8942,3.0,0,0,1,0,0,0,0,0,1,0,0,0,0,0,1,0,0,0
10253,3.0,0,0,0,1,0,0,0,0,0,1,0,0,0,0,0,1,0,0
54845,3.0,0,0,0,1,0,0,0,0,0,1,0,0,0,0,0,1,0,0
2137,3.0,0,0,0,0,1,0,0,0,0,0,1,0,0,0,0,0,1,0
80198,3.0,0,0,0,0,1,0,0,0,0,0,1,0,0,0,0,0,1,0
6576,3.0,0,1,0,0,0,0,0,1,0,0,0,0,0,1,0,0,0,0
8611,3.0,1,0,0,0,0,0,1,0,0,0,0,0,1,0,0,0,0,0
7093,3.0,0,0,1,0,0,0,0,0,1,0,0,0,0,0,1,0,0,0
8887,3.0,1,0,0,0,0,0,1,0,0,0,0,0,1,0,0,0,0,0
57326,3.0,0,0,0,1,0,0,0,0,0,1,0,0,0,0,0,1,0,0
5151,3.0,1,0,0,0,0,0,1,0,0,0,0,0,1,0,0,0,0,0
6760,3.0,0,0,0,0,1,0,0,0,0,0,1,0,0,0,0,0,1,0
8848,3.0,0,0,0,1,0,0,0,0,0,1,0,0,0,0,0,1,0,0
9536,3.0,0,0,1,0,0,0,0,0,1,0,0,0,0,0,1,0,0,0
7108,3.0,0,1,0,0,0,0,0,1,0,0,0,0,0,1,0,0,0,0
874,3.0,0,0,1,0,0,0,0,0,1,0,0,0,0,0,1,0,0,0
1462,3.0,0,0,0,0,0,1,0,0,0,0,0,1,0,0,0,0,0,1
1435,3.0,0,0,1,0,0,0,0,0,1,0,0,0,0,0,1,0,0,0
10085,3.0,0,0,0,0,1,0,0,0,0,0,1,0,0,0,0,0,1,0
3909,3.0,0,0,0,0,0,1,0,0,0,0,0,1,0,0,0,0,0,1
51474,3.0,0,0,0,0,0,1,0,0,0,0,0,1,0,0,0,0,0,1
56950,3.0,0,0,0,0,1,0,0,0,0,0,1,0,0,0,0,0,1,0
3491,3.0,0,0,0,0,1,0,0,0,0,0,1,0,0,0,0,0,1,0
5950,3.0,0,1,0,0,0,0,0,1,0,0,0,0,0,1,0,0,0,0
8301,3.0,0,0,0,0,1,0,0,0,0,0,1,0,0,0,0,0,1,0
6016,3.0,0,0,0,1,0,0,0,0,0,1,0,0,0,0,0,1,0,0
7476,3.0,0,0,0,0,1,0,0,0,0,0,1,0,0,0,0,0,1,0
81631,3.0,0,0,0,0,1,0,0,0,0,0,1,0,0,0,0,0,1,0
2316,3.0,0,0,0,0,1,0,0,0,0,0,1,0,0,0,0,0,1,0
1906,3.0,0,0,0,0,1,0,0,0,0,0,1,0,0,0,0,0,1,0
1937,3.0,0,1,0,0,0,0,0,1,0,0,0,0,0,1,0,0,0,0
84079,3.0,1,0,0,0,0,0,1,0,0,0,0,0,1,0,0,0,0,0
6337,3.0,0,1,0,0,0,0,0,1,0,0,0,0,0,1,0,0,0,0
10331,3.0,0,1,0,0,0,0,0,1,0,0,0,0,0,1,0,0,0,0
7798,3.0,0,0,0,0,1,0,0,0,0,0,1,0,0,0,0,0,1,0
652,3.0,0,0,0,1,0,0,0,0,0,1,0,0,0,0,0,1,0,0
9747,3.0,0,0,0,1,0,0,0,0,0,1,0,0,0,0,0,1,0,0
25803,3.0,0,0,0,1,0,0,0,0,0,1,0,0,0,0,0,1,0,0
391,3.0,0,0,0,0,0,1,0,0,0,0,0,1,0,0,0,0,0,1
5792,3.0,0,0,0,0,0,1,0,0,0,0,0,1,0,0,0,0,0,1
538,3.0,0,0,0,1,0,0,0,0,0,1,0,0,0,0,0,1,0,0
5966,3.0,1,0,0,0,0,0,1,0,0,0,0,0,1,0,0,0,0,0
9846,3.0,0,0,0,0,1,0,0,0,0,0,1,0,0,0,0,0,1,0
23474,3.0,0,1,0,0,0,0,0,1,0,0,0,0,0,1,0,0,0,0
1029,3.0,0,0,0,0,0,1,0,0,0,0,0,1,0,0,0,0,0,1
9641,3.0,0,0,1,0,0,0,0,0,1,0,0,0,0,0,1,0,0,0
54681,3.0,0,1,0,0,0,0,0,1,0,0,0,0,0,1,0,0,0,0
48,3.0,0,1,0,0,0,0,0,1,0,0,0,0,0,1,0,0,0,0
9289,3.0,0,0,0,0,0,1,0,0,0,0,0,1,0,0,0,0,0,1
9578,3.0,0,0,0,0,1,0,0,0,0,0,1,0,0,0,0,0,1,0
55008,3.0,0,0,1,0,0,0,0,0,1,0,0,0,0,0,1,0,0,0
10256,3.0,0,0,0,0,0,1,0,0,0,0,0,1,0,0,0,0,0,1
128866,3.0,0,0,0,0,0,1,0,0,0,0,0,1,0,0,0,0,0,1
65059,3.0,0,0,0,0,1,0,0,0,0,0,1,0,0,0,0,0,1,0
23208,3.0,0,0,0,0,1,0,0,0,0,0,1,0,0,0,0,0,1,0
10966,3.0,0,1,0,0,0,0,0,1,0,0,0,0,0,1,0,0,0,0
6364,3.0,0,0,1,0,0,0,0,0,1,0,0,0,0,0,1,0,0,0
26230,3.0,0,0,0,0,1,0,0,0,0,0,1,0,0,0,0,0,1,0
10062,3.0,0,1,0,0,0,0,0,1,0,0,0,0,0,1,0,0,0,0
4893,3.0,1,0,0,0,0,0,1,0,0,0,0,0,1,0,0,0,0,0
5692,3.0,0,0,1,0,0,0,0,0,1,0,0,0,0,0,1,0,0,0
8837,3.0,1,0,0,0,0,0,1,0,0,0,0,0,1,0,0,0,0,0
8809,3.0,1,0,0,0,0,0,1,0,0,0,0,0,1,0,0,0,0,0
3660,3.0,1,0,0,0,0,0,1,0,0,0,0,0,1,0,0,0,0,0
7494,3.0,0,1,0,0,0,0,0,1,0,0,0,0,0,1,0,0,0,0
357,3.0,0,0,0,0,0,1,0,0,0,0,0,1,0,0,0,0,0,1
23141,3.0,0,0,0,0,1,0,0,0,0,0,1,0,0,0,0,0,1,0
800,3.0,0,0,0,0,1,0,0,0,0,0,1,0,0,0,0,0,1,0
4017,3.0,0,0,0,0,1,0,0,0,0,0,1,0,0,0,0,0,1,0
481,3.0,0,0,0,0,0,1,0,0,0,0,0,1,0,0,0,0,0,1
6932,3.0,0,0,0,0,1,0,0,0,0,0,1,0,0,0,0,0,1,0
55647,3.0,0,1,0,0,0,0,0,1,0,0,0,0,0,1,0,0,0,0
51177,3.0,0,0,0,0,1,0,0,0,0,0,1,0,0,0,0,0,1,0
64175,3.0,0,0,0,1,0,0,0,0,0,1,0,0,0,0,0,1,0,0
71,3.0,0,0,0,0,0,1,0,0,0,0,0,1,0,0,0,0,0,1
6519,3.0,0,1,0,0,0,0,0,1,0,0,0,0,0,1,0,0,0,0
79180,3.0,0,0,0,0,0,1,0,0,0,0,0,1,0,0,0,0,0,1
6296,3.0,0,0,0,1,0,0,0,0,0,1,0,0,0,0,0,1,0,0
158747,3.0,0,0,0,1,0,0,0,0,0,1,0,0,0,0,0,1,0,0
9538,3.0,0,0,1,0,0,0,0,0,1,0,0,0,0,0,1,0,0,0
547,3.0,0,0,0,0,1,0,0,0,0,0,1,0,0,0,0,0,1,0
5021,3.0,0,0,1,0,0,0,0,0,1,0,0,0,0,0,1,0,0,0
6810,3.0,1,0,0,0,0,0,1,0,0,0,0,0,1,0,0,0,0,0
5071,3.0,0,0,0,1,0,0,0,0,0,1,0,0,0,0,0,1,0,0
27122,3.0,0,0,0,1,0,0,0,0,0,1,0,0,0,0,0,1,0,0
6778,3.0,1,0,0,0,0,0,1,0,0,0,0,0,1,0,0,0,0,0
127262,3.0,0,0,0,0,0,1,0,0,0,0,0,1,0,0,0,0,0,1
364,3.0,0,1,0,0,0,0,0,1,0,0,0,0,0,1,0,0,0,0
829,3.0,1,0,0,0,0,0,1,0,0,0,0,0,1,0,0,0,0,0
85415,3.0,0,0,0,1,0,0,0,0,0,1,0,0,0,0,0,1,0,0
2650,3.0,0,1,0,0,0,0,0,1,0,0,0,0,0,1,0,0,0,0
350,3.0,0,1,0,0,0,0,0,1,0,0,0,0,0,1,0,0,0,0
716,3.0,0,0,1,0,0,0,0,0,1,0,0,0,0,0,1,0,0,0
3976,3.0,0,0,0,0,1,0,0,0,0,0,1,0,0,0,0,0,1,0
160418,3.0,0,0,1,0,0,0,0,0,1,0,0,0,0,0,1,0,0,0
3611,3.0,0,0,0,0,1,0,0,0,0,0,1,0,0,0,0,0,1,0
3576,3.0,1,0,0,0,0,0,1,0,0,0,0,0,1,0,0,0,0,0
3300,3.0,0,0,0,0,0,1,0,0,0,0,0,1,0,0,0,0,0,1
3911,3.0,1,0,0,0,0,0,1,0,0,0,0,0,1,0,0,0,0,0
2039,3.0,0,0,0,1,0,0,0,0,0,1,0,0,0,0,0,1,0,0
440026,3.0,0,0,0,1,0,0,0,0,0,1,0,0,0,0,0,1,0,0
2923,3.0,0,1,0,0,0,0,0,1,0,0,0,0,0,1,0,0,0,0
6891,3.0,0,0,1,0,0,0,0,0,1,0,0,0,0,0,1,0,0,0
84790,3.0,1,0,0,0,0,0,1,0,0,0,0,0,1,0,0,0,0,0
341,3.0,0,1,0,0,0,0,0,1,0,0,0,0,0,1,0,0,0,0
6385,3.0,1,0,0,0,0,0,1,0,0,0,0,0,1,0,0,0,0,0
1000,3.0,0,0,0,0,1,0,0,0,0,0,1,0,0,0,0,0,1,0
89848,3.0,0,0,0,0,0,1,0,0,0,0,0,1,0,0,0,0,0,1
23673,3.0,0,0,0,0,0,1,0,0,0,0,0,1,0,0,0,0,0,1
79660,3.0,0,0,0,1,0,0,0,0,0,1,0,0,0,0,0,1,0,0
3084,3.0,0,0,0,0,1,0,0,0,0,0,1,0,0,0,0,0,1,0
2131,3.0,1,0,0,0,0,0,1,0,0,0,0,0,1,0,0,0,0,0
64764,3.0,0,0,0,1,0,0,0,0,0,1,0,0,0,0,0,1,0,0
9693,3.0,0,0,0,0,1,0,0,0,0,0,1,0,0,0,0,0,1,0
10043,3.0,0,0,0,0,0,1,0,0,0,0,0,1,0,0,0,0,0,1
5698,3.0,0,0,1,0,0,0,0,0,1,0,0,0,0,0,1,0,0,0
1318,3.0,1,0,0,0,0,0,1,0,0,0,0,0,1,0,0,0,0,0
998,3.0,0,0,0,0,0,1,0,0,0,0,0,1,0,0,0,0,0,1
377841,3.0,0,0,0,1,0,0,0,0,0,1,0,0,0,0,0,1,0,0
26133,3.0,0,0,0,0,0,1,0,0,0,0,0,1,0,0,0,0,0,1
5922,3.0,0,0,0,0,1,0,0,0,0,0,1,0,0,0,0,0,1,0
11199,3.0,0,1,0,0,0,0,0,1,0,0,0,0,0,1,0,0,0,0
3783,3.0,0,0,0,1,0,0,0,0,0,1,0,0,0,0,0,1,0,0
1408,3.0,1,0,0,0,0,0,1,0,0,0,0,0,1,0,0,0,0,0
2050,3.0,0,0,0,0,0,1,0,0,0,0,0,1,0,0,0,0,0,1
10094,3.0,0,0,0,0,0,1,0,0,0,0,0,1,0,0,0,0,0,1
122786,3.0,0,0,0,0,1,0,0,0,0,0,1,0,0,0,0,0,1,0
1540,3.0,1,0,0,0,0,0,1,0,0,0,0,0,1,0,0,0,0,0
3454,3.0,1,0,0,0,0,0,1,0,0,0,0,0,1,0,0,0,0,0
5155,3.0,0,0,0,0,1,0,0,0,0,0,1,0,0,0,0,0,1,0
57591,3.0,0,0,0,0,1,0,0,0,0,0,1,0,0,0,0,0,1,0
9466,3.0,0,0,1,0,0,0,0,0,1,0,0,0,0,0,1,0,0,0
6890,3.0,0,0,1,0,0,0,0,0,1,0,0,0,0,0,1,0,0,0
5297,3.0,0,0,0,1,0,0,0,0,0,1,0,0,0,0,0,1,0,0
9451,3.0,0,0,0,0,0,1,0,0,0,0,0,1,0,0,0,0,0,1
2034,3.0,0,0,0,1,0,0,0,0,0,1,0,0,0,0,0,1,0,0
81706,3.0,0,0,0,0,1,0,0,0,0,0,1,0,0,0,0,0,1,0
55937,3.0,0,1,0,0,0,0,0,1,0,0,0,0,0,1,0,0,0,0
682,3.0,0,1,0,0,0,0,0,1,0,0,0,0,0,1,0,0,0,0
57504,3.0,0,0,0,1,0,0,0,0,0,1,0,0,0,0,0,1,0,0
9180,3.0,1,0,0,0,0,0,1,0,0,0,0,0,1,0,0,0,0,0
10555,3.0,0,0,0,1,0,0,0,0,0,1,0,0,0,0,0,1,0,0
56940,3.0,0,0,0,0,1,0,0,0,0,0,1,0,0,0,0,0,1,0
84818,3.0,0,0,1,0,0,0,0,0,1,0,0,0,0,0,1,0,0,0
7045,3.0,0,0,0,0,1,0,0,0,0,0,1,0,0,0,0,0,1,0
4814,3.0,0,0,0,0,0,1,0,0,0,0,0,1,0,0,0,0,0,1
80169,3.0,1,0,0,0,0,0,1,0,0,0,0,0,1,0,0,0,0,0
843,3.0,0,0,1,0,0,0,0,0,1,0,0,0,0,0,1,0,0,0
7042,3.0,0,0,0,0,1,0,0,0,0,0,1,0,0,0,0,0,1,0
8408,3.0,0,0,0,0,1,0,0,0,0,0,1,0,0,0,0,0,1,0
5947,3.0,0,0,0,0,1,0,0,0,0,0,1,0,0,0,0,0,1,0
81618,3.0,0,1,0,0,0,0,0,1,0,0,0,0,0,1,0,0,0,0
3105,3.0,0,0,1,0,0,0,0,0,1,0,0,0,0,0,1,0,0,0
334,3.0,0,0,0,1,0,0,0,0,0,1,0,0,0,0,0,1,0,0
4240,3.0,0,0,0,1,0,0,0,0,0,1,0,0,0,0,0,1,0,0
4794,3.0,0,0,1,0,0,0,0,0,1,0,0,0,0,0,1,0,0,0
2752,3.0,0,1,0,0,0,0,0,1,0,0,0,0,0,1,0,0,0,0
10163,3.0,0,0,0,1,0,0,0,0,0,1,0,0,0,0,0,1,0,0
2625,3.0,1,0,0,0,0,0,1,0,0,0,0,0,1,0,0,0,0,0
80270,3.0,1,0,0,0,0,0,1,0,0,0,0,0,1,0,0,0,0,0
9111,3.0,0,0,1,0,0,0,0,0,1,0,0,0,0,0,1,0,0,0
27242,3.0,0,0,0,0,0,1,0,0,0,0,0,1,0,0,0,0,0,1
84280,3.0,0,0,0,0,1,0,0,0,0,0,1,0,0,0,0,0,1,0
65009,3.0,0,0,0,0,1,0,0,0,0,0,1,0,0,0,0,0,1,0
23186,3.0,0,0,0,1,0,0,0,0,0,1,0,0,0,0,0,1,0,0
148022,3.0,1,0,0,0,0,0,1,0,0,0,0,0,1,0,0,0,0,0
6236,3.0,0,0,0,0,1,0,0,0,0,0,1,0,0,0,0,0,1,0
146206,3.0,1,0,0,0,0,0,1,0,0,0,0,0,1,0,0,0,0,0
8399,3.0,0,0,0,1,0,0,0,0,0,1,0,0,0,0,0,1,0,0
22853,3.0,1,0,0,0,0,0,1,0,0,0,0,0,1,0,0,0,0,0
22931,3.0,0,0,0,0,1,0,0,0,0,0,1,0,0,0,0,0,1,0
5899,3.0,0,0,0,0,0,1,0,0,0,0,0,1,0,0,0,0,0,1
25875,3.0,0,1,0,0,0,0,0,1,0,0,0,0,0,1,0,0,0,0
2571,3.0,0,0,0,1,0,0,0,0,0,1,0,0,0,0,0,1,0,0
5051,3.0,0,0,0,1,0,0,0,0,0,1,0,0,0,0,0,1,0,0
148867,3.0,1,0,0,0,0,0,1,0,0,0,0,0,1,0,0,0,0,0
7100,3.0,1,0,0,0,0,0,1,0,0,0,0,0,1,0,0,0,0,0
5366,3.0,0,0,0,0,1,0,0,0,0,0,1,0,0,0,0,0,1,0
51390,3.0,0,1,0,0,0,0,0,1,0,0,0,0,0,1,0,0,0,0
25759,3.0,0,0,0,0,0,1,0,0,0,0,0,1,0,0,0,0,0,1
1809,3.0,0,0,0,0,1,0,0,0,0,0,1,0,0,0,0,0,1,0
8412,3.0,0,0,0,0,1,0,0,0,0,0,1,0,0,0,0,0,1,0
5880,3.0,1,0,0,0,0,0,1,0,0,0,0,0,1,0,0,0,0,0
7251,3.0,0,0,0,0,0,1,0,0,0,0,0,1,0,0,0,0,0,1
2705,3.0,0,1,0,0,0,0,0,1,0,0,0,0,0,1,0,0,0,0
221035,3.0,0,0,0,0,0,1,0,0,0,0,0,1,0,0,0,0,0,1
6558,3.0,0,0,1,0,0,0,0,0,1,0,0,0,0,0,1,0,0,0
29984,3.0,0,0,0,0,0,1,0,0,0,0,0,1,0,0,0,0,0,1
638,3.0,0,0,1,0,0,0,0,0,1,0,0,0,0,0,1,0,0,0
7050,3.0,0,0,0,0,0,1,0,0,0,0,0,1,0,0,0,0,0,1
3606,3.0,0,0,0,0,0,1,0,0,0,0,0,1,0,0,0,0,0,1
4680,3.0,0,0,0,1,0,0,0,0,0,1,0,0,0,0,0,1,0,0
51719,3.0,1,0,0,0,0,0,1,0,0,0,0,0,1,0,0,0,0,0
4134,3.0,1,0,0,0,0,0,1,0,0,0,0,0,1,0,0,0,0,0
57142,3.0,0,0,0,0,1,0,0,0,0,0,1,0,0,0,0,0,1,0
3030,3.0,0,1,0,0,0,0,0,1,0,0,0,0,0,1,0,0,0,0
284114,3.0,0,0,0,0,0,1,0,0,0,0,0,1,0,0,0,0,0,1
5154,3.0,0,0,0,0,0,1,0,0,0,0,0,1,0,0,0,0,0,1
7320,3.0,0,0,0,0,0,1,0,0,0,0,0,1,0,0,0,0,0,1
649,3.0,0,0,0,0,1,0,0,0,0,0,1,0,0,0,0,0,1,0
51430,3.0,1,0,0,0,0,0,1,0,0,0,0,0,1,0,0,0,0,0
58508,3.0,1,0,0,0,0,0,1,0,0,0,0,0,1,0,0,0,0,0
89953,3.0,0,0,0,1,0,0,0,0,0,1,0,0,0,0,0,1,0,0
389,3.0,0,0,0,0,0,1,0,0,0,0,0,1,0,0,0,0,0,1
9590,3.0,0,0,0,0,1,0,0,0,0,0,1,0,0,0,0,0,1,0
306,3.0,1,0,0,0,0,0,1,0,0,0,0,0,1,0,0,0,0,0
7098,3.0,0,0,1,0,0,0,0,0,1,0,0,0,0,0,1,0,0,0
2314,3.0,0,0,0,0,0,1,0,0,0,0,0,1,0,0,0,0,0,1
1191,3.0,0,1,0,0,0,0,0,1,0,0,0,0,0,1,0,0,0,0
1072,3.0,0,0,0,0,1,0,0,0,0,0,1,0,0,0,0,0,1,0
4303,3.0,0,1,0,0,0,0,0,1,0,0,0,0,0,1,0,0,0,0
1396,3.0,0,0,0,1,0,0,0,0,0,1,0,0,0,0,0,1,0,0
4294,3.0,0,0,0,0,1,0,0,0,0,0,1,0,0,0,0,0,1,0
7444,3.0,0,0,1,0,0,0,0,0,1,0,0,0,0,0,1,0,0,0
6567,3.0,0,0,1,0,0,0,0,0,1,0,0,0,0,0,1,0,0,0
10397,3.0,0,1,0,0,0,0,0,1,0,0,0,0,0,1,0,0,0,0
4067,3.0,1,0,0,0,0,0,1,0,0,0,0,0,1,0,0,0,0,0
4053,3.0,0,0,0,0,1,0,0,0,0,0,1,0,0,0,0,0,1,0
84557,3.0,0,0,0,0,1,0,0,0,0,0,1,0,0,0,0,0,1,0
160,3.0,0,0,0,1,0,0,0,0,0,1,0,0,0,0,0,1,0,0
2919,3.0,1,0,0,0,0,0,1,0,0,0,0,0,1,0,0,0,0,0
7301,3.0,0,1,0,0,0,0,0,1,0,0,0,0,0,1,0,0,0,0
6793,3.0,0,0,0,0,1,0,0,0,0,0,1,0,0,0,0,0,1,0
51386,3.0,0,1,0,0,0,0,0,1,0,0,0,0,0,1,0,0,0,0
6648,3.0,1,0,0,0,0,0,1,0,0,0,0,0,1,0,0,0,0,0
150290,3.0,0,0,0,0,0,1,0,0,0,0,0,1,0,0,0,0,0,1
1917,3.0,0,0,0,1,0,0,0,0,0,1,0,0,0,0,0,1,0,0
1845,3.0,1,0,0,0,0,0,1,0,0,0,0,0,1,0,0,0,0,0
9114,3.0,0,0,0,0,0,1,0,0,0,0,0,1,0,0,0,0,0,1
80326,3.0,0,0,1,0,0,0,0,0,1,0,0,0,0,0,1,0,0,0
5912,3.0,0,0,0,0,0,1,0,0,0,0,0,1,0,0,0,0,0,1
3694,3.0,0,0,0,0,1,0,0,0,0,0,1,0,0,0,0,0,1,0
23191,3.0,1,0,0,0,0,0,1,0,0,0,0,0,1,0,0,0,0,0
57175,3.0,0,0,0,0,0,1,0,0,0,0,0,1,0,0,0,0,0,1
1958,3.0,0,0,0,1,0,0,0,0,0,1,0,0,0,0,0,1,0,0
84102,3.0,1,0,0,0,0,0,1,0,0,0,0,0,1,0,0,0,0,0
5332,3.0,0,0,1,0,0,0,0,0,1,0,0,0,0,0,1,0,0,0
3638,3.0,0,1,0,0,0,0,0,1,0,0,0,0,0,1,0,0,0,0
8323,3.0,1,0,0,0,0,0,1,0,0,0,0,0,1,0,0,0,0,0
3866,3.0,0,0,0,1,0,0,0,0,0,1,0,0,0,0,0,1,0,0
4627,3.0,0,0,0,0,0,1,0,0,0,0,0,1,0,0,0,0,0,1
868,3.0,0,0,0,1,0,0,0,0,0,1,0,0,0,0,0,1,0,0
7477,3.0,0,0,0,0,1,0,0,0,0,0,1,0,0,0,0,0,1,0
5721,3.0,0,0,1,0,0,0,0,0,1,0,0,0,0,0,1,0,0,0
87,3.0,0,0,0,0,1,0,0,0,0,0,1,0,0,0,0,0,1,0
53905,3.0,0,0,1,0,0,0,0,0,1,0,0,0,0,0,1,0,0,0
6774,3.0,0,0,1,0,0,0,0,0,1,0,0,0,0,0,1,0,0,0
10970,3.0,0,0,1,0,0,0,0,0,1,0,0,0,0,0,1,0,0,0
6251,3.0,0,0,0,0,1,0,0,0,0,0,1,0,0,0,0,0,1,0
23761,3.0,0,0,1,0,0,0,0,0,1,0,0,0,0,0,1,0,0,0
3171,3.0,0,1,0,0,0,0,0,1,0,0,0,0,0,1,0,0,0,0
22933,3.0,0,0,0,1,0,0,0,0,0,1,0,0,0,0,0,1,0,0
51339,3.0,0,0,0,0,1,0,0,0,0,0,1,0,0,0,0,0,1,0
230,3.0,0,1,0,0,0,0,0,1,0,0,0,0,0,1,0,0,0,0
10678,3.0,0,0,0,0,0,1,0,0,0,0,0,1,0,0,0,0,0,1
50506,3.0,1,0,0,0,0,0,1,0,0,0,0,0,1,0,0,0,0,0
3732,3.0,1,0,0,0,0,0,1,0,0,0,0,0,1,0,0,0,0,0
22885,3.0,0,0,0,0,1,0,0,0,0,0,1,0,0,0,0,0,1,0
2040,3.0,0,0,0,1,0,0,0,0,0,1,0,0,0,0,0,1,0,0
4982,3.0,0,0,0,0,0,1,0,0,0,0,0,1,0,0,0,0,0,1
5213,3.0,0,1,0,0,0,0,0,1,0,0,0,0,0,1,0,0,0,0
7057,3.0,0,0,0,0,0,1,0,0,0,0,0,1,0,0,0,0,0,1
1915,3.0,0,1,0,0,0,0,0,1,0,0,0,0,0,1,0,0,0,0
3856,3.0,0,0,0,1,0,0,0,0,0,1,0,0,0,0,0,1,0,0
11031,3.0,0,0,0,0,1,0,0,0,0,0,1,0,0,0,0,0,1,0
10318,3.0,1,0,0,0,0,0,1,0,0,0,0,0,1,0,0,0,0,0
162,3.0,1,0,0,0,0,0,1,0,0,0,0,0,1,0,0,0,0,0
5644,3.0,0,0,0,1,0,0,0,0,0,1,0,0,0,0,0,1,0,0
85461,3.0,0,0,0,0,0,1,0,0,0,0,0,1,0,0,0,0,0,1
388591,3.0,0,0,1,0,0,0,0,0,1,0,0,0,0,0,1,0,0,0
1312,3.0,0,1,0,0,0,0,0,1,0,0,0,0,0,1,0,0,0,0
2036,3.0,0,0,0,1,0,0,0,0,0,1,0,0,0,0,0,1,0,0
50484,3.0,0,0,0,1,0,0,0,0,0,1,0,0,0,0,0,1,0,0
54764,3.0,0,0,0,0,1,0,0,0,0,0,1,0,0,0,0,0,1,0
4688,3.0,0,0,0,0,1,0,0,0,0,0,1,0,0,0,0,0,1,0
22911,3.0,0,0,0,0,1,0,0,0,0,0,1,0,0,0,0,0,1,0
4643,3.0,0,0,0,0,0,1,0,0,0,0,0,1,0,0,0,0,0,1
2720,3.0,0,1,0,0,0,0,0,1,0,0,0,0,0,1,0,0,0,0
80271,3.0,0,0,0,0,0,1,0,0,0,0,0,1,0,0,0,0,0,1
2120,3.0,1,0,0,0,0,0,1,0,0,0,0,0,1,0,0,0,0,0
10681,3.0,0,0,0,0,0,1,0,0,0,0,0,1,0,0,0,0,0,1
27233,3.0,0,0,1,0,0,0,0,0,1,0,0,0,0,0,1,0,0,0
3383,3.0,1,0,0,0,0,0,1,0,0,0,0,0,1,0,0,0,0,0
1832,3.0,0,0,0,1,0,0,0,0,0,1,0,0,0,0,0,1,0,0
1893,3.0,0,0,0,0,0,1,0,0,0,0,0,1,0,0,0,0,0,1
4790,3.0,0,0,1,0,0,0,0,0,1,0,0,0,0,0,1,0,0,0
957,3.0,0,1,0,0,0,0,0,1,0,0,0,0,0,1,0,0,0,0
1903,3.0,0,0,0,0,1,0,0,0,0,0,1,0,0,0,0,0,1,0
3656,3.0,1,0,0,0,0,0,1,0,0,0,0,0,1,0,0,0,0,0
330,3.0,1,0,0,0,0,0,1,0,0,0,0,0,1,0,0,0,0,0
2634,3.0,0,0,0,0,0,1,0,0,0,0,0,1,0,0,0,0,0,1
6737,3.0,0,0,0,0,0,1,0,0,0,0,0,1,0,0,0,0,0,1
9948,3.0,0,0,0,0,0,1,0,0,0,0,0,1,0,0,0,0,0,1
114990,3.0,1,0,0,0,0,0,1,0,0,0,0,0,1,0,0,0,0,0
1837,3.0,1,0,0,0,0,0,1,0,0,0,0,0,1,0,0,0,0,0
2051,3.0,0,0,0,0,0,1,0,0,0,0,0,1,0,0,0,0,0,1
10410,3.0,0,0,1,0,0,0,0,0,1,0,0,0,0,0,1,0,0,0
972,3.0,0,0,1,0,0,0,0,0,1,0,0,0,0,0,1,0,0,0
26281,3.0,1,0,0,0,0,0,1,0,0,0,0,0,1,0,0,0,0,0
60412,3.0,0,0,0,1,0,0,0,0,0,1,0,0,0,0,0,1,0,0
56999,3.0,0,0,0,0,1,0,0,0,0,0,1,0,0,0,0,0,1,0
4485,3.0,0,0,0,1,0,0,0,0,0,1,0,0,0,0,0,1,0,0
8835,3.0,0,0,1,0,0,0,0,0,1,0,0,0,0,0,1,0,0,0
5738,3.0,0,0,0,0,0,1,0,0,0,0,0,1,0,0,0,0,0,1
10109,3.0,0,0,0,0,0,1,0,0,0,0,0,1,0,0,0,0,0,1
50808,3.0,0,0,0,1,0,0,0,0,0,1,0,0,0,0,0,1,0,0
5174,3.0,0,0,0,1,0,0,0,0,0,1,0,0,0,0,0,1,0,0
4050,3.0,0,0,1,0,0,0,0,0,1,0,0,0,0,0,1,0,0,0
8870,3.0,0,0,0,0,0,1,0,0,0,0,0,1,0,0,0,0,0,1
4641,3.0,1,0,0,0,0,0,1,0,0,0,0,0,1,0,0,0,0,0
3306,3.0,1,0,0,0,0,0,1,0,0,0,0,0,1,0,0,0,0,0
355,3.0,1,0,0,0,0,0,1,0,0,0,0,0,1,0,0,0,0,0
8771,3.0,1,0,0,0,0,0,1,0,0,0,0,0,1,0,0,0,0,0
1847,3.0,1,0,0,0,0,0,1,0,0,0,0,0,1,0,0,0,0,0
23043,3.0,0,0,0,1,0,0,0,0,0,1,0,0,0,0,0,1,0,0
6721,3.0,0,1,0,0,0,0,0,1,0,0,0,0,0,1,0,0,0,0
10133,3.0,0,0,0,0,0,1,0,0,0,0,0,1,0,0,0,0,0,1
53916,3.0,0,0,0,0,0,1,0,0,0,0,0,1,0,0,0,0,0,1
2664,3.0,0,0,0,0,1,0,0,0,0,0,1,0,0,0,0,0,1,0
4791,3.0,0,0,1,0,0,0,0,0,1,0,0,0,0,0,1,0,0,0
137075,3.0,0,0,0,0,0,1,0,0,0,0,0,1,0,0,0,0,0,1
7185,3.0,0,0,0,0,1,0,0,0,0,0,1,0,0,0,0,0,1,0
55601,3.0,1,0,0,0,0,0,1,0,0,0,0,0,1,0,0,0,0,0
8797,3.0,0,0,0,0,0,1,0,0,0,0,0,1,0,0,0,0,0,1
5862,3.0,0,0,0,0,0,1,0,0,0,0,0,1,0,0,0,0,0,1
7077,3.0,0,0,0,0,1,0,0,0,0,0,1,0,0,0,0,0,1,0
55568,3.0,0,0,0,0,0,1,0,0,0,0,0,1,0,0,0,0,0,1
7351,3.0,0,1,0,0,0,0,0,1,0,0,0,0,0,1,0,0,0,0
6286,3.0,0,0,0,1,0,0,0,0,0,1,0,0,0,0,0,1,0,0
1182,3.0,0,0,0,1,0,0,0,0,0,1,0,0,0,0,0,1,0,0
22849,3.0,0,0,0,1,0,0,0,0,0,1,0,0,0,0,0,1,0,0
6722,3.0,0,0,0,0,1,0,0,0,0,0,1,0,0,0,0,0,1,0
2516,3.0,0,0,1,0,0,0,0,0,1,0,0,0,0,0,1,0,0,0
5339,3.0,0,0,0,0,0,1,0,0,0,0,0,1,0,0,0,0,0,1
3615,3.0,0,1,0,0,0,0,0,1,0,0,0,0,0,1,0,0,0,0
84230,3.0,0,0,0,0,1,0,0,0,0,0,1,0,0,0,0,0,1,0
259307,3.0,0,0,1,0,0,0,0,0,1,0,0,0,0,0,1,0,0,0
10865,3.0,0,0,0,0,1,0,0,0,0,0,1,0,0,0,0,0,1,0
51291,3.0,0,0,0,0,0,1,0,0,0,0,0,1,0,0,0,0,0,1
5796,3.0,0,0,0,0,0,1,0,0,0,0,0,1,0,0,0,0,0,1
4647,3.0,0,0,0,1,0,0,0,0,0,1,0,0,0,0,0,1,0,0
81855,3.0,0,0,0,0,0,1,0,0,0,0,0,1,0,0,0,0,0,1
5293,3.0,0,0,0,0,1,0,0,0,0,0,1,0,0,0,0,0,1,0
1675,3.0,0,1,0,0,0,0,0,1,0,0,0,0,0,1,0,0,0,0
949,3.0,0,1,0,0,0,0,0,1,0,0,0,0,0,1,0,0,0,0
26286,3.0,0,0,0,0,0,1,0,0,0,0,0,1,0,0,0,0,0,1
27244,3.0,0,0,0,1,0,0,0,0,0,1,0,0,0,0,0,1,0,0
10221,3.0,0,0,0,0,0,1,0,0,0,0,0,1,0,0,0,0,0,1
9991,3.0,1,0,0,0,0,0,1,0,0,0,0,0,1,0,0,0,0,0
768239,3.0,0,1,0,0,0,0,0,1,0,0,0,0,0,1,0,0,0,0
4296,3.0,1,0,0,0,0,0,1,0,0,0,0,0,1,0,0,0,0,0
4324,3.0,0,0,0,1,0,0,0,0,0,1,0,0,0,0,0,1,0,0
29988,3.0,0,0,0,0,0,1,0,0,0,0,0,1,0,0,0,0,0,1
83737,3.0,0,0,0,0,0,1,0,0,0,0,0,1,0,0,0,0,0,1
11235,3.0,0,0,0,0,0,1,0,0,0,0,0,1,0,0,0,0,0,1
3481,3.0,0,0,0,1,0,0,0,0,0,1,0,0,0,0,0,1,0,0
7412,3.0,0,0,1,0,0,0,0,0,1,0,0,0,0,0,1,0,0,0
1933,3.0,0,1,0,0,0,0,0,1,0,0,0,0,0,1,0,0,0,0
6282,3.0,0,0,0,0,0,1,0,0,0,0,0,1,0,0,0,0,0,1
3073,3.0,0,1,0,0,0,0,0,1,0,0,0,0,0,1,0,0,0,0
7276,3.0,0,1,0,0,0,0,0,1,0,0,0,0,0,1,0,0,0,0
4828,3.0,0,0,1,0,0,0,0,0,1,0,0,0,0,0,1,0,0,0
56922,3.0,0,1,0,0,0,0,0,1,0,0,0,0,0,1,0,0,0,0
3646,3.0,0,1,0,0,0,0,0,1,0,0,0,0,0,1,0,0,0,0
3624,3.0,0,0,0,0,1,0,0,0,0,0,1,0,0,0,0,0,1,0
23129,3.0,0,0,0,0,1,0,0,0,0,0,1,0,0,0,0,0,1,0
5836,3.0,0,1,0,0,0,0,0,1,0,0,0,0,0,1,0,0,0,0
7094,3.0,0,0,0,0,0,1,0,0,0,0,0,1,0,0,0,0,0,1
10549,3.0,0,1,0,0,0,0,0,1,0,0,0,0,0,1,0,0,0,0
84617,3.0,0,0,0,0,1,0,0,0,0,0,1,0,0,0,0,0,1,0
405753,3.0,1,0,0,0,0,0,1,0,0,0,0,0,1,0,0,0,0,0
4035,3.0,0,0,0,1,0,0,0,0,0,1,0,0,0,0,0,1,0,0
51109,3.0,0,1,0,0,0,0,0,1,0,0,0,0,0,1,0,0,0,0
1291,3.0,0,0,0,1,0,0,0,0,0,1,0,0,0,0,0,1,0,0
10391,3.0,0,0,0,0,1,0,0,0,0,0,1,0,0,0,0,0,1,0
3875,3.0,0,0,0,1,0,0,0,0,0,1,0,0,0,0,0,1,0,0
329,3.0,0,0,0,0,1,0,0,0,0,0,1,0,0,0,0,0,1,0
23433,3.0,0,0,0,0,1,0,0,0,0,0,1,0,0,0,0,0,1,0
84283,3.0,0,0,0,1,0,0,0,0,0,1,0,0,0,0,0,1,0,0
55612,3.0,0,0,0,0,0,1,0,0,0,0,0,1,0,0,0,0,0,1
54751,2.0,0,0,0,0,0,1,0,0,0,0,0,0,0,0,0,0,0,1
57722,2.0,0,0,1,0,0,0,0,0,0,0,0,0,0,0,1,0,0,0
5128,2.0,0,0,0,0,1,0,0,0,0,0,0,0,0,0,0,0,1,0
5025,2.0,0,0,0,0,0,1,0,0,0,0,0,1,0,0,0,0,0,0
6692,2.0,1,0,0,0,0,0,1,0,0,0,0,0,0,0,0,0,0,0
90874,2.0,0,0,0,0,1,0,0,0,0,0,0,0,0,0,0,0,1,0
965,2.0,0,0,0,0,0,1,0,0,0,0,0,1,0,0,0,0,0,0
9644,2.0,0,0,0,1,0,0,0,0,0,0,0,0,0,0,0,1,0,0
51804,2.0,0,0,1,0,0,0,0,0,1,0,0,0,0,0,0,0,0,0
5205,2.0,0,1,0,0,0,0,0,1,0,0,0,0,0,0,0,0,0,0
55620,2.0,0,0,1,0,0,0,0,0,0,0,0,0,0,0,1,0,0,0
84418,2.0,0,1,0,0,0,0,0,0,0,0,0,0,0,1,0,0,0,0
63941,2.0,0,1,0,0,0,0,0,1,0,0,0,0,0,0,0,0,0,0
57493,2.0,0,0,0,0,1,0,0,0,0,0,1,0,0,0,0,0,0,0
126917,2.0,0,0,0,0,0,1,0,0,0,0,0,0,0,0,0,0,0,1
11074,2.0,0,0,1,0,0,0,0,0,1,0,0,0,0,0,0,0,0,0
4935,2.0,1,0,0,0,0,0,1,0,0,0,0,0,0,0,0,0,0,0
58472,2.0,0,0,0,0,0,1,0,0,0,0,0,0,0,0,0,0,0,1
2004,2.0,0,0,0,0,1,0,0,0,0,0,0,0,0,0,0,0,1,0
57478,2.0,0,0,1,0,0,0,0,0,0,0,0,0,0,0,1,0,0,0
58986,2.0,0,0,0,0,0,1,0,0,0,0,0,0,0,0,0,0,0,1
57146,2.0,1,0,0,0,0,0,0,0,0,0,0,0,1,0,0,0,0,0
22904,2.0,1,0,0,0,0,0,1,0,0,0,0,0,0,0,0,0,0,0
26064,2.0,0,0,0,0,1,0,0,0,0,0,0,0,0,0,0,0,1,0
283375,2.0,0,1,0,0,0,0,0,0,0,0,0,0,0,1,0,0,0,0
2889,2.0,0,0,1,0,0,0,0,0,1,0,0,0,0,0,0,0,0,0
976,2.0,0,0,0,1,0,0,0,0,0,0,0,0,0,0,0,1,0,0
55113,2.0,0,0,1,0,0,0,0,0,1,0,0,0,0,0,0,0,0,0
26355,2.0,0,1,0,0,0,0,0,0,0,0,0,0,0,1,0,0,0,0
23034,2.0,0,0,0,0,0,1,0,0,0,0,0,0,0,0,0,0,0,1
5859,2.0,0,1,0,0,0,0,0,0,0,0,0,0,0,1,0,0,0,0
10938,2.0,0,0,0,0,1,0,0,0,0,0,0,0,0,0,0,0,1,0
56893,2.0,0,0,1,0,0,0,0,0,0,0,0,0,0,0,1,0,0,0
79170,2.0,0,1,0,0,0,0,0,1,0,0,0,0,0,0,0,0,0,0
9424,2.0,0,0,0,1,0,0,0,0,0,0,0,0,0,0,0,1,0,0
8407,2.0,0,0,0,0,0,1,0,0,0,0,0,0,0,0,0,0,0,1
145173,2.0,0,0,0,0,1,0,0,0,0,0,0,0,0,0,0,0,1,0
3097,2.0,0,0,0,0,1,0,0,0,0,0,0,0,0,0,0,0,1,0
55829,2.0,0,0,0,0,0,1,0,0,0,0,0,1,0,0,0,0,0,0
51316,2.0,0,1,0,0,0,0,0,1,0,0,0,0,0,0,0,0,0,0
9518,2.0,0,0,0,1,0,0,0,0,0,1,0,0,0,0,0,0,0,0
6819,2.0,0,1,0,0,0,0,0,0,0,0,0,0,0,1,0,0,0,0
63933,2.0,0,0,1,0,0,0,0,0,0,0,0,0,0,0,1,0,0,0
51171,2.0,0,0,0,1,0,0,0,0,0,1,0,0,0,0,0,0,0,0
56927,2.0,1,0,0,0,0,0,1,0,0,0,0,0,0,0,0,0,0,0
9663,2.0,1,0,0,0,0,0,0,0,0,0,0,0,1,0,0,0,0,0
26353,2.0,0,0,0,0,1,0,0,0,0,0,0,0,0,0,0,0,1,0
64866,2.0,1,0,0,0,0,0,0,0,0,0,0,0,1,0,0,0,0,0
57658,2.0,0,0,0,1,0,0,0,0,0,0,0,0,0,0,0,1,0,0
89932,2.0,0,0,1,0,0,0,0,0,0,0,0,0,0,0,1,0,0,0
57715,2.0,0,1,0,0,0,0,0,0,0,0,0,0,0,1,0,0,0,0
10544,2.0,0,0,0,0,0,1,0,0,0,0,0,1,0,0,0,0,0,0
81615,2.0,1,0,0,0,0,0,1,0,0,0,0,0,0,0,0,0,0,0
727936,2.0,0,0,1,0,0,0,0,0,1,0,0,0,0,0,0,0,0,0
9050,2.0,0,0,1,0,0,0,0,0,0,0,0,0,0,0,1,0,0,0
80301,2.0,0,0,0,0,1,0,0,0,0,0,0,0,0,0,0,0,1,0
1812,2.0,1,0,0,0,0,0,1,0,0,0,0,0,0,0,0,0,0,0
64759,2.0,1,0,0,0,0,0,1,0,0,0,0,0,0,0,0,0,0,0
51449,2.0,0,1,0,0,0,0,0,0,0,0,0,0,0,1,0,0,0,0
10845,2.0,0,1,0,0,0,0,0,0,0,0,0,0,0,1,0,0,0,0
124220,2.0,1,0,0,0,0,0,0,0,0,0,0,0,1,0,0,0,0,0
23042,2.0,0,1,0,0,0,0,0,0,0,0,0,0,0,1,0,0,0,0
54974,2.0,0,1,0,0,0,0,0,0,0,0,0,0,0,1,0,0,0,0
64285,2.0,0,0,0,0,0,1,0,0,0,0,0,1,0,0,0,0,0,0
84002,2.0,0,0,0,0,1,0,0,0,0,0,1,0,0,0,0,0,0,0
10483,2.0,0,0,1,0,0,0,0,0,0,0,0,0,0,0,1,0,0,0
3338,2.0,0,0,0,1,0,0,0,0,0,0,0,0,0,0,0,1,0,0
64651,2.0,0,0,0,0,0,1,0,0,0,0,0,1,0,0,0,0,0,0
54741,2.0,0,0,0,0,0,1,0,0,0,0,0,1,0,0,0,0,0,0
30844,2.0,1,0,0,0,0,0,0,0,0,0,0,0,1,0,0,0,0,0
29995,2.0,0,0,0,0,1,0,0,0,0,0,0,0,0,0,0,0,1,0
4077,2.0,0,1,0,0,0,0,0,0,0,0,0,0,0,1,0,0,0,0
6047,2.0,1,0,0,0,0,0,0,0,0,0,0,0,1,0,0,0,0,0
900,2.0,0,1,0,0,0,0,0,0,0,0,0,0,0,1,0,0,0,0
92359,2.0,0,0,0,0,0,1,0,0,0,0,0,1,0,0,0,0,0,0
23155,2.0,0,0,1,0,0,0,0,0,0,0,0,0,0,0,1,0,0,0
7127,2.0,0,0,1,0,0,0,0,0,0,0,0,0,0,0,1,0,0,0
10553,2.0,1,0,0,0,0,0,0,0,0,0,0,0,1,0,0,0,0,0
51280,2.0,0,1,0,0,0,0,0,0,0,0,0,0,0,1,0,0,0,0
8609,2.0,0,0,0,0,1,0,0,0,0,0,1,0,0,0,0,0,0,0
80146,2.0,0,0,0,0,0,1,0,0,0,0,0,0,0,0,0,0,0,1
55654,2.0,0,0,0,0,0,1,0,0,0,0,0,1,0,0,0,0,0,0
7033,2.0,0,1,0,0,0,0,0,1,0,0,0,0,0,0,0,0,0,0
7089,2.0,0,0,0,1,0,0,0,0,0,0,0,0,0,0,0,1,0,0
23423,2.0,0,1,0,0,0,0,0,0,0,0,0,0,0,1,0,0,0,0
9582,2.0,0,0,1,0,0,0,0,0,1,0,0,0,0,0,0,0,0,0
55540,2.0,0,0,1,0,0,0,0,0,1,0,0,0,0,0,0,0,0,0
85464,2.0,1,0,0,0,0,0,0,0,0,0,0,0,1,0,0,0,0,0
84752,2.0,0,0,0,1,0,0,0,0,0,0,0,0,0,0,0,1,0,0
9197,2.0,1,0,0,0,0,0,0,0,0,0,0,0,1,0,0,0,0,0
57060,2.0,0,0,0,0,1,0,0,0,0,0,0,0,0,0,0,0,1,0
340547,2.0,0,1,0,0,0,0,0,1,0,0,0,0,0,0,0,0,0,0
23471,2.0,0,0,0,0,0,1,0,0,0,0,0,1,0,0,0,0,0,0
23120,2.0,1,0,0,0,0,0,0,0,0,0,0,0,1,0,0,0,0,0
162394,2.0,0,0,1,0,0,0,0,0,0,0,0,0,0,0,1,0,0,0
283869,2.0,0,0,0,1,0,0,0,0,0,0,0,0,0,0,0,1,0,0
23268,2.0,0,0,0,1,0,0,0,0,0,0,0,0,0,0,0,1,0,0
57586,2.0,0,0,0,1,0,0,0,0,0,1,0,0,0,0,0,0,0,0
6528,2.0,1,0,0,0,0,0,1,0,0,0,0,0,0,0,0,0,0,0
23180,2.0,0,0,1,0,0,0,0,0,1,0,0,0,0,0,0,0,0,0
28959,2.0,0,0,0,1,0,0,0,0,0,0,0,0,0,0,0,1,0,0
113220,2.0,0,0,0,1,0,0,0,0,0,1,0,0,0,0,0,0,0,0
6452,2.0,0,0,0,0,0,1,0,0,0,0,0,0,0,0,0,0,0,1
399664,2.0,0,0,0,0,1,0,0,0,0,0,0,0,0,0,0,0,1,0
127845,2.0,0,1,0,0,0,0,0,0,0,0,0,0,0,1,0,0,0,0
57732,2.0,0,1,0,0,0,0,0,0,0,0,0,0,0,1,0,0,0,0
55757,2.0,1,0,0,0,0,0,0,0,0,0,0,0,1,0,0,0,0,0
23527,2.0,0,0,0,1,0,0,0,0,0,0,0,0,0,0,0,1,0,0
22809,2.0,0,0,1,0,0,0,0,0,1,0,0,0,0,0,0,0,0,0
6621,2.0,0,0,1,0,0,0,0,0,0,0,0,0,0,0,1,0,0,0
3038,2.0,0,1,0,0,0,0,0,1,0,0,0,0,0,0,0,0,0,0
22905,2.0,0,0,0,1,0,0,0,0,0,0,0,0,0,0,0,1,0,0
83637,2.0,0,0,1,0,0,0,0,0,0,0,0,0,0,0,1,0,0,0
200014,2.0,0,0,0,0,0,1,0,0,0,0,0,0,0,0,0,0,0,1
64718,2.0,0,0,1,0,0,0,0,0,0,0,0,0,0,0,1,0,0,0
8507,2.0,0,0,0,0,0,1,0,0,0,0,0,0,0,0,0,0,0,1
253461,2.0,0,0,0,0,0,1,0,0,0,0,0,0,0,0,0,0,0,1
29095,2.0,0,0,0,0,0,1,0,0,0,0,0,0,0,0,0,0,0,1
54932,2.0,0,0,0,1,0,0,0,0,0,0,0,0,0,0,0,1,0,0
123099,2.0,0,1,0,0,0,0,0,1,0,0,0,0,0,0,0,0,0,0
25829,2.0,1,0,0,0,0,0,0,0,0,0,0,0,1,0,0,0,0,0
56951,2.0,1,0,0,0,0,0,0,0,0,0,0,0,1,0,0,0,0,0
5333,2.0,0,0,0,1,0,0,0,0,0,0,0,0,0,0,0,1,0,0
144406,2.0,0,0,0,1,0,0,0,0,0,0,0,0,0,0,0,1,0,0
1603,2.0,1,0,0,0,0,0,0,0,0,0,0,0,1,0,0,0,0,0
23143,2.0,0,0,0,1,0,0,0,0,0,0,0,0,0,0,0,1,0,0
23492,2.0,0,0,1,0,0,0,0,0,0,0,0,0,0,0,1,0,0,0
27237,2.0,0,0,0,0,0,1,0,0,0,0,0,1,0,0,0,0,0,0
94,2.0,0,0,1,0,0,0,0,0,1,0,0,0,0,0,0,0,0,0
26088,2.0,0,0,1,0,0,0,0,0,0,0,0,0,0,0,1,0,0,0
644815,2.0,0,0,0,0,0,1,0,0,0,0,0,0,0,0,0,0,0,1
64184,2.0,0,0,1,0,0,0,0,0,0,0,0,0,0,0,1,0,0,0
29954,2.0,0,0,0,0,1,0,0,0,0,0,1,0,0,0,0,0,0,0
57590,2.0,0,0,0,1,0,0,0,0,0,0,0,0,0,0,0,1,0,0
130367,2.0,0,0,1,0,0,0,0,0,0,0,0,0,0,0,1,0,0,0
5589,2.0,0,1,0,0,0,0,0,0,0,0,0,0,0,1,0,0,0,0
9826,2.0,0,0,1,0,0,0,0,0,0,0,0,0,0,0,1,0,0,0
10103,2.0,0,0,0,1,0,0,0,0,0,0,0,0,0,0,0,1,0,0
6640,2.0,0,1,0,0,0,0,0,0,0,0,0,0,0,1,0,0,0,0
145864,2.0,1,0,0,0,0,0,0,0,0,0,0,0,1,0,0,0,0,0
5271,2.0,1,0,0,0,0,0,0,0,0,0,0,0,1,0,0,0,0,0
126432,2.0,0,1,0,0,0,0,0,0,0,0,0,0,0,1,0,0,0,0
3423,2.0,0,0,0,0,0,1,0,0,0,0,0,0,0,0,0,0,0,1
54504,2.0,0,1,0,0,0,0,0,0,0,0,0,0,0,1,0,0,0,0
79729,2.0,0,0,0,1,0,0,0,0,0,0,0,0,0,0,0,1,0,0
3635,2.0,0,1,0,0,0,0,0,1,0,0,0,0,0,0,0,0,0,0
7991,2.0,0,0,0,1,0,0,0,0,0,0,0,0,0,0,0,1,0,0
121260,2.0,1,0,0,0,0,0,1,0,0,0,0,0,0,0,0,0,0,0
23201,2.0,0,0,0,1,0,0,0,0,0,0,0,0,0,0,0,1,0,0
80731,2.0,0,0,1,0,0,0,0,0,0,0,0,0,0,0,1,0,0,0
2014,2.0,1,0,0,0,0,0,0,0,0,0,0,0,1,0,0,0,0,0
10205,2.0,0,1,0,0,0,0,0,0,0,0,0,0,0,1,0,0,0,0
537,2.0,0,1,0,0,0,0,0,0,0,0,0,0,0,1,0,0,0,0
10584,2.0,1,0,0,0,0,0,1,0,0,0,0,0,0,0,0,0,0,0
90196,2.0,1,0,0,0,0,0,0,0,0,0,0,0,1,0,0,0,0,0
23048,2.0,1,0,0,0,0,0,0,0,0,0,0,0,1,0,0,0,0,0
4059,2.0,0,1,0,0,0,0,0,0,0,0,0,0,0,1,0,0,0,0
1534,2.0,0,0,1,0,0,0,0,0,0,0,0,0,0,0,1,0,0,0
10656,2.0,0,0,0,0,1,0,0,0,0,0,0,0,0,0,0,0,1,0
84270,2.0,0,0,0,0,0,1,0,0,0,0,0,0,0,0,0,0,0,1
22979,2.0,0,0,0,0,1,0,0,0,0,0,0,0,0,0,0,0,1,0
1327,2.0,1,0,0,0,0,0,0,0,0,0,0,0,1,0,0,0,0,0
115825,2.0,0,0,0,0,1,0,0,0,0,0,0,0,0,0,0,0,1,0
10487,2.0,0,0,0,0,1,0,0,0,0,0,0,0,0,0,0,0,1,0
64778,2.0,1,0,0,0,0,0,0,0,0,0,0,0,1,0,0,0,0,0
2593,2.0,0,1,0,0,0,0,0,1,0,0,0,0,0,0,0,0,0,0
57121,2.0,0,0,0,1,0,0,0,0,0,0,0,0,0,0,0,1,0,0
6744,2.0,0,0,0,1,0,0,0,0,0,0,0,0,0,0,0,1,0,0
10150,2.0,0,0,0,1,0,0,0,0,0,0,0,0,0,0,0,1,0,0
7357,2.0,1,0,0,0,0,0,1,0,0,0,0,0,0,0,0,0,0,0
10217,2.0,0,1,0,0,0,0,0,0,0,0,0,0,0,1,0,0,0,0
64798,2.0,0,1,0,0,0,0,0,0,0,0,0,0,0,1,0,0,0,0
5794,2.0,0,0,0,1,0,0,0,0,0,0,0,0,0,0,0,1,0,0
9215,2.0,1,0,0,0,0,0,1,0,0,0,0,0,0,0,0,0,0,0
79651,2.0,1,0,0,0,0,0,0,0,0,0,0,0,1,0,0,0,0,0
162427,2.0,1,0,0,0,0,0,0,0,0,0,0,0,1,0,0,0,0,0
440335,2.0,0,0,0,1,0,0,0,0,0,1,0,0,0,0,0,0,0,0
5504,2.0,0,0,0,0,0,1,0,0,0,0,0,0,0,0,0,0,0,1
5167,2.0,0,0,1,0,0,0,0,0,1,0,0,0,0,0,0,0,0,0
56954,2.0,0,0,1,0,0,0,0,0,0,0,0,0,0,0,1,0,0,0
10916,2.0,0,0,0,0,0,1,0,0,0,0,0,0,0,0,0,0,0,1
80022,2.0,0,1,0,0,0,0,0,0,0,0,0,0,0,1,0,0,0,0
115908,2.0,0,0,0,0,1,0,0,0,0,0,1,0,0,0,0,0,0,0
84206,2.0,0,0,0,0,1,0,0,0,0,0,0,0,0,0,0,0,1,0
6764,2.0,1,0,0,0,0,0,0,0,0,0,0,0,1,0,0,0,0,0
3241,2.0,0,0,0,1,0,0,0,0,0,0,0,0,0,0,0,1,0,0
85377,2.0,0,0,0,0,1,0,0,0,0,0,0,0,0,0,0,0,1,0
146857,2.0,0,0,1,0,0,0,0,0,0,0,0,0,0,0,1,0,0,0
26277,2.0,0,0,0,0,1,0,0,0,0,0,0,0,0,0,0,0,1,0
7429,2.0,0,0,0,1,0,0,0,0,0,1,0,0,0,0,0,0,0,0
84679,2.0,1,0,0,0,0,0,0,0,0,0,0,0,1,0,0,0,0,0
9929,2.0,0,0,0,0,0,1,0,0,0,0,0,0,0,0,0,0,0,1
22,2.0,0,1,0,0,0,0,0,0,0,0,0,0,0,1,0,0,0,0
159195,2.0,1,0,0,0,0,0,0,0,0,0,0,0,1,0,0,0,0,0
55707,2.0,1,0,0,0,0,0,0,0,0,0,0,0,1,0,0,0,0,0
6284,2.0,0,0,0,0,0,1,0,0,0,0,0,1,0,0,0,0,0,0
83607,2.0,0,0,0,0,1,0,0,0,0,0,0,0,0,0,0,0,1,0
10110,2.0,0,1,0,0,0,0,0,0,0,0,0,0,0,1,0,0,0,0
23286,2.0,1,0,0,0,0,0,0,0,0,0,0,0,1,0,0,0,0,0
9071,2.0,0,1,0,0,0,0,0,0,0,0,0,0,0,1,0,0,0,0
26984,2.0,0,0,1,0,0,0,0,0,0,0,0,0,0,0,1,0,0,0
284111,2.0,0,0,0,1,0,0,0,0,0,1,0,0,0,0,0,0,0,0
7318,2.0,0,0,1,0,0,0,0,0,1,0,0,0,0,0,0,0,0,0
54,2.0,0,1,0,0,0,0,0,1,0,0,0,0,0,0,0,0,0,0
5998,2.0,0,0,0,0,1,0,0,0,0,0,0,0,0,0,0,0,1,0
65249,2.0,0,0,0,0,1,0,0,0,0,0,0,0,0,0,0,0,1,0
55359,2.0,0,0,0,1,0,0,0,0,0,0,0,0,0,0,0,1,0,0
55700,2.0,0,0,0,0,1,0,0,0,0,0,0,0,0,0,0,0,1,0
440275,2.0,0,0,1,0,0,0,0,0,1,0,0,0,0,0,0,0,0,0
6920,2.0,0,1,0,0,0,0,0,0,0,0,0,0,0,1,0,0,0,0
23052,2.0,0,0,0,0,0,1,0,0,0,0,0,0,0,0,0,0,0,1
3321,2.0,1,0,0,0,0,0,0,0,0,0,0,0,1,0,0,0,0,0
26137,2.0,1,0,0,0,0,0,1,0,0,0,0,0,0,0,0,0,0,0
3698,2.0,0,1,0,0,0,0,0,1,0,0,0,0,0,0,0,0,0,0
9294,2.0,0,0,1,0,0,0,0,0,0,0,0,0,0,0,1,0,0,0
8635,2.0,0,1,0,0,0,0,0,0,0,0,0,0,0,1,0,0,0,0
55824,2.0,0,0,0,1,0,0,0,0,0,0,0,0,0,0,0,1,0,0
9820,2.0,0,0,0,1,0,0,0,0,0,0,0,0,0,0,0,1,0,0
91107,2.0,0,0,1,0,0,0,0,0,0,0,0,0,0,0,1,0,0,0
10801,2.0,0,0,0,1,0,0,0,0,0,0,0,0,0,0,0,1,0,0
387882,2.0,1,0,0,0,0,0,0,0,0,0,0,0,1,0,0,0,0,0
9812,2.0,0,1,0,0,0,0,0,0,0,0,0,0,0,1,0,0,0,0
64374,2.0,0,1,0,0,0,0,0,0,0,0,0,0,0,1,0,0,0,0
84225,2.0,1,0,0,0,0,0,0,0,0,0,0,0,1,0,0,0,0,0
339761,2.0,0,0,0,0,1,0,0,0,0,0,1,0,0,0,0,0,0,0
126282,2.0,0,1,0,0,0,0,0,0,0,0,0,0,0,1,0,0,0,0
1843,2.0,0,0,0,0,1,0,0,0,0,0,1,0,0,0,0,0,0,0
51228,2.0,1,0,0,0,0,0,1,0,0,0,0,0,0,0,0,0,0,0
83658,2.0,1,0,0,0,0,0,0,0,0,0,0,0,1,0,0,0,0,0
6990,2.0,0,0,0,0,0,1,0,0,0,0,0,0,0,0,0,0,0,1
56935,2.0,0,0,0,1,0,0,0,0,0,0,0,0,0,0,0,1,0,0
147807,2.0,0,0,0,1,0,0,0,0,0,0,0,0,0,0,0,1,0,0
56649,2.0,0,1,0,0,0,0,0,0,0,0,0,0,0,1,0,0,0,0
10475,2.0,0,0,1,0,0,0,0,0,1,0,0,0,0,0,0,0,0,0
57514,2.0,0,0,0,0,1,0,0,0,0,0,0,0,0,0,0,0,1,0
51522,2.0,0,0,1,0,0,0,0,0,0,0,0,0,0,0,1,0,0,0
29959,2.0,0,0,0,0,1,0,0,0,0,0,0,0,0,0,0,0,1,0
29952,2.0,0,1,0,0,0,0,0,0,0,0,0,0,0,1,0,0,0,0
23308,2.0,0,0,1,0,0,0,0,0,1,0,0,0,0,0,0,0,0,0
84056,2.0,0,0,0,0,1,0,0,0,0,0,0,0,0,0,0,0,1,0
54810,2.0,0,1,0,0,0,0,0,0,0,0,0,0,0,1,0,0,0,0
64838,2.0,0,0,0,0,0,1,0,0,0,0,0,0,0,0,0,0,0,1
81544,2.0,1,0,0,0,0,0,0,0,0,0,0,0,1,0,0,0,0,0
160335,2.0,0,0,1,0,0,0,0,0,1,0,0,0,0,0,0,0,0,0
55890,2.0,0,0,0,0,0,1,0,0,0,0,0,0,0,0,0,0,0,1
389337,2.0,0,0,1,0,0,0,0,0,0,0,0,0,0,0,1,0,0,0
81790,2.0,0,0,0,0,0,1,0,0,0,0,0,0,0,0,0,0,0,1
2057,2.0,0,0,0,1,0,0,0,0,0,0,0,0,0,0,0,1,0,0
10956,2.0,0,0,0,1,0,0,0,0,0,0,0,0,0,0,0,1,0,0
2638,2.0,0,0,1,0,0,0,0,0,0,0,0,0,0,0,1,0,0,0
25840,2.0,0,1,0,0,0,0,0,0,0,0,0,0,0,1,0,0,0,0
51131,2.0,1,0,0,0,0,0,0,0,0,0,0,0,1,0,0,0,0,0
92521,2.0,0,0,0,0,0,1,0,0,0,0,0,0,0,0,0,0,0,1
2330,2.0,0,1,0,0,0,0,0,1,0,0,0,0,0,0,0,0,0,0
65084,2.0,0,1,0,0,0,0,0,1,0,0,0,0,0,0,0,0,0,0
91748,2.0,1,0,0,0,0,0,0,0,0,0,0,0,1,0,0,0,0,0
11282,2.0,0,0,0,0,0,1,0,0,0,0,0,0,0,0,0,0,0,1
8935,2.0,0,0,0,0,1,0,0,0,0,0,0,0,0,0,0,0,1,0
25960,2.0,0,0,0,0,1,0,0,0,0,0,1,0,0,0,0,0,0,0
92291,2.0,0,0,0,0,0,1,0,0,0,0,0,0,0,0,0,0,0,1
403313,2.0,1,0,0,0,0,0,0,0,0,0,0,0,1,0,0,0,0,0
115019,2.0,0,1,0,0,0,0,0,1,0,0,0,0,0,0,0,0,0,0
5863,2.0,0,0,0,1,0,0,0,0,0,0,0,0,0,0,0,1,0,0
9144,2.0,0,0,1,0,0,0,0,0,0,0,0,0,0,0,1,0,0,0
79670,2.0,0,0,0,0,0,1,0,0,0,0,0,0,0,0,0,0,0,1
259217,2.0,0,0,0,0,1,0,0,0,0,0,0,0,0,0,0,0,1,0
4125,2.0,1,0,0,0,0,0,0,0,0,0,0,0,1,0,0,0,0,0
143379,2.0,0,0,0,0,0,1,0,0,0,0,0,0,0,0,0,0,0,1
26298,2.0,0,0,1,0,0,0,0,0,0,0,0,0,0,0,1,0,0,0
92689,2.0,0,0,0,0,0,1,0,0,0,0,0,0,0,0,0,0,0,1
90507,2.0,0,1,0,0,0,0,0,0,0,0,0,0,0,1,0,0,0,0
3476,2.0,0,0,0,1,0,0,0,0,0,0,0,0,0,0,0,1,0,0
1605,2.0,0,0,1,0,0,0,0,0,1,0,0,0,0,0,0,0,0,0
57488,2.0,0,0,0,1,0,0,0,0,0,0,0,0,0,0,0,1,0,0
2590,2.0,0,0,0,1,0,0,0,0,0,0,0,0,0,0,0,1,0,0
80168,2.0,0,0,1,0,0,0,0,0,0,0,0,0,0,0,1,0,0,0
64225,2.0,0,0,1,0,0,0,0,0,0,0,0,0,0,0,1,0,0,0
2907,2.0,0,0,1,0,0,0,0,0,0,0,0,0,0,0,1,0,0,0
64167,2.0,0,0,1,0,0,0,0,0,1,0,0,0,0,0,0,0,0,0
80256,2.0,0,0,0,0,1,0,0,0,0,0,0,0,0,0,0,0,1,0
55040,2.0,0,1,0,0,0,0,0,0,0,0,0,0,0,1,0,0,0,0
7405,2.0,1,0,0,0,0,0,0,0,0,0,0,0,1,0,0,0,0,0
9540,2.0,0,0,0,0,0,1,0,0,0,0,0,1,0,0,0,0,0,0
51301,2.0,0,0,1,0,0,0,0,0,1,0,0,0,0,0,0,0,0,0
134147,2.0,0,1,0,0,0,0,0,0,0,0,0,0,0,1,0,0,0,0
54414,2.0,0,1,0,0,0,0,0,0,0,0,0,0,0,1,0,0,0,0
253980,2.0,0,0,1,0,0,0,0,0,1,0,0,0,0,0,0,0,0,0
7461,2.0,1,0,0,0,0,0,0,0,0,0,0,0,1,0,0,0,0,0
58190,2.0,0,1,0,0,0,0,0,0,0,0,0,0,0,1,0,0,0,0
150696,2.0,0,1,0,0,0,0,0,1,0,0,0,0,0,0,0,0,0,0
200558,2.0,0,0,1,0,0,0,0,0,1,0,0,0,0,0,0,0,0,0
27295,2.0,0,0,0,0,1,0,0,0,0,0,0,0,0,0,0,0,1,0
171177,2.0,0,0,1,0,0,0,0,0,0,0,0,0,0,0,1,0,0,0
5993,2.0,1,0,0,0,0,0,0,0,0,0,0,0,1,0,0,0,0,0
152137,2.0,0,0,0,0,1,0,0,0,0,0,0,0,0,0,0,0,1,0
55893,2.0,0,1,0,0,0,0,0,0,0,0,0,0,0,1,0,0,0,0
9019,2.0,1,0,0,0,0,0,0,0,0,0,0,0,1,0,0,0,0,0
83959,2.0,0,0,0,0,0,1,0,0,0,0,0,1,0,0,0,0,0,0
9989,2.0,0,0,0,0,1,0,0,0,0,0,0,0,0,0,0,0,1,0
221393,2.0,0,0,0,0,1,0,0,0,0,0,1,0,0,0,0,0,0,0
23235,2.0,1,0,0,0,0,0,0,0,0,0,0,0,1,0,0,0,0,0
8462,2.0,1,0,0,0,0,0,1,0,0,0,0,0,0,0,0,0,0,0
27111,2.0,0,0,0,0,0,1,0,0,0,0,0,0,0,0,0,0,0,1
6887,2.0,0,0,1,0,0,0,0,0,1,0,0,0,0,0,0,0,0,0
54491,2.0,0,0,0,1,0,0,0,0,0,0,0,0,0,0,0,1,0,0
114294,2.0,1,0,0,0,0,0,0,0,0,0,0,0,1,0,0,0,0,0
132204,2.0,0,1,0,0,0,0,0,0,0,0,0,0,0,1,0,0,0,0
29967,2.0,0,0,0,0,1,0,0,0,0,0,0,0,0,0,0,0,1,0
57636,2.0,0,0,0,1,0,0,0,0,0,0,0,0,0,0,0,1,0,0
3628,2.0,0,0,0,1,0,0,0,0,0,0,0,0,0,0,0,1,0,0
828,2.0,0,0,0,1,0,0,0,0,0,0,0,0,0,0,0,1,0,0
6274,2.0,0,0,0,0,1,0,0,0,0,0,0,0,0,0,0,0,1,0
90550,2.0,0,0,0,1,0,0,0,0,0,0,0,0,0,0,0,1,0,0
93663,2.0,0,1,0,0,0,0,0,0,0,0,0,0,0,1,0,0,0,0
148170,2.0,0,0,1,0,0,0,0,0,1,0,0,0,0,0,0,0,0,0
55573,2.0,1,0,0,0,0,0,0,0,0,0,0,0,1,0,0,0,0,0
9546,2.0,0,0,1,0,0,0,0,0,0,0,0,0,0,0,1,0,0,0
80139,2.0,0,0,0,1,0,0,0,0,0,0,0,0,0,0,0,1,0,0
23382,2.0,0,0,1,0,0,0,0,0,0,0,0,0,0,0,1,0,0,0
54436,2.0,1,0,0,0,0,0,0,0,0,0,0,0,1,0,0,0,0,0
170954,2.0,0,0,0,0,1,0,0,0,0,0,0,0,0,0,0,0,1,0
140691,2.0,1,0,0,0,0,0,0,0,0,0,0,0,1,0,0,0,0,0
2580,2.0,0,0,1,0,0,0,0,0,0,0,0,0,0,0,1,0,0,0
2317,2.0,0,0,0,0,0,1,0,0,0,0,0,0,0,0,0,0,0,1
79932,2.0,0,0,0,1,0,0,0,0,0,0,0,0,0,0,0,1,0,0
79958,2.0,0,1,0,0,0,0,0,0,0,0,0,0,0,1,0,0,0,0
9368,2.0,0,1,0,0,0,0,0,0,0,0,0,0,0,1,0,0,0,0
11259,2.0,0,0,0,0,0,1,0,0,0,0,0,0,0,0,0,0,0,1
10723,2.0,1,0,0,0,0,0,0,0,0,0,0,0,1,0,0,0,0,0
3589,2.0,0,0,0,0,1,0,0,0,0,0,1,0,0,0,0,0,0,0
10626,2.0,0,0,1,0,0,0,0,0,1,0,0,0,0,0,0,0,0,0
8491,2.0,0,0,0,1,0,0,0,0,0,1,0,0,0,0,0,0,0,0
22882,2.0,1,0,0,0,0,0,0,0,0,0,0,0,1,0,0,0,0,0
241,2.0,0,0,0,0,1,0,0,0,0,0,1,0,0,0,0,0,0,0
401934,2.0,0,0,0,1,0,0,0,0,0,1,0,0,0,0,0,0,0,0
55788,2.0,0,0,0,1,0,0,0,0,0,1,0,0,0,0,0,0,0,0
54097,2.0,0,1,0,0,0,0,0,0,0,0,0,0,0,1,0,0,0,0
80736,2.0,0,0,0,1,0,0,0,0,0,1,0,0,0,0,0,0,0,0
10336,2.0,0,0,0,0,1,0,0,0,0,0,0,0,0,0,0,0,1,0
2519,2.0,0,1,0,0,0,0,0,1,0,0,0,0,0,0,0,0,0,0
79786,2.0,1,0,0,0,0,0,0,0,0,0,0,0,1,0,0,0,0,0
23030,2.0,0,0,0,1,0,0,0,0,0,0,0,0,0,0,0,1,0,0
6594,2.0,0,0,0,1,0,0,0,0,0,0,0,0,0,0,0,1,0,0
254102,2.0,0,0,0,0,0,1,0,0,0,0,0,0,0,0,0,0,0,1
3840,2.0,0,0,0,0,1,0,0,0,0,0,0,0,0,0,0,0,1,0
84517,2.0,1,0,0,0,0,0,0,0,0,0,0,0,1,0,0,0,0,0
11177,2.0,0,0,0,0,1,0,0,0,0,0,0,0,0,0,0,0,1,0
79669,2.0,0,0,0,0,1,0,0,0,0,0,0,0,0,0,0,0,1,0
25822,2.0,0,0,0,0,1,0,0,0,0,0,0,0,0,0,0,0,1,0
9235,2.0,0,0,1,0,0,0,0,0,1,0,0,0,0,0,0,0,0,0
5445,2.0,0,0,0,0,0,1,0,0,0,0,0,0,0,0,0,0,0,1
57579,2.0,0,0,0,1,0,0,0,0,0,1,0,0,0,0,0,0,0,0
377,2.0,0,0,1,0,0,0,0,0,0,0,0,0,0,0,1,0,0,0
57217,2.0,0,0,0,0,0,1,0,0,0,0,0,1,0,0,0,0,0,0
90488,2.0,0,0,0,1,0,0,0,0,0,0,0,0,0,0,0,1,0,0
387680,2.0,0,0,1,0,0,0,0,0,0,0,0,0,0,0,1,0,0,0
101,2.0,0,0,1,0,0,0,0,0,1,0,0,0,0,0,0,0,0,0
5801,2.0,0,1,0,0,0,0,0,0,0,0,0,0,0,1,0,0,0,0
284439,2.0,0,1,0,0,0,0,0,1,0,0,0,0,0,0,0,0,0,0
22993,2.0,1,0,0,0,0,0,0,0,0,0,0,0,1,0,0,0,0,0
55785,2.0,1,0,0,0,0,0,0,0,0,0,0,0,1,0,0,0,0,0
54896,2.0,0,0,0,0,0,1,0,0,0,0,0,1,0,0,0,0,0,0
9516,2.0,0,0,0,0,0,1,0,0,0,0,0,0,0,0,0,0,0,1
8905,2.0,0,0,0,0,1,0,0,0,0,0,0,0,0,0,0,0,1,0
26047,2.0,0,0,0,0,1,0,0,0,0,0,1,0,0,0,0,0,0,0
84263,2.0,0,1,0,0,0,0,0,0,0,0,0,0,0,1,0,0,0,0
55365,2.0,0,0,0,1,0,0,0,0,0,0,0,0,0,0,0,1,0,0
83878,2.0,0,0,1,0,0,0,0,0,0,0,0,0,0,0,1,0,0,0
55092,2.0,0,0,0,0,0,1,0,0,0,0,0,0,0,0,0,0,0,1
130574,2.0,0,0,1,0,0,0,0,0,0,0,0,0,0,0,1,0,0,0
65985,2.0,0,1,0,0,0,0,0,1,0,0,0,0,0,0,0,0,0,0
51082,2.0,0,1,0,0,0,0,0,0,0,0,0,0,0,1,0,0,0,0
9957,2.0,0,0,1,0,0,0,0,0,0,0,0,0,0,0,1,0,0,0
84926,2.0,0,0,0,0,0,1,0,0,0,0,0,0,0,0,0,0,0,1
64847,2.0,0,1,0,0,0,0,0,0,0,0,0,0,0,1,0,0,0,0
2217,2.0,0,1,0,0,0,0,0,0,0,0,0,0,0,1,0,0,0,0
5144,2.0,0,0,1,0,0,0,0,0,1,0,0,0,0,0,0,0,0,0
51162,2.0,0,1,0,0,0,0,0,0,0,0,0,0,0,1,0,0,0,0
7292,2.0,0,0,1,0,0,0,0,0,1,0,0,0,0,0,0,0,0,0
112483,2.0,0,0,0,1,0,0,0,0,0,1,0,0,0,0,0,0,0,0
55129,2.0,1,0,0,0,0,0,0,0,0,0,0,0,1,0,0,0,0,0
27044,2.0,0,1,0,0,0,0,0,0,0,0,0,0,0,1,0,0,0,0
51136,2.0,0,0,0,0,0,1,0,0,0,0,0,1,0,0,0,0,0,0
54843,2.0,0,0,0,0,0,1,0,0,0,0,0,1,0,0,0,0,0,0
8372,2.0,1,0,0,0,0,0,1,0,0,0,0,0,0,0,0,0,0,0
399694,2.0,0,0,0,0,1,0,0,0,0,0,1,0,0,0,0,0,0,0
7178,2.0,0,0,0,1,0,0,0,0,0,0,0,0,0,0,0,1,0,0
23179,2.0,0,0,1,0,0,0,0,0,0,0,0,0,0,0,1,0,0,0
4616,2.0,0,0,0,0,1,0,0,0,0,0,1,0,0,0,0,0,0,0
23446,2.0,0,1,0,0,0,0,0,1,0,0,0,0,0,0,0,0,0,0
133121,2.0,0,0,1,0,0,0,0,0,0,0,0,0,0,0,1,0,0,0
285203,2.0,1,0,0,0,0,0,1,0,0,0,0,0,0,0,0,0,0,0
27343,2.0,0,1,0,0,0,0,0,0,0,0,0,0,0,1,0,0,0,0
7165,2.0,0,0,0,0,0,1,0,0,0,0,0,0,0,0,0,0,0,1
4586,2.0,0,0,0,1,0,0,0,0,0,0,0,0,0,0,0,1,0,0
55754,2.0,1,0,0,0,0,0,0,0,0,0,0,0,1,0,0,0,0,0
51292,2.0,0,1,0,0,0,0,0,0,0,0,0,0,0,1,0,0,0,0
4745,2.0,0,0,0,1,0,0,0,0,0,0,0,0,0,0,0,1,0,0
4007,2.0,0,0,1,0,0,0,0,0,0,0,0,0,0,0,1,0,0,0
56892,2.0,0,0,0,0,1,0,0,0,0,0,0,0,0,0,0,0,1,0
89845,2.0,0,0,1,0,0,0,0,0,1,0,0,0,0,0,0,0,0,0
51655,2.0,0,0,0,0,1,0,0,0,0,0,0,0,0,0,0,0,1,0
9022,2.0,0,0,0,1,0,0,0,0,0,0,0,0,0,0,0,1,0,0
79751,2.0,0,0,1,0,0,0,0,0,0,0,0,0,0,0,1,0,0,0
64943,2.0,0,0,0,0,1,0,0,0,0,0,0,0,0,0,0,0,1,0
9926,2.0,1,0,0,0,0,0,0,0,0,0,0,0,1,0,0,0,0,0
6674,2.0,1,0,0,0,0,0,0,0,0,0,0,0,1,0,0,0,0,0
81579,2.0,0,1,0,0,0,0,0,1,0,0,0,0,0,0,0,0,0,0
10446,2.0,0,0,0,0,1,0,0,0,0,0,0,0,0,0,0,0,1,0
8549,2.0,1,0,0,0,0,0,1,0,0,0,0,0,0,0,0,0,0,0
7403,2.0,1,0,0,0,0,0,0,0,0,0,0,0,1,0,0,0,0,0
27345,2.0,0,0,0,1,0,0,0,0,0,1,0,0,0,0,0,0,0,0
55328,2.0,0,0,0,1,0,0,0,0,0,0,0,0,0,0,0,1,0,0
57674,2.0,1,0,0,0,0,0,0,0,0,0,0,0,1,0,0,0,0,0
91828,2.0,0,0,1,0,0,0,0,0,0,0,0,0,0,0,1,0,0,0
93349,2.0,1,0,0,0,0,0,0,0,0,0,0,0,1,0,0,0,0,0
822,2.0,0,0,0,0,0,1,0,0,0,0,0,1,0,0,0,0,0,0
26031,2.0,0,0,0,0,0,1,0,0,0,0,0,0,0,0,0,0,0,1
7286,2.0,0,0,0,0,1,0,0,0,0,0,0,0,0,0,0,0,1,0
92745,2.0,0,0,0,1,0,0,0,0,0,1,0,0,0,0,0,0,0,0
91010,2.0,0,0,0,0,1,0,0,0,0,0,0,0,0,0,0,0,1,0
63027,2.0,0,0,0,0,0,1,0,0,0,0,0,0,0,0,0,0,0,1
51573,2.0,0,0,0,1,0,0,0,0,0,1,0,0,0,0,0,0,0,0
4645,2.0,0,0,0,0,0,1,0,0,0,0,0,0,0,0,0,0,0,1
11329,2.0,0,0,0,0,0,1,0,0,0,0,0,0,0,0,0,0,0,1
23597,2.0,0,0,0,0,0,1,0,0,0,0,0,0,0,0,0,0,0,1
8502,2.0,1,0,0,0,0,0,0,0,0,0,0,0,1,0,0,0,0,0
23443,2.0,0,1,0,0,0,0,0,1,0,0,0,0,0,0,0,0,0,0
116984,2.0,0,0,0,0,0,1,0,0,0,0,0,1,0,0,0,0,0,0
28987,2.0,0,1,0,0,0,0,0,0,0,0,0,0,0,1,0,0,0,0
81532,2.0,0,0,0,0,0,1,0,0,0,0,0,0,0,0,0,0,0,1
8634,2.0,0,0,0,0,0,1,0,0,0,0,0,0,0,0,0,0,0,1
310,2.0,1,0,0,0,0,0,0,0,0,0,0,0,1,0,0,0,0,0
55337,2.0,1,0,0,0,0,0,1,0,0,0,0,0,0,0,0,0,0,0
5909,2.0,0,0,0,1,0,0,0,0,0,1,0,0,0,0,0,0,0,0
9853,2.0,0,0,0,0,1,0,0,0,0,0,0,0,0,0,0,0,1,0
1827,2.0,0,0,0,0,0,1,0,0,0,0,0,1,0,0,0,0,0,0
2730,2.0,1,0,0,0,0,0,1,0,0,0,0,0,0,0,0,0,0,0
55917,2.0,0,0,0,0,0,1,0,0,0,0,0,0,0,0,0,0,0,1
2706,2.0,0,0,1,0,0,0,0,0,1,0,0,0,0,0,0,0,0,0
148932,2.0,1,0,0,0,0,0,0,0,0,0,0,0,1,0,0,0,0,0
3749,2.0,0,0,0,0,0,1,0,0,0,0,0,0,0,0,0,0,0,1
79956,2.0,0,1,0,0,0,0,0,0,0,0,0,0,0,1,0,0,0,0
2847,2.0,1,0,0,0,0,0,0,0,0,0,0,0,1,0,0,0,0,0
23158,2.0,0,0,0,0,0,1,0,0,0,0,0,1,0,0,0,0,0,0
150372,2.0,0,0,1,0,0,0,0,0,0,0,0,0,0,0,1,0,0,0
116151,2.0,0,0,0,0,0,1,0,0,0,0,0,0,0,0,0,0,0,1
5638,2.0,0,0,1,0,0,0,0,0,0,0,0,0,0,0,1,0,0,0
151195,2.0,0,0,0,0,1,0,0,0,0,0,0,0,0,0,0,0,1,0
9741,2.0,0,0,0,1,0,0,0,0,0,0,0,0,0,0,0,1,0,0
160760,2.0,1,0,0,0,0,0,0,0,0,0,0,0,1,0,0,0,0,0
56894,2.0,1,0,0,0,0,0,0,0,0,0,0,0,1,0,0,0,0,0
27113,2.0,1,0,0,0,0,0,1,0,0,0,0,0,0,0,0,0,0,0
25938,2.0,1,0,0,0,0,0,0,0,0,0,0,0,1,0,0,0,0,0
3604,2.0,0,0,1,0,0,0,0,0,1,0,0,0,0,0,0,0,0,0
55332,2.0,1,0,0,0,0,0,1,0,0,0,0,0,0,0,0,0,0,0
54492,2.0,0,0,0,0,1,0,0,0,0,0,0,0,0,0,0,0,1,0
196264,2.0,0,0,0,1,0,0,0,0,0,0,0,0,0,0,0,1,0,0
338440,2.0,0,0,1,0,0,0,0,0,1,0,0,0,0,0,0,0,0,0
8548,2.0,0,0,0,0,0,1,0,0,0,0,0,0,0,0,0,0,0,1
4327,2.0,0,0,1,0,0,0,0,0,1,0,0,0,0,0,0,0,0,0
80830,2.0,0,0,1,0,0,0,0,0,0,0,0,0,0,0,1,0,0,0
9411,2.0,1,0,0,0,0,0,0,0,0,0,0,0,1,0,0,0,0,0
11309,2.0,0,1,0,0,0,0,0,1,0,0,0,0,0,0,0,0,0,0
56985,2.0,0,0,0,1,0,0,0,0,0,1,0,0,0,0,0,0,0,0
7980,2.0,0,0,0,0,1,0,0,0,0,0,0,0,0,0,0,0,1,0
23190,2.0,0,0,0,0,0,1,0,0,0,0,0,0,0,0,0,0,0,1
10749,2.0,0,0,0,0,0,1,0,0,0,0,0,0,0,0,0,0,0,1
3068,2.0,0,0,1,0,0,0,0,0,0,0,0,0,0,0,1,0,0,0
10076,2.0,0,0,0,1,0,0,0,0,0,0,0,0,0,0,0,1,0,0
55831,2.0,1,0,0,0,0,0,0,0,0,0,0,0,1,0,0,0,0,0
23253,2.0,1,0,0,0,0,0,0,0,0,0,0,0,1,0,0,0,0,0
57139,2.0,0,0,0,1,0,0,0,0,0,0,0,0,0,0,0,1,0,0
8542,2.0,0,0,1,0,0,0,0,0,1,0,0,0,0,0,0,0,0,0
23392,2.0,0,0,1,0,0,0,0,0,0,0,0,0,0,0,1,0,0,0
6533,2.0,0,0,0,1,0,0,0,0,0,1,0,0,0,0,0,0,0,0
51614,2.0,0,1,0,0,0,0,0,0,0,0,0,0,0,1,0,0,0,0
79041,2.0,0,1,0,0,0,0,0,0,0,0,0,0,0,1,0,0,0,0
9610,2.0,0,1,0,0,0,0,0,0,0,0,0,0,0,1,0,0,0,0
57511,2.0,0,0,0,1,0,0,0,0,0,0,0,0,0,0,0,1,0,0
23413,2.0,0,0,0,0,1,0,0,0,0,0,0,0,0,0,0,0,1,0
29887,2.0,1,0,0,0,0,0,1,0,0,0,0,0,0,0,0,0,0,0
359948,2.0,0,1,0,0,0,0,0,0,0,0,0,0,0,1,0,0,0,0
6102,2.0,0,0,0,0,0,1,0,0,0,0,0,0,0,0,0,0,0,1
55591,2.0,0,0,0,0,0,1,0,0,0,0,0,0,0,0,0,0,0,1
342897,2.0,0,0,1,0,0,0,0,0,0,0,0,0,0,0,1,0,0,0
25966,2.0,0,0,1,0,0,0,0,0,0,0,0,0,0,0,1,0,0,0
3249,2.0,0,1,0,0,0,0,0,0,0,0,0,0,0,1,0,0,0,0
55916,2.0,0,0,1,0,0,0,0,0,0,0,0,0,0,0,1,0,0,0
127544,2.0,0,0,0,0,1,0,0,0,0,0,0,0,0,0,0,0,1,0
8876,2.0,0,0,1,0,0,0,0,0,0,0,0,0,0,0,1,0,0,0
8460,2.0,0,0,0,0,1,0,0,0,0,0,0,0,0,0,0,0,1,0
23531,2.0,0,0,0,0,1,0,0,0,0,0,0,0,0,0,0,0,1,0
1384,2.0,0,0,0,1,0,0,0,0,0,0,0,0,0,0,0,1,0,0
257629,2.0,0,1,0,0,0,0,0,0,0,0,0,0,0,1,0,0,0,0
51586,2.0,1,0,0,0,0,0,0,0,0,0,0,0,1,0,0,0,0,0
3623,2.0,0,0,0,1,0,0,0,0,0,1,0,0,0,0,0,0,0,0
27189,2.0,1,0,0,0,0,0,1,0,0,0,0,0,0,0,0,0,0,0
8447,2.0,0,0,1,0,0,0,0,0,1,0,0,0,0,0,0,0,0,0
145501,2.0,0,0,0,1,0,0,0,0,0,0,0,0,0,0,0,1,0,0
341019,2.0,0,0,0,1,0,0,0,0,0,0,0,0,0,0,0,1,0,0
80212,2.0,0,0,0,0,1,0,0,0,0,0,0,0,0,0,0,0,1,0
123879,2.0,1,0,0,0,0,0,0,0,0,0,0,0,1,0,0,0,0,0
85014,2.0,0,1,0,0,0,0,0,0,0,0,0,0,0,1,0,0,0,0
92181,2.0,0,0,0,0,1,0,0,0,0,0,0,0,0,0,0,0,1,0
78990,2.0,0,0,0,1,0,0,0,0,0,0,0,0,0,0,0,1,0,0
54842,2.0,0,0,0,0,0,1,0,0,0,0,0,0,0,0,0,0,0,1
26010,2.0,0,0,0,1,0,0,0,0,0,0,0,0,0,0,0,1,0,0
63898,2.0,1,0,0,0,0,0,0,0,0,0,0,0,1,0,0,0,0,0
84255,2.0,0,0,0,0,0,1,0,0,0,0,0,0,0,0,0,0,0,1
79705,2.0,0,0,1,0,0,0,0,0,0,0,0,0,0,0,1,0,0,0
54498,2.0,0,0,0,0,1,0,0,0,0,0,0,0,0,0,0,0,1,0
84067,2.0,0,0,0,1,0,0,0,0,0,0,0,0,0,0,0,1,0,0
7499,2.0,0,0,1,0,0,0,0,0,1,0,0,0,0,0,0,0,0,0
966,2.0,0,0,0,0,0,1,0,0,0,0,0,0,0,0,0,0,0,1
439921,2.0,0,0,0,0,1,0,0,0,0,0,0,0,0,0,0,0,1,0
51506,2.0,0,0,0,1,0,0,0,0,0,0,0,0,0,0,0,1,0,0
53347,2.0,0,0,1,0,0,0,0,0,0,0,0,0,0,0,1,0,0,0
23608,2.0,0,0,0,1,0,0,0,0,0,0,0,0,0,0,0,1,0,0
8728,2.0,0,0,0,0,1,0,0,0,0,0,0,0,0,0,0,0,1,0
5476,2.0,0,0,0,1,0,0,0,0,0,0,0,0,0,0,0,1,0,0
80223,2.0,1,0,0,0,0,0,0,0,0,0,0,0,1,0,0,0,0,0
83719,2.0,0,0,0,1,0,0,0,0,0,0,0,0,0,0,0,1,0,0
432,2.0,0,0,0,1,0,0,0,0,0,0,0,0,0,0,0,1,0,0
445815,2.0,0,0,0,0,1,0,0,0,0,0,0,0,0,0,0,0,1,0
78987,2.0,0,0,0,1,0,0,0,0,0,0,0,0,0,0,0,1,0,0
57214,2.0,0,1,0,0,0,0,0,1,0,0,0,0,0,0,0,0,0,0
7104,2.0,0,1,0,0,0,0,0,0,0,0,0,0,0,1,0,0,0,0
4045,2.0,0,0,1,0,0,0,0,0,0,0,0,0,0,0,1,0,0,0
91133,2.0,0,0,1,0,0,0,0,0,0,0,0,0,0,0,1,0,0,0
754,2.0,0,0,0,0,0,1,0,0,0,0,0,0,0,0,0,0,0,1
81932,2.0,0,0,0,1,0,0,0,0,0,0,0,0,0,0,0,1,0,0
92714,2.0,1,0,0,0,0,0,0,0,0,0,0,0,1,0,0,0,0,0
1075,2.0,0,1,0,0,0,0,0,0,0,0,0,0,0,1,0,0,0,0
10769,2.0,0,0,0,0,0,1,0,0,0,0,0,0,0,0,0,0,0,1
11313,2.0,0,0,0,0,0,1,0,0,0,0,0,0,0,0,0,0,0,1
389136,2.0,0,0,0,0,1,0,0,0,0,0,0,0,0,0,0,0,1,0
81848,2.0,0,0,0,1,0,0,0,0,0,0,0,0,0,0,0,1,0,0
57572,2.0,0,0,0,1,0,0,0,0,0,0,0,0,0,0,0,1,0,0
83715,2.0,0,1,0,0,0,0,0,0,0,0,0,0,0,1,0,0,0,0
93100,2.0,0,1,0,0,0,0,0,0,0,0,0,0,0,1,0,0,0,0
79971,2.0,0,1,0,0,0,0,0,0,0,0,0,0,0,1,0,0,0,0
79156,2.0,1,0,0,0,0,0,0,0,0,0,0,0,1,0,0,0,0,0
155465,2.0,0,1,0,0,0,0,0,1,0,0,0,0,0,0,0,0,0,0
9936,2.0,0,1,0,0,0,0,0,0,0,0,0,0,0,1,0,0,0,0
22926,2.0,1,0,0,0,0,0,0,0,0,0,0,0,1,0,0,0,0,0
3839,2.0,0,0,0,0,1,0,0,0,0,0,0,0,0,0,0,0,1,0
23466,2.0,1,0,0,0,0,0,0,0,0,0,0,0,1,0,0,0,0,0
54480,2.0,0,0,0,0,0,1,0,0,0,0,0,0,0,0,0,0,0,1
25897,2.0,0,0,1,0,0,0,0,0,0,0,0,0,0,0,1,0,0,0
140685,2.0,0,0,0,0,1,0,0,0,0,0,1,0,0,0,0,0,0,0
9469,2.0,0,0,0,0,1,0,0,0,0,0,1,0,0,0,0,0,0,0
201176,2.0,0,0,0,1,0,0,0,0,0,0,0,0,0,0,0,1,0,0
6509,2.0,0,0,0,0,1,0,0,0,0,0,1,0,0,0,0,0,0,0
79574,2.0,0,0,0,1,0,0,0,0,0,1,0,0,0,0,0,0,0,0
10046,2.0,0,0,0,0,1,0,0,0,0,0,0,0,0,0,0,0,1,0
29950,2.0,0,0,0,0,0,1,0,0,0,0,0,0,0,0,0,0,0,1
26751,2.0,0,1,0,0,0,0,0,0,0,0,0,0,0,1,0,0,0,0
10231,2.0,0,0,0,0,1,0,0,0,0,0,0,0,0,0,0,0,1,0
2581,2.0,0,0,1,0,0,0,0,0,0,0,0,0,0,0,1,0,0,0
121274,2.0,0,0,0,0,1,0,0,0,0,0,0,0,0,0,0,0,1,0
80727,2.0,0,0,0,0,0,1,0,0,0,0,0,0,0,0,0,0,0,1
2065,2.0,0,1,0,0,0,0,0,0,0,0,0,0,0,1,0,0,0,0
26037,2.0,1,0,0,0,0,0,0,0,0,0,0,0,1,0,0,0,0,0
401409,2.0,1,0,0,0,0,0,0,0,0,0,0,0,1,0,0,0,0,0
55237,1.0,0,0,1,0,0,0,0,0,0,0,0,0,0,0,0,0,0,0
57699,1.0,0,0,1,0,0,0,0,0,0,0,0,0,0,0,0,0,0,0
81603,1.0,0,0,0,0,1,0,0,0,0,0,0,0,0,0,0,0,0,0
3898,1.0,1,0,0,0,0,0,0,0,0,0,0,0,0,0,0,0,0,0
642475,1.0,0,1,0,0,0,0,0,0,0,0,0,0,0,0,0,0,0,0
221710,1.0,0,0,0,0,1,0,0,0,0,0,0,0,0,0,0,0,0,0
64743,1.0,0,0,0,1,0,0,0,0,0,0,0,0,0,0,0,0,0,0
54897,1.0,0,0,0,0,0,1,0,0,0,0,0,0,0,0,0,0,0,0
201232,1.0,1,0,0,0,0,0,0,0,0,0,0,0,0,0,0,0,0,0
134548,1.0,0,1,0,0,0,0,0,0,0,0,0,0,0,0,0,0,0,0
11067,1.0,1,0,0,0,0,0,0,0,0,0,0,0,0,0,0,0,0,0
81621,1.0,0,0,0,1,0,0,0,0,0,0,0,0,0,0,0,0,0,0
151242,1.0,0,0,0,1,0,0,0,0,0,0,0,0,0,0,0,0,0,0
162461,1.0,0,0,0,1,0,0,0,0,0,0,0,0,0,0,0,0,0,0
83938,1.0,0,0,1,0,0,0,0,0,0,0,0,0,0,0,0,0,0,0
60685,1.0,0,0,0,0,0,1,0,0,0,0,0,0,0,0,0,0,0,0
6524,1.0,0,0,1,0,0,0,0,0,0,0,0,0,0,0,0,0,0,0
199720,1.0,0,0,0,1,0,0,0,0,0,0,0,0,0,0,0,0,0,0
26112,1.0,0,0,0,0,0,1,0,0,0,0,0,0,0,0,0,0,0,0
91283,1.0,0,0,0,0,1,0,0,0,0,0,0,0,0,0,0,0,0,0
8416,1.0,0,1,0,0,0,0,0,0,0,0,0,0,0,0,0,0,0,0
6689,1.0,0,0,1,0,0,0,0,0,0,0,0,0,0,0,0,0,0,0
57179,1.0,0,0,0,0,0,1,0,0,0,0,0,0,0,0,0,0,0,0
5284,1.0,0,0,1,0,0,0,0,0,0,0,0,0,0,0,0,0,0,0
91298,1.0,0,0,1,0,0,0,0,0,0,0,0,0,0,0,0,0,0,0
57048,1.0,0,0,0,0,0,1,0,0,0,0,0,0,0,0,0,0,0,0
55108,1.0,0,0,0,0,0,1,0,0,0,0,0,0,0,0,0,0,0,0
10806,1.0,0,0,0,1,0,0,0,0,0,0,0,0,0,0,0,0,0,0
101410538,1.0,0,0,0,1,0,0,0,0,0,0,0,0,0,0,0,0,0,0
10509,1.0,0,0,0,1,0,0,0,0,0,0,0,0,0,0,0,0,0,0
100862671,1.0,1,0,0,0,0,0,0,0,0,0,0,0,0,0,0,0,0,0
51643,1.0,0,0,1,0,0,0,0,0,0,0,0,0,0,0,0,0,0,0
66036,1.0,0,0,0,0,1,0,0,0,0,0,0,0,0,0,0,0,0,0
157695,1.0,0,1,0,0,0,0,0,0,0,0,0,0,0,0,0,0,0,0
54467,1.0,0,0,0,0,0,1,0,0,0,0,0,0,0,0,0,0,0,0
140700,1.0,0,0,1,0,0,0,0,0,0,0,0,0,0,0,0,0,0,0
26499,1.0,0,0,0,0,1,0,0,0,0,0,0,0,0,0,0,0,0,0
51513,1.0,0,0,1,0,0,0,0,0,0,0,0,0,0,0,0,0,0,0
8501,1.0,0,1,0,0,0,0,0,0,0,0,0,0,0,0,0,0,0,0
7802,1.0,0,1,0,0,0,0,0,0,0,0,0,0,0,0,0,0,0,0
91351,1.0,0,0,0,0,0,1,0,0,0,0,0,0,0,0,0,0,0,0
9122,1.0,0,0,0,0,0,1,0,0,0,0,0,0,0,0,0,0,0,0
1510,1.0,1,0,0,0,0,0,0,0,0,0,0,0,0,0,0,0,0,0
51646,1.0,0,0,0,0,0,1,0,0,0,0,0,0,0,0,0,0,0,0
27151,1.0,0,0,0,0,1,0,0,0,0,0,0,0,0,0,0,0,0,0
685,1.0,0,0,1,0,0,0,0,0,0,0,0,0,0,0,0,0,0,0
388403,1.0,0,0,0,1,0,0,0,0,0,0,0,0,0,0,0,0,0,0
164312,1.0,0,0,1,0,0,0,0,0,0,0,0,0,0,0,0,0,0,0
167691,1.0,1,0,0,0,0,0,0,0,0,0,0,0,0,0,0,0,0,0
114790,1.0,0,0,0,1,0,0,0,0,0,0,0,0,0,0,0,0,0,0
338596,1.0,0,0,0,1,0,0,0,0,0,0,0,0,0,0,0,0,0,0
8190,1.0,0,0,1,0,0,0,0,0,0,0,0,0,0,0,0,0,0,0
138050,1.0,0,0,0,0,0,1,0,0,0,0,0,0,0,0,0,0,0,0
54858,1.0,0,0,0,1,0,0,0,0,0,0,0,0,0,0,0,0,0,0
64207,1.0,0,0,0,0,1,0,0,0,0,0,0,0,0,0,0,0,0,0
57720,1.0,1,0,0,0,0,0,0,0,0,0,0,0,0,0,0,0,0,0
2533,1.0,0,0,1,0,0,0,0,0,0,0,0,0,0,0,0,0,0,0
90853,1.0,0,0,0,0,1,0,0,0,0,0,0,0,0,0,0,0,0,0
387521,1.0,0,0,0,0,0,1,0,0,0,0,0,0,0,0,0,0,0,0
83742,1.0,0,0,1,0,0,0,0,0,0,0,0,0,0,0,0,0,0,0
388588,1.0,0,0,0,1,0,0,0,0,0,0,0,0,0,0,0,0,0,0
11226,1.0,1,0,0,0,0,0,0,0,0,0,0,0,0,0,0,0,0,0
23507,1.0,1,0,0,0,0,0,0,0,0,0,0,0,0,0,0,0,0,0
201895,1.0,0,1,0,0,0,0,0,0,0,0,0,0,0,0,0,0,0,0
388630,1.0,1,0,0,0,0,0,0,0,0,0,0,0,0,0,0,0,0,0
827,1.0,0,0,0,1,0,0,0,0,0,0,0,0,0,0,0,0,0,0
85453,1.0,0,0,1,0,0,0,0,0,0,0,0,0,0,0,0,0,0,0
10406,1.0,1,0,0,0,0,0,0,0,0,0,0,0,0,0,0,0,0,0
10144,1.0,0,1,0,0,0,0,0,0,0,0,0,0,0,0,0,0,0,0
11245,1.0,0,0,1,0,0,0,0,0,0,0,0,0,0,0,0,0,0,0
11136,1.0,0,0,1,0,0,0,0,0,0,0,0,0,0,0,0,0,0,0
1117,1.0,0,0,1,0,0,0,0,0,0,0,0,0,0,0,0,0,0,0
140576,1.0,0,0,0,0,0,1,0,0,0,0,0,0,0,0,0,0,0,0
83699,1.0,1,0,0,0,0,0,0,0,0,0,0,0,0,0,0,0,0,0
94015,1.0,1,0,0,0,0,0,0,0,0,0,0,0,0,0,0,0,0,0
55861,1.0,0,0,0,0,0,1,0,0,0,0,0,0,0,0,0,0,0,0
10308,1.0,1,0,0,0,0,0,0,0,0,0,0,0,0,0,0,0,0,0
401145,1.0,0,0,0,1,0,0,0,0,0,0,0,0,0,0,0,0,0,0
79946,1.0,0,0,0,0,0,1,0,0,0,0,0,0,0,0,0,0,0,0
25849,1.0,0,0,0,1,0,0,0,0,0,0,0,0,0,0,0,0,0,0
285016,1.0,0,0,1,0,0,0,0,0,0,0,0,0,0,0,0,0,0,0
11182,1.0,0,0,1,0,0,0,0,0,0,0,0,0,0,0,0,0,0,0
10232,1.0,0,0,0,1,0,0,0,0,0,0,0,0,0,0,0,0,0,0
22887,1.0,0,0,0,1,0,0,0,0,0,0,0,0,0,0,0,0,0,0
114800,1.0,0,0,1,0,0,0,0,0,0,0,0,0,0,0,0,0,0,0
8804,1.0,0,1,0,0,0,0,0,0,0,0,0,0,0,0,0,0,0,0
162417,1.0,0,0,0,1,0,0,0,0,0,0,0,0,0,0,0,0,0,0
221895,1.0,1,0,0,0,0,0,0,0,0,0,0,0,0,0,0,0,0,0
10099,1.0,0,1,0,0,0,0,0,0,0,0,0,0,0,0,0,0,0,0
84419,1.0,0,0,0,0,1,0,0,0,0,0,0,0,0,0,0,0,0,0
23593,1.0,0,0,0,0,0,1,0,0,0,0,0,0,0,0,0,0,0,0
23313,1.0,0,0,0,0,1,0,0,0,0,0,0,0,0,0,0,0,0,0
84836,1.0,0,1,0,0,0,0,0,0,0,0,0,0,0,0,0,0,0,0
84627,1.0,0,0,0,0,1,0,0,0,0,0,0,0,0,0,0,0,0,0
5918,1.0,0,0,1,0,0,0,0,0,0,0,0,0,0,0,0,0,0,0
60468,1.0,0,0,0,0,1,0,0,0,0,0,0,0,0,0,0,0,0,0
55762,1.0,1,0,0,0,0,0,0,0,0,0,0,0,0,0,0,0,0,0
79412,1.0,0,0,1,0,0,0,0,0,0,0,0,0,0,0,0,0,0,0
255239,1.0,1,0,0,0,0,0,0,0,0,0,0,0,0,0,0,0,0,0
79696,1.0,1,0,0,0,0,0,0,0,0,0,0,0,0,0,0,0,0,0
340527,1.0,0,0,1,0,0,0,0,0,0,0,0,0,0,0,0,0,0,0
64420,1.0,1,0,0,0,0,0,0,0,0,0,0,0,0,0,0,0,0,0
79007,1.0,0,0,0,0,0,1,0,0,0,0,0,0,0,0,0,0,0,0
54020,1.0,0,0,1,0,0,0,0,0,0,0,0,0,0,0,0,0,0,0
58489,1.0,0,1,0,0,0,0,0,0,0,0,0,0,0,0,0,0,0,0
80381,1.0,0,0,0,0,1,0,0,0,0,0,0,0,0,0,0,0,0,0
80219,1.0,0,0,0,0,0,1,0,0,0,0,0,0,0,0,0,0,0,0
23148,1.0,0,0,0,0,1,0,0,0,0,0,0,0,0,0,0,0,0,0
79140,1.0,0,0,1,0,0,0,0,0,0,0,0,0,0,0,0,0,0,0
79815,1.0,0,0,0,0,0,1,0,0,0,0,0,0,0,0,0,0,0,0
23780,1.0,0,0,0,0,0,1,0,0,0,0,0,0,0,0,0,0,0,0
100506144,1.0,0,0,1,0,0,0,0,0,0,0,0,0,0,0,0,0,0,0
84273,1.0,0,1,0,0,0,0,0,0,0,0,0,0,0,0,0,0,0,0
50619,1.0,0,1,0,0,0,0,0,0,0,0,0,0,0,0,0,0,0,0
1358,1.0,0,0,1,0,0,0,0,0,0,0,0,0,0,0,0,0,0,0
93082,1.0,0,0,1,0,0,0,0,0,0,0,0,0,0,0,0,0,0,0
51545,1.0,0,1,0,0,0,0,0,0,0,0,0,0,0,0,0,0,0,0
10106,1.0,0,0,0,1,0,0,0,0,0,0,0,0,0,0,0,0,0,0
442213,1.0,0,0,0,1,0,0,0,0,0,0,0,0,0,0,0,0,0,0
51015,1.0,0,0,1,0,0,0,0,0,0,0,0,0,0,0,0,0,0,0
50853,1.0,0,1,0,0,0,0,0,0,0,0,0,0,0,0,0,0,0,0
3026,1.0,0,1,0,0,0,0,0,0,0,0,0,0,0,0,0,0,0,0
54854,1.0,0,0,0,1,0,0,0,0,0,0,0,0,0,0,0,0,0,0
440400,1.0,1,0,0,0,0,0,0,0,0,0,0,0,0,0,0,0,0,0
8537,1.0,0,1,0,0,0,0,0,0,0,0,0,0,0,0,0,0,0,0
644150,1.0,0,0,1,0,0,0,0,0,0,0,0,0,0,0,0,0,0,0
2878,1.0,0,0,0,1,0,0,0,0,0,0,0,0,0,0,0,0,0,0
120376,1.0,0,1,0,0,0,0,0,0,0,0,0,0,0,0,0,0,0,0
10435,1.0,1,0,0,0,0,0,0,0,0,0,0,0,0,0,0,0,0,0
259173,1.0,0,0,0,0,0,1,0,0,0,0,0,0,0,0,0,0,0,0
54863,1.0,0,0,0,1,0,0,0,0,0,0,0,0,0,0,0,0,0,0
136306,1.0,0,0,0,1,0,0,0,0,0,0,0,0,0,0,0,0,0,0
141,1.0,1,0,0,0,0,0,0,0,0,0,0,0,0,0,0,0,0,0
11254,1.0,1,0,0,0,0,0,0,0,0,0,0,0,0,0,0,0,0,0
66000,1.0,0,0,1,0,0,0,0,0,0,0,0,0,0,0,0,0,0,0
5937,1.0,0,0,0,0,0,1,0,0,0,0,0,0,0,0,0,0,0,0
27352,1.0,0,0,0,1,0,0,0,0,0,0,0,0,0,0,0,0,0,0
9603,1.0,0,0,1,0,0,0,0,0,0,0,0,0,0,0,0,0,0,0
201625,1.0,0,1,0,0,0,0,0,0,0,0,0,0,0,0,0,0,0,0
9592,1.0,0,0,0,0,0,1,0,0,0,0,0,0,0,0,0,0,0,0
94122,1.0,0,0,0,1,0,0,0,0,0,0,0,0,0,0,0,0,0,0
221749,1.0,0,0,0,0,0,1,0,0,0,0,0,0,0,0,0,0,0,0
11010,1.0,0,0,0,0,1,0,0,0,0,0,0,0,0,0,0,0,0,0
9899,1.0,0,0,1,0,0,0,0,0,0,0,0,0,0,0,0,0,0,0
2707,1.0,0,0,0,0,0,1,0,0,0,0,0,0,0,0,0,0,0,0
57509,1.0,0,1,0,0,0,0,0,0,0,0,0,0,0,0,0,0,0,0
79683,1.0,0,0,1,0,0,0,0,0,0,0,0,0,0,0,0,0,0,0
440498,1.0,0,1,0,0,0,0,0,0,0,0,0,0,0,0,0,0,0,0
92558,1.0,1,0,0,0,0,0,0,0,0,0,0,0,0,0,0,0,0,0
84514,1.0,0,1,0,0,0,0,0,0,0,0,0,0,0,0,0,0,0,0
79794,1.0,0,0,0,0,0,1,0,0,0,0,0,0,0,0,0,0,0,0
7348,1.0,0,0,0,1,0,0,0,0,0,0,0,0,0,0,0,0,0,0
123920,1.0,0,0,0,0,1,0,0,0,0,0,0,0,0,0,0,0,0,0
129450,1.0,1,0,0,0,0,0,0,0,0,0,0,0,0,0,0,0,0,0
54933,1.0,0,0,1,0,0,0,0,0,0,0,0,0,0,0,0,0,0,0
64208,1.0,0,0,1,0,0,0,0,0,0,0,0,0,0,0,0,0,0,0
145581,1.0,0,0,1,0,0,0,0,0,0,0,0,0,0,0,0,0,0,0
5639,1.0,0,0,0,1,0,0,0,0,0,0,0,0,0,0,0,0,0,0
9600,1.0,0,0,0,0,1,0,0,0,0,0,0,0,0,0,0,0,0,0
84910,1.0,0,0,0,0,0,1,0,0,0,0,0,0,0,0,0,0,0,0
131583,1.0,0,0,0,0,0,1,0,0,0,0,0,0,0,0,0,0,0,0
83930,1.0,0,0,0,0,1,0,0,0,0,0,0,0,0,0,0,0,0,0
116285,1.0,1,0,0,0,0,0,0,0,0,0,0,0,0,0,0,0,0,0
10072,1.0,0,0,1,0,0,0,0,0,0,0,0,0,0,0,0,0,0,0
54621,1.0,0,0,0,0,0,1,0,0,0,0,0,0,0,0,0,0,0,0
1687,1.0,0,0,0,0,1,0,0,0,0,0,0,0,0,0,0,0,0,0
9278,1.0,0,0,0,1,0,0,0,0,0,0,0,0,0,0,0,0,0,0
400224,1.0,1,0,0,0,0,0,0,0,0,0,0,0,0,0,0,0,0,0
55313,1.0,0,0,0,0,0,1,0,0,0,0,0,0,0,0,0,0,0,0
23247,1.0,1,0,0,0,0,0,0,0,0,0,0,0,0,0,0,0,0,0
162073,1.0,0,0,0,0,0,1,0,0,0,0,0,0,0,0,0,0,0,0
132014,1.0,0,1,0,0,0,0,0,0,0,0,0,0,0,0,0,0,0,0
81688,1.0,1,0,0,0,0,0,0,0,0,0,0,0,0,0,0,0,0,0
80045,1.0,0,0,0,0,1,0,0,0,0,0,0,0,0,0,0,0,0,0
57538,1.0,1,0,0,0,0,0,0,0,0,0,0,0,0,0,0,0,0,0
100191040,1.0,1,0,0,0,0,0,0,0,0,0,0,0,0,0,0,0,0,0
10741,1.0,0,0,1,0,0,0,0,0,0,0,0,0,0,0,0,0,0,0
345079,1.0,1,0,0,0,0,0,0,0,0,0,0,0,0,0,0,0,0,0
219333,1.0,1,0,0,0,0,0,0,0,0,0,0,0,0,0,0,0,0,0
56971,1.0,0,0,0,0,0,1,0,0,0,0,0,0,0,0,0,0,0,0
57537,1.0,0,0,0,1,0,0,0,0,0,0,0,0,0,0,0,0,0,0
84547,1.0,0,0,0,0,1,0,0,0,0,0,0,0,0,0,0,0,0,0
65983,1.0,1,0,0,0,0,0,0,0,0,0,0,0,0,0,0,0,0,0
100130933,1.0,0,0,0,1,0,0,0,0,0,0,0,0,0,0,0,0,0,0
25833,1.0,1,0,0,0,0,0,0,0,0,0,0,0,0,0,0,0,0,0
127733,1.0,0,1,0,0,0,0,0,0,0,0,0,0,0,0,0,0,0,0
92840,1.0,0,1,0,0,0,0,0,0,0,0,0,0,0,0,0,0,0,0
114783,1.0,0,0,0,1,0,0,0,0,0,0,0,0,0,0,0,0,0,0
389384,1.0,1,0,0,0,0,0,0,0,0,0,0,0,0,0,0,0,0,0
5267,1.0,0,0,0,1,0,0,0,0,0,0,0,0,0,0,0,0,0,0
8701,1.0,0,1,0,0,0,0,0,0,0,0,0,0,0,0,0,0,0,0
56204,1.0,0,0,0,1,0,0,0,0,0,0,0,0,0,0,0,0,0,0
201501,1.0,0,1,0,0,0,0,0,0,0,0,0,0,0,0,0,0,0,0
55683,1.0,0,0,0,0,1,0,0,0,0,0,0,0,0,0,0,0,0,0
60370,1.0,0,1,0,0,0,0,0,0,0,0,0,0,0,0,0,0,0,0
51088,1.0,1,0,0,0,0,0,0,0,0,0,0,0,0,0,0,0,0,0
57458,1.0,0,0,1,0,0,0,0,0,0,0,0,0,0,0,0,0,0,0
54836,1.0,0,0,0,0,0,1,0,0,0,0,0,0,0,0,0,0,0,0
1486,1.0,0,0,0,1,0,0,0,0,0,0,0,0,0,0,0,0,0,0
8763,1.0,0,1,0,0,0,0,0,0,0,0,0,0,0,0,0,0,0,0
84336,1.0,0,1,0,0,0,0,0,0,0,0,0,0,0,0,0,0,0,0
147798,1.0,0,0,0,1,0,0,0,0,0,0,0,0,0,0,0,0,0,0
55686,1.0,0,0,0,0,0,1,0,0,0,0,0,0,0,0,0,0,0,0
201294,1.0,0,0,0,1,0,0,0,0,0,0,0,0,0,0,0,0,0,0
8303,1.0,0,0,0,0,1,0,0,0,0,0,0,0,0,0,0,0,0,0
23295,1.0,1,0,0,0,0,0,0,0,0,0,0,0,0,0,0,0,0,0
7262,1.0,0,0,0,0,0,1,0,0,0,0,0,0,0,0,0,0,0,0
2523,1.0,1,0,0,0,0,0,0,0,0,0,0,0,0,0,0,0,0,0
401546,1.0,0,1,0,0,0,0,0,0,0,0,0,0,0,0,0,0,0,0
651746,1.0,0,0,1,0,0,0,0,0,0,0,0,0,0,0,0,0,0,0
80255,1.0,0,0,0,1,0,0,0,0,0,0,0,0,0,0,0,0,0,0
4061,1.0,0,1,0,0,0,0,0,0,0,0,0,0,0,0,0,0,0,0
27010,1.0,1,0,0,0,0,0,0,0,0,0,0,0,0,0,0,0,0,0
9858,1.0,0,0,1,0,0,0,0,0,0,0,0,0,0,0,0,0,0,0
51285,1.0,0,0,0,0,0,1,0,0,0,0,0,0,0,0,0,0,0,0
201181,1.0,0,0,1,0,0,0,0,0,0,0,0,0,0,0,0,0,0,0
92922,1.0,0,0,1,0,0,0,0,0,0,0,0,0,0,0,0,0,0,0
256364,1.0,0,0,0,1,0,0,0,0,0,0,0,0,0,0,0,0,0,0
148362,1.0,1,0,0,0,0,0,0,0,0,0,0,0,0,0,0,0,0,0
7746,1.0,0,0,0,0,1,0,0,0,0,0,0,0,0,0,0,0,0,0
168002,1.0,0,0,0,1,0,0,0,0,0,0,0,0,0,0,0,0,0,0
9907,1.0,0,0,0,0,0,1,0,0,0,0,0,0,0,0,0,0,0,0
200407,1.0,0,0,0,1,0,0,0,0,0,0,0,0,0,0,0,0,0,0
201191,1.0,0,0,0,0,1,0,0,0,0,0,0,0,0,0,0,0,0,0
81566,1.0,0,0,0,0,1,0,0,0,0,0,0,0,0,0,0,0,0,0
10745,1.0,0,0,0,0,1,0,0,0,0,0,0,0,0,0,0,0,0,0
2696,1.0,0,0,0,1,0,0,0,0,0,0,0,0,0,0,0,0,0,0
9121,1.0,0,1,0,0,0,0,0,0,0,0,0,0,0,0,0,0,0,0
124044,1.0,0,0,0,0,0,1,0,0,0,0,0,0,0,0,0,0,0,0
9985,1.0,0,1,0,0,0,0,0,0,0,0,0,0,0,0,0,0,0,0
107984640,1.0,0,0,1,0,0,0,0,0,0,0,0,0,0,0,0,0,0,0
5066,1.0,0,0,0,1,0,0,0,0,0,0,0,0,0,0,0,0,0,0
283638,1.0,0,0,0,0,0,1,0,0,0,0,0,0,0,0,0,0,0,0
8263,1.0,1,0,0,0,0,0,0,0,0,0,0,0,0,0,0,0,0,0
53832,1.0,0,1,0,0,0,0,0,0,0,0,0,0,0,0,0,0,0,0
91252,1.0,0,0,0,0,1,0,0,0,0,0,0,0,0,0,0,0,0,0
2524,1.0,1,0,0,0,0,0,0,0,0,0,0,0,0,0,0,0,0,0
55773,1.0,0,0,0,1,0,0,0,0,0,0,0,0,0,0,0,0,0,0
54814,1.0,0,1,0,0,0,0,0,0,0,0,0,0,0,0,0,0,0,0
9478,1.0,0,0,1,0,0,0,0,0,0,0,0,0,0,0,0,0,0,0
283373,1.0,1,0,0,0,0,0,0,0,0,0,0,0,0,0,0,0,0,0
91947,1.0,0,0,0,1,0,0,0,0,0,0,0,0,0,0,0,0,0,0
346389,1.0,1,0,0,0,0,0,0,0,0,0,0,0,0,0,0,0,0,0
221468,1.0,0,0,0,0,0,1,0,0,0,0,0,0,0,0,0,0,0,0
55262,1.0,0,0,0,0,1,0,0,0,0,0,0,0,0,0,0,0,0,0
10924,1.0,0,0,0,1,0,0,0,0,0,0,0,0,0,0,0,0,0,0
57185,1.0,0,1,0,0,0,0,0,0,0,0,0,0,0,0,0,0,0,0
255488,1.0,0,0,1,0,0,0,0,0,0,0,0,0,0,0,0,0,0,0
151987,1.0,1,0,0,0,0,0,0,0,0,0,0,0,0,0,0,0,0,0
58491,1.0,0,0,0,0,1,0,0,0,0,0,0,0,0,0,0,0,0,0
