Gene,TotalEvidenceCounts,EvidenceHit:modules_mes_black_sorted_top300,EvidenceHit:modules_mes_blue_sorted_top300,EvidenceHit:modules_mes_green_sorted_top300,EvidenceHit:modules_mes_grey_sorted_top300,EvidenceHit:modules_mes_pink_sorted_top300,EvidenceHit:modules_mes_red_sorted_top300,EvidenceGO:modules_mes_black_sorted_top300,EvidenceGO:modules_mes_blue_sorted_top300,EvidenceGO:modules_mes_green_sorted_top300,EvidenceGO:modules_mes_grey_sorted_top300,EvidenceGO:modules_mes_pink_sorted_top300,EvidenceGO:modules_mes_red_sorted_top300,EvidencePPI:modules_mes_black_sorted_top300,EvidencePPI:modules_mes_blue_sorted_top300,EvidencePPI:modules_mes_green_sorted_top300,EvidencePPI:modules_mes_grey_sorted_top300,EvidencePPI:modules_mes_pink_sorted_top300,EvidencePPI:modules_mes_red_sorted_top300
199746,3.0,0,0,0,1,0,0,0,0,0,1,0,0,0,0,0,1,0,0
3659,3.0,0,1,0,0,0,0,0,1,0,0,0,0,0,1,0,0,0,0
59269,3.0,0,1,0,0,0,0,0,1,0,0,0,0,0,1,0,0,0,0
7169,3.0,0,0,0,0,0,1,0,0,0,0,0,1,0,0,0,0,0,1
10466,3.0,0,0,0,0,0,1,0,0,0,0,0,1,0,0,0,0,0,1
399687,3.0,0,0,0,0,1,0,0,0,0,0,1,0,0,0,0,0,1,0
11014,3.0,0,0,1,0,0,0,0,0,1,0,0,0,0,0,1,0,0,0
221692,3.0,0,1,0,0,0,0,0,1,0,0,0,0,0,1,0,0,0,0
685,3.0,0,0,0,1,0,0,0,0,0,1,0,0,0,0,0,1,0,0
5087,3.0,0,0,0,0,1,0,0,0,0,0,1,0,0,0,0,0,1,0
3437,3.0,0,1,0,0,0,0,0,1,0,0,0,0,0,1,0,0,0,0
23371,3.0,0,0,0,0,1,0,0,0,0,0,1,0,0,0,0,0,1,0
2982,3.0,0,0,0,1,0,0,0,0,0,1,0,0,0,0,0,1,0,0
633,3.0,0,0,1,0,0,0,0,0,1,0,0,0,0,0,1,0,0,0
55795,3.0,0,0,0,1,0,0,0,0,0,1,0,0,0,0,0,1,0,0
7041,3.0,0,0,0,0,0,1,0,0,0,0,0,1,0,0,0,0,0,1
3627,3.0,0,1,0,0,0,0,0,1,0,0,0,0,0,1,0,0,0,0
79139,3.0,0,0,1,0,0,0,0,0,1,0,0,0,0,0,1,0,0,0
1314,3.0,0,0,1,0,0,0,0,0,1,0,0,0,0,0,1,0,0,0
55276,3.0,1,0,0,0,0,0,1,0,0,0,0,0,1,0,0,0,0,0
1942,3.0,1,0,0,0,0,0,1,0,0,0,0,0,1,0,0,0,0,0
3276,3.0,1,0,0,0,0,0,1,0,0,0,0,0,1,0,0,0,0,0
24138,3.0,0,1,0,0,0,0,0,1,0,0,0,0,0,1,0,0,0,0
29785,3.0,1,0,0,0,0,0,1,0,0,0,0,0,1,0,0,0,0,0
10010,3.0,1,0,0,0,0,0,1,0,0,0,0,0,1,0,0,0,0,0
6374,3.0,0,1,0,0,0,0,0,1,0,0,0,0,0,1,0,0,0,0
5156,3.0,0,0,0,0,1,0,0,0,0,0,1,0,0,0,0,0,1,0
55143,3.0,0,0,0,1,0,0,0,0,0,1,0,0,0,0,0,1,0,0
64332,3.0,1,0,0,0,0,0,1,0,0,0,0,0,1,0,0,0,0,0
6498,3.0,0,0,1,0,0,0,0,0,1,0,0,0,0,0,1,0,0,0
23210,3.0,0,0,1,0,0,0,0,0,1,0,0,0,0,0,1,0,0,0
5971,3.0,1,0,0,0,0,0,1,0,0,0,0,0,1,0,0,0,0,0
51296,3.0,0,1,0,0,0,0,0,1,0,0,0,0,0,1,0,0,0,0
7187,3.0,1,0,0,0,0,0,1,0,0,0,0,0,1,0,0,0,0,0
64748,3.0,0,0,0,0,0,1,0,0,0,0,0,1,0,0,0,0,0,1
10437,3.0,0,1,0,0,0,0,0,1,0,0,0,0,0,1,0,0,0,0
9690,3.0,0,0,1,0,0,0,0,0,1,0,0,0,0,0,1,0,0,0
1030,3.0,0,0,1,0,0,0,0,0,1,0,0,0,0,0,1,0,0,0
9212,3.0,0,0,0,1,0,0,0,0,0,1,0,0,0,0,0,1,0,0
54480,3.0,0,0,1,0,0,0,0,0,1,0,0,0,0,0,1,0,0,0
10945,3.0,0,0,0,0,0,1,0,0,0,0,0,1,0,0,0,0,0,1
11119,3.0,0,1,0,0,0,0,0,1,0,0,0,0,0,1,0,0,0,0
9570,3.0,0,0,1,0,0,0,0,0,1,0,0,0,0,0,1,0,0,0
6672,3.0,0,1,0,0,0,0,0,1,0,0,0,0,0,1,0,0,0,0
920,3.0,0,0,0,1,0,0,0,0,0,1,0,0,0,0,0,1,0,0
5350,3.0,0,0,0,0,0,1,0,0,0,0,0,1,0,0,0,0,0,1
6876,3.0,0,0,0,0,0,1,0,0,0,0,0,1,0,0,0,0,0,1
8974,3.0,0,0,1,0,0,0,0,0,1,0,0,0,0,0,1,0,0,0
533,3.0,0,0,1,0,0,0,0,0,1,0,0,0,0,0,1,0,0,0
10252,3.0,0,0,0,0,1,0,0,0,0,0,1,0,0,0,0,0,1,0
1407,3.0,0,0,1,0,0,0,0,0,1,0,0,0,0,0,1,0,0,0
221458,3.0,0,0,0,1,0,0,0,0,0,1,0,0,0,0,0,1,0,0
3915,3.0,1,0,0,0,0,0,1,0,0,0,0,0,1,0,0,0,0,0
79792,3.0,0,1,0,0,0,0,0,1,0,0,0,0,0,1,0,0,0,0
1028,3.0,0,0,0,0,1,0,0,0,0,0,1,0,0,0,0,0,1,0
2879,3.0,0,1,0,0,0,0,0,1,0,0,0,0,0,1,0,0,0,0
22801,3.0,0,0,0,0,0,1,0,0,0,0,0,1,0,0,0,0,0,1
93100,3.0,0,0,0,0,1,0,0,0,0,0,1,0,0,0,0,0,1,0
738,3.0,0,0,0,0,1,0,0,0,0,0,1,0,0,0,0,0,1,0
65977,3.0,0,0,1,0,0,0,0,0,1,0,0,0,0,0,1,0,0,0
5686,3.0,1,0,0,0,0,0,1,0,0,0,0,0,1,0,0,0,0,0
5690,3.0,1,0,0,0,0,0,1,0,0,0,0,0,1,0,0,0,0,0
4784,3.0,0,0,0,0,1,0,0,0,0,0,1,0,0,0,0,0,1,0
11188,3.0,0,0,0,0,1,0,0,0,0,0,1,0,0,0,0,0,1,0
10076,3.0,0,0,0,0,0,1,0,0,0,0,0,1,0,0,0,0,0,1
338440,3.0,1,0,0,0,0,0,1,0,0,0,0,0,1,0,0,0,0,0
22919,3.0,0,0,1,0,0,0,0,0,1,0,0,0,0,0,1,0,0,0
1512,3.0,0,1,0,0,0,0,0,1,0,0,0,0,0,1,0,0,0,0
1503,3.0,0,0,1,0,0,0,0,0,1,0,0,0,0,0,1,0,0,0
7133,3.0,0,1,0,0,0,0,0,1,0,0,0,0,0,1,0,0,0,0
3822,3.0,0,0,0,1,0,0,0,0,0,1,0,0,0,0,0,1,0,0
1616,3.0,1,0,0,0,0,0,1,0,0,0,0,0,1,0,0,0,0,0
81555,3.0,0,0,1,0,0,0,0,0,1,0,0,0,0,0,1,0,0,0
56947,3.0,0,0,0,1,0,0,0,0,0,1,0,0,0,0,0,1,0,0
1464,3.0,0,0,1,0,0,0,0,0,1,0,0,0,0,0,1,0,0,0
57728,3.0,0,0,0,0,1,0,0,0,0,0,1,0,0,0,0,0,1,0
865,3.0,0,0,0,0,0,1,0,0,0,0,0,1,0,0,0,0,0,1
10379,3.0,0,1,0,0,0,0,0,1,0,0,0,0,0,1,0,0,0,0
166336,3.0,0,0,0,0,0,1,0,0,0,0,0,1,0,0,0,0,0,1
51703,3.0,0,1,0,0,0,0,0,1,0,0,0,0,0,1,0,0,0,0
51246,3.0,0,1,0,0,0,0,0,1,0,0,0,0,0,1,0,0,0,0
27230,3.0,0,0,1,0,0,0,0,0,1,0,0,0,0,0,1,0,0,0
5296,3.0,0,0,0,0,1,0,0,0,0,0,1,0,0,0,0,0,1,0
4973,3.0,1,0,0,0,0,0,1,0,0,0,0,0,1,0,0,0,0,0
60673,3.0,0,0,1,0,0,0,0,0,1,0,0,0,0,0,1,0,0,0
23516,3.0,1,0,0,0,0,0,1,0,0,0,0,0,1,0,0,0,0,0
10627,3.0,0,0,1,0,0,0,0,0,1,0,0,0,0,0,1,0,0,0
9928,3.0,0,0,0,1,0,0,0,0,0,1,0,0,0,0,0,1,0,0
3575,3.0,1,0,0,0,0,0,1,0,0,0,0,0,1,0,0,0,0,0
151636,3.0,0,1,0,0,0,0,0,1,0,0,0,0,0,1,0,0,0,0
3589,3.0,0,0,1,0,0,0,0,0,1,0,0,0,0,0,1,0,0,0
60681,3.0,0,0,1,0,0,0,0,0,1,0,0,0,0,0,1,0,0,0
6376,3.0,1,0,0,0,0,0,1,0,0,0,0,0,1,0,0,0,0,0
6560,3.0,0,0,1,0,0,0,0,0,1,0,0,0,0,0,1,0,0,0
63908,3.0,0,0,0,1,0,0,0,0,0,1,0,0,0,0,0,1,0,0
4092,3.0,0,0,1,0,0,0,0,0,1,0,0,0,0,0,1,0,0,0
7706,3.0,0,1,0,0,0,0,0,1,0,0,0,0,0,1,0,0,0,0
1465,3.0,0,0,1,0,0,0,0,0,1,0,0,0,0,0,1,0,0,0
3429,3.0,0,1,0,0,0,0,0,1,0,0,0,0,0,1,0,0,0,0
5074,3.0,0,0,0,0,0,1,0,0,0,0,0,1,0,0,0,0,0,1
2549,3.0,0,0,0,0,1,0,0,0,0,0,1,0,0,0,0,0,1,0
2921,3.0,0,1,0,0,0,0,0,1,0,0,0,0,0,1,0,0,0,0
9076,3.0,1,0,0,0,0,0,1,0,0,0,0,0,1,0,0,0,0,0
11015,3.0,0,0,0,0,0,1,0,0,0,0,0,1,0,0,0,0,0,1
5705,3.0,1,0,0,0,0,0,1,0,0,0,0,0,1,0,0,0,0,0
8061,3.0,1,0,0,0,0,0,1,0,0,0,0,0,1,0,0,0,0,0
5824,3.0,0,0,0,1,0,0,0,0,0,1,0,0,0,0,0,1,0,0
58191,3.0,0,1,0,0,0,0,0,1,0,0,0,0,0,1,0,0,0,0
9235,3.0,1,0,0,0,0,0,1,0,0,0,0,0,1,0,0,0,0,0
1535,3.0,1,0,0,0,0,0,1,0,0,0,0,0,1,0,0,0,0,0
9945,3.0,1,0,0,0,0,0,1,0,0,0,0,0,1,0,0,0,0,0
11030,3.0,0,1,0,0,0,0,0,1,0,0,0,0,0,1,0,0,0,0
2354,3.0,0,0,0,0,0,1,0,0,0,0,0,1,0,0,0,0,0,1
197259,3.0,1,0,0,0,0,0,1,0,0,0,0,0,1,0,0,0,0,0
3604,3.0,1,0,0,0,0,0,1,0,0,0,0,0,1,0,0,0,0,0
6548,3.0,0,0,1,0,0,0,0,0,1,0,0,0,0,0,1,0,0,0
1315,3.0,0,0,1,0,0,0,0,0,1,0,0,0,0,0,1,0,0,0
10016,3.0,0,0,0,1,0,0,0,0,0,1,0,0,0,0,0,1,0,0
23017,3.0,0,0,0,1,0,0,0,0,0,1,0,0,0,0,0,1,0,0
9415,3.0,1,0,0,0,0,0,1,0,0,0,0,0,1,0,0,0,0,0
3093,3.0,0,0,1,0,0,0,0,0,1,0,0,0,0,0,1,0,0,0
64924,3.0,0,0,1,0,0,0,0,0,1,0,0,0,0,0,1,0,0,0
115290,3.0,0,0,0,0,1,0,0,0,0,0,1,0,0,0,0,0,1,0
3431,3.0,0,1,0,0,0,0,0,1,0,0,0,0,0,1,0,0,0,0
1326,3.0,0,1,0,0,0,0,0,1,0,0,0,0,0,1,0,0,0,0
55281,3.0,0,1,0,0,0,0,0,1,0,0,0,0,0,1,0,0,0,0
5685,3.0,1,0,0,0,0,0,1,0,0,0,0,0,1,0,0,0,0,0
684,3.0,0,1,0,0,0,0,0,1,0,0,0,0,0,1,0,0,0,0
11243,3.0,0,0,0,1,0,0,0,0,0,1,0,0,0,0,0,1,0,0
29775,3.0,0,0,0,0,1,0,0,0,0,0,1,0,0,0,0,0,1,0
5170,3.0,0,0,0,0,0,1,0,0,0,0,0,1,0,0,0,0,0,1
5218,3.0,0,0,0,0,0,1,0,0,0,0,0,1,0,0,0,0,0,1
10954,3.0,0,0,1,0,0,0,0,0,1,0,0,0,0,0,1,0,0,0
30850,3.0,0,0,1,0,0,0,0,0,1,0,0,0,0,0,1,0,0,0
4600,3.0,0,1,0,0,0,0,0,1,0,0,0,0,0,1,0,0,0,0
8883,3.0,0,0,0,1,0,0,0,0,0,1,0,0,0,0,0,1,0,0
2820,3.0,0,1,0,0,0,0,0,1,0,0,0,0,0,1,0,0,0,0
4747,3.0,0,0,0,1,0,0,0,0,0,1,0,0,0,0,0,1,0,0
2687,3.0,1,0,0,0,0,0,1,0,0,0,0,0,1,0,0,0,0,0
10417,3.0,0,0,0,0,1,0,0,0,0,0,1,0,0,0,0,0,1,0
81578,3.0,0,0,0,0,1,0,0,0,0,0,1,0,0,0,0,0,1,0
896,3.0,0,0,0,1,0,0,0,0,0,1,0,0,0,0,0,1,0,0
5696,3.0,0,1,0,0,0,0,0,1,0,0,0,0,0,1,0,0,0,0
25956,3.0,0,0,0,0,1,0,0,0,0,0,1,0,0,0,0,0,1,0
56894,3.0,0,1,0,0,0,0,0,1,0,0,0,0,0,1,0,0,0,0
1613,3.0,0,0,0,0,0,1,0,0,0,0,0,1,0,0,0,0,0,1
2735,3.0,0,0,0,0,0,1,0,0,0,0,0,1,0,0,0,0,0,1
57511,3.0,0,0,0,0,0,1,0,0,0,0,0,1,0,0,0,0,0,1
8767,3.0,1,0,0,0,0,0,1,0,0,0,0,0,1,0,0,0,0,0
4792,3.0,1,0,0,0,0,0,1,0,0,0,0,0,1,0,0,0,0,0
25925,3.0,0,0,0,0,1,0,0,0,0,0,1,0,0,0,0,0,1,0
6868,3.0,0,1,0,0,0,0,0,1,0,0,0,0,0,1,0,0,0,0
6747,3.0,0,0,1,0,0,0,0,0,1,0,0,0,0,0,1,0,0,0
6092,3.0,0,1,0,0,0,0,0,1,0,0,0,0,0,1,0,0,0,0
54796,3.0,0,0,0,0,1,0,0,0,0,0,1,0,0,0,0,0,1,0
6996,3.0,0,0,1,0,0,0,0,0,1,0,0,0,0,0,1,0,0,0
3600,3.0,1,0,0,0,0,0,1,0,0,0,0,0,1,0,0,0,0,0
3107,3.0,0,1,0,0,0,0,0,1,0,0,0,0,0,1,0,0,0,0
4811,3.0,0,0,0,0,1,0,0,0,0,0,1,0,0,0,0,0,1,0
23421,3.0,0,0,0,1,0,0,0,0,0,1,0,0,0,0,0,1,0,0
25940,3.0,0,0,1,0,0,0,0,0,1,0,0,0,0,0,1,0,0,0
27173,3.0,1,0,0,0,0,0,1,0,0,0,0,0,1,0,0,0,0,0
51150,3.0,1,0,0,0,0,0,1,0,0,0,0,0,1,0,0,0,0,0
54625,3.0,0,1,0,0,0,0,0,1,0,0,0,0,0,1,0,0,0,0
8898,3.0,0,0,1,0,0,0,0,0,1,0,0,0,0,0,1,0,0,0
8482,3.0,0,0,1,0,0,0,0,0,1,0,0,0,0,0,1,0,0,0
29767,3.0,0,0,0,0,1,0,0,0,0,0,1,0,0,0,0,0,1,0
6354,3.0,1,0,0,0,0,0,1,0,0,0,0,0,1,0,0,0,0,0
11079,3.0,0,0,1,0,0,0,0,0,1,0,0,0,0,0,1,0,0,0
10652,3.0,0,0,1,0,0,0,0,0,1,0,0,0,0,0,1,0,0,0
2045,3.0,0,0,0,0,1,0,0,0,0,0,1,0,0,0,0,0,1,0
965,3.0,1,0,0,0,0,0,1,0,0,0,0,0,1,0,0,0,0,0
57552,3.0,0,1,0,0,0,0,0,1,0,0,0,0,0,1,0,0,0,0
84376,3.0,0,0,0,0,0,1,0,0,0,0,0,1,0,0,0,0,0,1
79090,3.0,0,0,0,1,0,0,0,0,0,1,0,0,0,0,0,1,0,0
9585,3.0,0,0,0,1,0,0,0,0,0,1,0,0,0,0,0,1,0,0
5754,3.0,0,0,0,0,0,1,0,0,0,0,0,1,0,0,0,0,0,1
87,3.0,0,0,1,0,0,0,0,0,1,0,0,0,0,0,1,0,0,0
84102,3.0,1,0,0,0,0,0,1,0,0,0,0,0,1,0,0,0,0,0
375,3.0,0,0,1,0,0,0,0,0,1,0,0,0,0,0,1,0,0,0
5479,3.0,0,0,1,0,0,0,0,0,1,0,0,0,0,0,1,0,0,0
4790,3.0,1,0,0,0,0,0,1,0,0,0,0,0,1,0,0,0,0,0
6737,3.0,0,1,0,0,0,0,0,1,0,0,0,0,0,1,0,0,0,0
10146,3.0,1,0,0,0,0,0,1,0,0,0,0,0,1,0,0,0,0,0
2634,3.0,0,1,0,0,0,0,0,1,0,0,0,0,0,1,0,0,0,0
5717,3.0,1,0,0,0,0,0,1,0,0,0,0,0,1,0,0,0,0,0
330,3.0,1,0,0,0,0,0,1,0,0,0,0,0,1,0,0,0,0,0
701,3.0,0,0,0,1,0,0,0,0,0,1,0,0,0,0,0,1,0,0
10609,3.0,0,0,1,0,0,0,0,0,1,0,0,0,0,0,1,0,0,0
6515,3.0,0,0,0,1,0,0,0,0,0,1,0,0,0,0,0,1,0,0
10113,3.0,0,0,1,0,0,0,0,0,1,0,0,0,0,0,1,0,0,0
2673,3.0,0,0,1,0,0,0,0,0,1,0,0,0,0,0,1,0,0,0
6615,3.0,0,0,0,0,0,1,0,0,0,0,0,1,0,0,0,0,0,1
57606,3.0,0,0,1,0,0,0,0,0,1,0,0,0,0,0,1,0,0,0
5321,3.0,0,1,0,0,0,0,0,1,0,0,0,0,0,1,0,0,0,0
6722,3.0,0,0,1,0,0,0,0,0,1,0,0,0,0,0,1,0,0,0
10484,3.0,0,0,1,0,0,0,0,0,1,0,0,0,0,0,1,0,0,0
25816,3.0,1,0,0,0,0,0,1,0,0,0,0,0,1,0,0,0,0,0
308,3.0,0,0,1,0,0,0,0,0,1,0,0,0,0,0,1,0,0,0
842,3.0,0,0,0,1,0,0,0,0,0,1,0,0,0,0,0,1,0,0
55080,3.0,0,1,0,0,0,0,0,1,0,0,0,0,0,1,0,0,0,0
958,3.0,0,1,0,0,0,0,0,1,0,0,0,0,0,1,0,0,0,0
8301,3.0,0,0,1,0,0,0,0,0,1,0,0,0,0,0,1,0,0,0
11346,3.0,0,0,0,0,0,1,0,0,0,0,0,1,0,0,0,0,0,1
55239,3.0,0,0,1,0,0,0,0,0,1,0,0,0,0,0,1,0,0,0
6836,3.0,0,0,1,0,0,0,0,0,1,0,0,0,0,0,1,0,0,0
10011,3.0,0,0,1,0,0,0,0,0,1,0,0,0,0,0,1,0,0,0
64135,3.0,0,1,0,0,0,0,0,1,0,0,0,0,0,1,0,0,0,0
3315,3.0,0,0,1,0,0,0,0,0,1,0,0,0,0,0,1,0,0,0
9943,3.0,0,0,1,0,0,0,0,0,1,0,0,0,0,0,1,0,0,0
25978,3.0,0,0,1,0,0,0,0,0,1,0,0,0,0,0,1,0,0,0
6597,3.0,1,0,0,0,0,0,1,0,0,0,0,0,1,0,0,0,0,0
10135,3.0,0,1,0,0,0,0,0,1,0,0,0,0,0,1,0,0,0,0
54892,3.0,0,0,0,1,0,0,0,0,0,1,0,0,0,0,0,1,0,0
125,3.0,0,0,0,1,0,0,0,0,0,1,0,0,0,0,0,1,0,0
6745,3.0,0,0,1,0,0,0,0,0,1,0,0,0,0,0,1,0,0,0
7040,3.0,0,0,1,0,0,0,0,0,1,0,0,0,0,0,1,0,0,0
23410,3.0,0,0,0,0,1,0,0,0,0,0,1,0,0,0,0,0,1,0
80179,3.0,0,0,1,0,0,0,0,0,1,0,0,0,0,0,1,0,0,0
6522,3.0,0,0,0,0,0,1,0,0,0,0,0,1,0,0,0,0,0,1
8943,3.0,0,0,1,0,0,0,0,0,1,0,0,0,0,0,1,0,0,0
3423,3.0,0,0,0,0,0,1,0,0,0,0,0,1,0,0,0,0,0,1
6772,3.0,1,0,0,0,0,0,1,0,0,0,0,0,1,0,0,0,0,0
92610,3.0,1,0,0,0,0,0,1,0,0,0,0,0,1,0,0,0,0,0
8874,3.0,0,0,0,0,1,0,0,0,0,0,1,0,0,0,0,0,1,0
9125,3.0,1,0,0,0,0,0,1,0,0,0,0,0,1,0,0,0,0,0
8325,3.0,0,0,0,0,0,1,0,0,0,0,0,1,0,0,0,0,0,1
1173,3.0,0,0,0,0,0,1,0,0,0,0,0,1,0,0,0,0,0,1
5358,3.0,0,0,0,0,0,1,0,0,0,0,0,1,0,0,0,0,0,1
146909,3.0,0,0,0,1,0,0,0,0,0,1,0,0,0,0,0,1,0,0
659,3.0,0,0,0,0,0,1,0,0,0,0,0,1,0,0,0,0,0,1
114879,3.0,0,0,0,0,0,1,0,0,0,0,0,1,0,0,0,0,0,1
7113,3.0,0,0,0,1,0,0,0,0,0,1,0,0,0,0,0,1,0,0
29899,3.0,0,0,0,0,1,0,0,0,0,0,1,0,0,0,0,0,1,0
8878,3.0,1,0,0,0,0,0,1,0,0,0,0,0,1,0,0,0,0,0
5359,3.0,0,1,0,0,0,0,0,1,0,0,0,0,0,1,0,0,0,0
1622,3.0,1,0,0,0,0,0,1,0,0,0,0,0,1,0,0,0,0,0
3669,3.0,0,1,0,0,0,0,0,1,0,0,0,0,0,1,0,0,0,0
9645,3.0,0,0,1,0,0,0,0,0,1,0,0,0,0,0,1,0,0,0
3418,3.0,0,0,0,0,0,1,0,0,0,0,0,1,0,0,0,0,0,1
5905,3.0,1,0,0,0,0,0,1,0,0,0,0,0,1,0,0,0,0,0
9429,3.0,0,0,0,1,0,0,0,0,0,1,0,0,0,0,0,1,0,0
6347,3.0,1,0,0,0,0,0,1,0,0,0,0,0,1,0,0,0,0,0
5684,3.0,1,0,0,0,0,0,1,0,0,0,0,0,1,0,0,0,0,0
9246,3.0,0,1,0,0,0,0,0,1,0,0,0,0,0,1,0,0,0,0
4862,3.0,1,0,0,0,0,0,1,0,0,0,0,0,1,0,0,0,0,0
84166,3.0,0,1,0,0,0,0,0,1,0,0,0,0,0,1,0,0,0,0
7048,3.0,0,0,0,0,1,0,0,0,0,0,1,0,0,0,0,0,1,0
2990,3.0,0,0,0,0,1,0,0,0,0,0,1,0,0,0,0,0,1,0
3280,3.0,0,0,0,0,0,1,0,0,0,0,0,1,0,0,0,0,0,1
170690,3.0,0,0,0,0,0,1,0,0,0,0,0,1,0,0,0,0,0,1
3135,3.0,0,1,0,0,0,0,0,1,0,0,0,0,0,1,0,0,0,0
9258,3.0,1,0,0,0,0,0,1,0,0,0,0,0,1,0,0,0,0,0
84932,3.0,0,0,0,0,0,1,0,0,0,0,0,1,0,0,0,0,0,1
55858,3.0,1,0,0,0,0,0,1,0,0,0,0,0,1,0,0,0,0,0
6091,3.0,0,1,0,0,0,0,0,1,0,0,0,0,0,1,0,0,0,0
4616,3.0,0,0,0,0,0,1,0,0,0,0,0,1,0,0,0,0,0,1
11267,3.0,0,0,0,0,0,1,0,0,0,0,0,1,0,0,0,0,0,1
6464,3.0,1,0,0,0,0,0,1,0,0,0,0,0,1,0,0,0,0,0
392255,3.0,0,0,0,0,0,1,0,0,0,0,0,1,0,0,0,0,0,1
8578,3.0,0,1,0,0,0,0,0,1,0,0,0,0,0,1,0,0,0,0
322,3.0,0,0,0,0,1,0,0,0,0,0,1,0,0,0,0,0,1,0
56829,3.0,0,1,0,0,0,0,0,1,0,0,0,0,0,1,0,0,0,0
6049,3.0,0,0,1,0,0,0,0,0,1,0,0,0,0,0,1,0,0,0
5048,3.0,0,0,0,0,0,1,0,0,0,0,0,1,0,0,0,0,0,1
7186,3.0,1,0,0,0,0,0,1,0,0,0,0,0,1,0,0,0,0,0
3433,3.0,0,1,0,0,0,0,0,1,0,0,0,0,0,1,0,0,0,0
3214,3.0,0,0,0,0,1,0,0,0,0,0,1,0,0,0,0,0,1,0
56288,3.0,0,0,0,0,1,0,0,0,0,0,1,0,0,0,0,0,1,0
3656,3.0,1,0,0,0,0,0,1,0,0,0,0,0,1,0,0,0,0,0
57089,3.0,0,0,1,0,0,0,0,0,1,0,0,0,0,0,1,0,0,0
1277,3.0,0,0,0,0,0,1,0,0,0,0,0,1,0,0,0,0,0,1
80313,3.0,0,0,0,0,1,0,0,0,0,0,1,0,0,0,0,0,1,0
2078,3.0,0,0,0,0,0,1,0,0,0,0,0,1,0,0,0,0,0,1
7408,3.0,0,0,1,0,0,0,0,0,1,0,0,0,0,0,1,0,0,0
4783,3.0,0,1,0,0,0,0,0,1,0,0,0,0,0,1,0,0,0,0
10092,3.0,0,0,1,0,0,0,0,0,1,0,0,0,0,0,1,0,0,0
3383,3.0,1,0,0,0,0,0,1,0,0,0,0,0,1,0,0,0,0,0
3490,3.0,0,0,1,0,0,0,0,0,1,0,0,0,0,0,1,0,0,0
27233,3.0,0,1,0,0,0,0,0,1,0,0,0,0,0,1,0,0,0,0
10848,3.0,0,0,1,0,0,0,0,0,1,0,0,0,0,0,1,0,0,0
57085,3.0,1,0,0,0,0,0,1,0,0,0,0,0,1,0,0,0,0,0
9520,3.0,0,0,0,0,1,0,0,0,0,0,1,0,0,0,0,0,1,0
11034,3.0,0,0,0,0,0,1,0,0,0,0,0,1,0,0,0,0,0,1
5868,3.0,0,0,1,0,0,0,0,0,1,0,0,0,0,0,1,0,0,0
23522,3.0,0,0,0,0,1,0,0,0,0,0,1,0,0,0,0,0,1,0
124935,3.0,0,1,0,0,0,0,0,1,0,0,0,0,0,1,0,0,0,0
84335,3.0,1,0,0,0,0,0,1,0,0,0,0,0,1,0,0,0,0,0
29927,3.0,0,0,1,0,0,0,0,0,1,0,0,0,0,0,1,0,0,0
1153,3.0,0,0,0,0,1,0,0,0,0,0,1,0,0,0,0,0,1,0
7280,3.0,0,0,0,0,0,1,0,0,0,0,0,1,0,0,0,0,0,1
199953,3.0,0,0,0,1,0,0,0,0,0,1,0,0,0,0,0,1,0,0
84888,3.0,1,0,0,0,0,0,1,0,0,0,0,0,1,0,0,0,0,0
79365,3.0,1,0,0,0,0,0,1,0,0,0,0,0,1,0,0,0,0,0
3301,3.0,0,1,0,0,0,0,0,1,0,0,0,0,0,1,0,0,0,0
8546,3.0,0,0,0,0,0,1,0,0,0,0,0,1,0,0,0,0,0,1
2811,3.0,0,1,0,0,0,0,0,1,0,0,0,0,0,1,0,0,0,0
79158,3.0,1,0,0,0,0,0,1,0,0,0,0,0,1,0,0,0,0,0
1974,3.0,0,0,0,0,1,0,0,0,0,0,1,0,0,0,0,0,1,0
7025,3.0,0,0,0,0,1,0,0,0,0,0,1,0,0,0,0,0,1,0
2665,3.0,0,0,1,0,0,0,0,0,1,0,0,0,0,0,1,0,0,0
4074,3.0,1,0,0,0,0,0,1,0,0,0,0,0,1,0,0,0,0,0
9141,3.0,1,0,0,0,0,0,1,0,0,0,0,0,1,0,0,0,0,0
83666,3.0,0,1,0,0,0,0,0,1,0,0,0,0,0,1,0,0,0,0
6184,3.0,0,0,1,0,0,0,0,0,1,0,0,0,0,0,1,0,0,0
55738,3.0,0,0,0,0,0,1,0,0,0,0,0,1,0,0,0,0,0,1
23200,3.0,0,0,0,0,0,1,0,0,0,0,0,1,0,0,0,0,0,1
9618,3.0,1,0,0,0,0,0,1,0,0,0,0,0,1,0,0,0,0,0
8743,3.0,0,1,0,0,0,0,0,1,0,0,0,0,0,1,0,0,0,0
11183,3.0,0,0,0,0,0,1,0,0,0,0,0,1,0,0,0,0,0,1
7157,3.0,1,0,0,0,0,0,1,0,0,0,0,0,1,0,0,0,0,0
116150,3.0,0,0,1,0,0,0,0,0,1,0,0,0,0,0,1,0,0,0
55589,3.0,0,1,0,0,0,0,0,1,0,0,0,0,0,1,0,0,0,0
4938,3.0,0,1,0,0,0,0,0,1,0,0,0,0,0,1,0,0,0,0
1975,3.0,0,0,0,0,1,0,0,0,0,0,1,0,0,0,0,0,1,0
602,3.0,0,1,0,0,0,0,0,1,0,0,0,0,0,1,0,0,0,0
9373,3.0,1,0,0,0,0,0,1,0,0,0,0,0,1,0,0,0,0,0
56937,3.0,0,0,1,0,0,0,0,0,1,0,0,0,0,0,1,0,0,0
624,3.0,0,1,0,0,0,0,0,1,0,0,0,0,0,1,0,0,0,0
375790,3.0,1,0,0,0,0,0,1,0,0,0,0,0,1,0,0,0,0,0
1522,3.0,0,0,1,0,0,0,0,0,1,0,0,0,0,0,1,0,0,0
27166,3.0,1,0,0,0,0,0,1,0,0,0,0,0,1,0,0,0,0,0
10370,3.0,0,0,0,0,1,0,0,0,0,0,1,0,0,0,0,0,1,0
5575,3.0,0,0,0,0,1,0,0,0,0,0,1,0,0,0,0,0,1,0
7096,3.0,1,0,0,0,0,0,1,0,0,0,0,0,1,0,0,0,0,0
23264,3.0,0,1,0,0,0,0,0,1,0,0,0,0,0,1,0,0,0,0
55454,3.0,0,0,1,0,0,0,0,0,1,0,0,0,0,0,1,0,0,0
5832,3.0,0,0,1,0,0,0,0,0,1,0,0,0,0,0,1,0,0,0
5315,3.0,1,0,0,0,0,0,1,0,0,0,0,0,1,0,0,0,0,0
9839,3.0,0,1,0,0,0,0,0,1,0,0,0,0,0,1,0,0,0,0
7114,3.0,0,1,0,0,0,0,0,1,0,0,0,0,0,1,0,0,0,0
1969,3.0,1,0,0,0,0,0,1,0,0,0,0,0,1,0,0,0,0,0
6352,3.0,1,0,0,0,0,0,1,0,0,0,0,0,1,0,0,0,0,0
4148,3.0,0,0,0,0,0,1,0,0,0,0,0,1,0,0,0,0,0,1
5519,3.0,0,1,0,0,0,0,0,1,0,0,0,0,0,1,0,0,0,0
9500,3.0,0,0,0,0,0,1,0,0,0,0,0,1,0,0,0,0,0,1
3460,3.0,1,0,0,0,0,0,1,0,0,0,0,0,1,0,0,0,0,0
57491,3.0,0,0,0,0,1,0,0,0,0,0,1,0,0,0,0,0,1,0
57121,3.0,0,0,0,0,0,1,0,0,0,0,0,1,0,0,0,0,0,1
1290,3.0,0,0,0,0,0,1,0,0,0,0,0,1,0,0,0,0,0,1
51727,3.0,0,0,1,0,0,0,0,0,1,0,0,0,0,0,1,0,0,0
1477,3.0,0,0,0,1,0,0,0,0,0,1,0,0,0,0,0,1,0,0
9057,3.0,0,0,1,0,0,0,0,0,1,0,0,0,0,0,1,0,0,0
5045,3.0,0,0,1,0,0,0,0,0,1,0,0,0,0,0,1,0,0,0
1890,3.0,1,0,0,0,0,0,1,0,0,0,0,0,1,0,0,0,0,0
623,3.0,0,1,0,0,0,0,0,1,0,0,0,0,0,1,0,0,0,0
440400,3.0,1,0,0,0,0,0,1,0,0,0,0,0,1,0,0,0,0,0
221656,3.0,1,0,0,0,0,0,1,0,0,0,0,0,1,0,0,0,0,0
4192,3.0,0,0,0,0,1,0,0,0,0,0,1,0,0,0,0,0,1,0
2247,3.0,1,0,0,0,0,0,1,0,0,0,0,0,1,0,0,0,0,0
60,3.0,0,0,1,0,0,0,0,0,1,0,0,0,0,0,1,0,0,0
64746,3.0,0,0,1,0,0,0,0,0,1,0,0,0,0,0,1,0,0,0
85441,3.0,0,1,0,0,0,0,0,1,0,0,0,0,0,1,0,0,0,0
4257,3.0,0,1,0,0,0,0,0,1,0,0,0,0,0,1,0,0,0,0
51752,3.0,0,1,0,0,0,0,0,1,0,0,0,0,0,1,0,0,0,0
840,3.0,0,1,0,0,0,0,0,1,0,0,0,0,0,1,0,0,0,0
219771,3.0,0,0,0,0,0,1,0,0,0,0,0,1,0,0,0,0,0,1
22871,3.0,0,0,0,0,1,0,0,0,0,0,1,0,0,0,0,0,1,0
11000,3.0,0,0,0,0,1,0,0,0,0,0,1,0,0,0,0,0,1,0
1288,3.0,0,0,0,0,1,0,0,0,0,0,1,0,0,0,0,0,1,0
23647,3.0,0,0,1,0,0,0,0,0,1,0,0,0,0,0,1,0,0,0
4277,3.0,1,0,0,0,0,0,1,0,0,0,0,0,1,0,0,0,0,0
5707,3.0,1,0,0,0,0,0,1,0,0,0,0,0,1,0,0,0,0,0
55740,3.0,0,0,1,0,0,0,0,0,1,0,0,0,0,0,1,0,0,0
11315,3.0,1,0,0,0,0,0,1,0,0,0,0,0,1,0,0,0,0,0
2548,3.0,0,0,0,0,1,0,0,0,0,0,1,0,0,0,0,0,1,0
4008,3.0,0,0,0,0,0,1,0,0,0,0,0,1,0,0,0,0,0,1
9037,3.0,0,0,0,0,1,0,0,0,0,0,1,0,0,0,0,0,1,0
51026,3.0,0,0,1,0,0,0,0,0,1,0,0,0,0,0,1,0,0,0
5371,3.0,0,1,0,0,0,0,0,1,0,0,0,0,0,1,0,0,0,0
9470,3.0,0,0,1,0,0,0,0,0,1,0,0,0,0,0,1,0,0,0
3371,3.0,0,0,1,0,0,0,0,0,1,0,0,0,0,0,1,0,0,0
64344,3.0,0,0,0,0,1,0,0,0,0,0,1,0,0,0,0,0,1,0
51191,3.0,0,1,0,0,0,0,0,1,0,0,0,0,0,1,0,0,0,0
4926,3.0,0,0,0,0,1,0,0,0,0,0,1,0,0,0,0,0,1,0
5699,3.0,0,1,0,0,0,0,0,1,0,0,0,0,0,1,0,0,0,0
2683,3.0,1,0,0,0,0,0,1,0,0,0,0,0,1,0,0,0,0,0
80146,3.0,1,0,0,0,0,0,1,0,0,0,0,0,1,0,0,0,0,0
5565,3.0,0,0,0,0,0,1,0,0,0,0,0,1,0,0,0,0,0,1
10025,3.0,0,0,0,0,1,0,0,0,0,0,1,0,0,0,0,0,1,0
84910,3.0,0,0,1,0,0,0,0,0,1,0,0,0,0,0,1,0,0,0
718,3.0,0,1,0,0,0,0,0,1,0,0,0,0,0,1,0,0,0,0
2495,3.0,0,1,0,0,0,0,0,1,0,0,0,0,0,1,0,0,0,0
6095,3.0,0,0,0,1,0,0,0,0,0,1,0,0,0,0,0,1,0,0
200316,3.0,0,1,0,0,0,0,0,1,0,0,0,0,0,1,0,0,0,0
231,3.0,0,1,0,0,0,0,0,1,0,0,0,0,0,1,0,0,0,0
10384,3.0,0,1,0,0,0,0,0,1,0,0,0,0,0,1,0,0,0,0
1938,3.0,0,0,0,0,1,0,0,0,0,0,1,0,0,0,0,0,1,0
11274,3.0,0,1,0,0,0,0,0,1,0,0,0,0,0,1,0,0,0,0
5861,3.0,0,0,1,0,0,0,0,0,1,0,0,0,0,0,1,0,0,0
23400,3.0,0,0,0,0,0,1,0,0,0,0,0,1,0,0,0,0,0,1
567,3.0,0,1,0,0,0,0,0,1,0,0,0,0,0,1,0,0,0,0
219285,3.0,0,1,0,0,0,0,0,1,0,0,0,0,0,1,0,0,0,0
11118,3.0,0,1,0,0,0,0,0,1,0,0,0,0,0,1,0,0,0,0
10960,3.0,1,0,0,0,0,0,1,0,0,0,0,0,1,0,0,0,0,0
9283,3.0,0,1,0,0,0,0,0,1,0,0,0,0,0,1,0,0,0,0
80306,3.0,0,0,0,0,1,0,0,0,0,0,1,0,0,0,0,0,1,0
3455,3.0,1,0,0,0,0,0,1,0,0,0,0,0,1,0,0,0,0,0
5606,3.0,1,0,0,0,0,0,1,0,0,0,0,0,1,0,0,0,0,0
83933,3.0,0,0,0,0,1,0,0,0,0,0,1,0,0,0,0,0,1,0
23431,3.0,0,0,1,0,0,0,0,0,1,0,0,0,0,0,1,0,0,0
26608,3.0,0,0,1,0,0,0,0,0,1,0,0,0,0,0,1,0,0,0
2058,3.0,0,0,1,0,0,0,0,0,1,0,0,0,0,0,1,0,0,0
25902,3.0,0,0,1,0,0,0,0,0,1,0,0,0,0,0,1,0,0,0
4318,3.0,1,0,0,0,0,0,1,0,0,0,0,0,1,0,0,0,0,0
170689,3.0,0,0,0,0,1,0,0,0,0,0,1,0,0,0,0,0,1,0
93649,3.0,1,0,0,0,0,0,1,0,0,0,0,0,1,0,0,0,0,0
5608,3.0,0,0,0,0,1,0,0,0,0,0,1,0,0,0,0,0,1,0
10105,3.0,1,0,0,0,0,0,1,0,0,0,0,0,1,0,0,0,0,0
84875,3.0,0,1,0,0,0,0,0,1,0,0,0,0,0,1,0,0,0,0
5610,3.0,0,1,0,0,0,0,0,1,0,0,0,0,0,1,0,0,0,0
10333,3.0,1,0,0,0,0,0,1,0,0,0,0,0,1,0,0,0,0,0
11316,3.0,0,0,1,0,0,0,0,0,1,0,0,0,0,0,1,0,0,0
4615,3.0,0,1,0,0,0,0,0,1,0,0,0,0,0,1,0,0,0,0
4939,3.0,0,1,0,0,0,0,0,1,0,0,0,0,0,1,0,0,0,0
3111,3.0,0,0,0,1,0,0,0,0,0,1,0,0,0,0,0,1,0,0
3303,3.0,0,0,0,1,0,0,0,0,0,1,0,0,0,0,0,1,0,0
5817,3.0,0,0,0,0,0,1,0,0,0,0,0,1,0,0,0,0,0,1
8605,3.0,1,0,0,0,0,0,1,0,0,0,0,0,1,0,0,0,0,0
7128,3.0,1,0,0,0,0,0,1,0,0,0,0,0,1,0,0,0,0,0
3199,3.0,0,0,0,0,1,0,0,0,0,0,1,0,0,0,0,0,1,0
11096,3.0,0,1,0,0,0,0,0,1,0,0,0,0,0,1,0,0,0,0
8795,3.0,1,0,0,0,0,0,1,0,0,0,0,0,1,0,0,0,0,0
7171,3.0,0,0,1,0,0,0,0,0,1,0,0,0,0,0,1,0,0,0
687,3.0,1,0,0,0,0,0,1,0,0,0,0,0,1,0,0,0,0,0
8665,3.0,0,0,0,0,1,0,0,0,0,0,1,0,0,0,0,0,1,0
4216,3.0,0,0,0,0,0,1,0,0,0,0,0,1,0,0,0,0,0,1
23636,3.0,0,1,0,0,0,0,0,1,0,0,0,0,0,1,0,0,0,0
29116,3.0,0,0,0,0,1,0,0,0,0,0,1,0,0,0,0,0,1,0
6461,3.0,1,0,0,0,0,0,1,0,0,0,0,0,1,0,0,0,0,0
5806,3.0,0,1,0,0,0,0,0,1,0,0,0,0,0,1,0,0,0,0
79947,3.0,0,0,1,0,0,0,0,0,1,0,0,0,0,0,1,0,0,0
6372,3.0,0,1,0,0,0,0,0,1,0,0,0,0,0,1,0,0,0,0
196,3.0,0,1,0,0,0,0,0,1,0,0,0,0,0,1,0,0,0,0
9194,3.0,0,0,0,1,0,0,0,0,0,1,0,0,0,0,0,1,0,0
8995,3.0,1,0,0,0,0,0,1,0,0,0,0,0,1,0,0,0,0,0
3730,3.0,0,0,0,0,0,1,0,0,0,0,0,1,0,0,0,0,0,1
3823,3.0,0,0,0,1,0,0,0,0,0,1,0,0,0,0,0,1,0,0
26003,3.0,0,0,1,0,0,0,0,0,1,0,0,0,0,0,1,0,0,0
26050,3.0,0,0,0,0,1,0,0,0,0,0,1,0,0,0,0,0,1,0
55666,3.0,0,0,1,0,0,0,0,0,1,0,0,0,0,0,1,0,0,0
7188,3.0,0,0,0,0,0,1,0,0,0,0,0,1,0,0,0,0,0,1
56892,3.0,1,0,0,0,0,0,1,0,0,0,0,0,1,0,0,0,0,0
10346,3.0,0,1,0,0,0,0,0,1,0,0,0,0,0,1,0,0,0,0
3480,3.0,0,0,0,0,0,1,0,0,0,0,0,1,0,0,0,0,0,1
79132,3.0,0,1,0,0,0,0,0,1,0,0,0,0,0,1,0,0,0,0
84164,3.0,0,0,1,0,0,0,0,0,1,0,0,0,0,0,1,0,0,0
56034,3.0,0,0,1,0,0,0,0,0,1,0,0,0,0,0,1,0,0,0
23286,3.0,1,0,0,0,0,0,1,0,0,0,0,0,1,0,0,0,0,0
5745,3.0,0,0,0,0,1,0,0,0,0,0,1,0,0,0,0,0,1,0
1300,3.0,0,0,0,0,0,1,0,0,0,0,0,1,0,0,0,0,0,1
5916,3.0,0,0,0,0,1,0,0,0,0,0,1,0,0,0,0,0,1,0
805,3.0,0,0,0,0,0,1,0,0,0,0,0,1,0,0,0,0,0,1
26052,3.0,0,0,0,0,0,1,0,0,0,0,0,1,0,0,0,0,0,1
9776,3.0,0,0,1,0,0,0,0,0,1,0,0,0,0,0,1,0,0,0
84447,3.0,0,0,1,0,0,0,0,0,1,0,0,0,0,0,1,0,0,0
6610,3.0,1,0,0,0,0,0,1,0,0,0,0,0,1,0,0,0,0,0
10973,3.0,0,0,1,0,0,0,0,0,1,0,0,0,0,0,1,0,0,0
9620,3.0,0,0,0,0,0,1,0,0,0,0,0,1,0,0,0,0,0,1
64761,3.0,0,1,0,0,0,0,0,1,0,0,0,0,0,1,0,0,0,0
5694,3.0,1,0,0,0,0,0,1,0,0,0,0,0,1,0,0,0,0,0
983,3.0,0,0,0,1,0,0,0,0,0,1,0,0,0,0,0,1,0,0
63901,3.0,1,0,0,0,0,0,1,0,0,0,0,0,1,0,0,0,0,0
113,3.0,0,0,0,0,0,1,0,0,0,0,0,1,0,0,0,0,0,1
27102,3.0,0,0,1,0,0,0,0,0,1,0,0,0,0,0,1,0,0,0
4312,3.0,0,1,0,0,0,0,0,1,0,0,0,0,0,1,0,0,0,0
6678,3.0,0,0,1,0,0,0,0,0,1,0,0,0,0,0,1,0,0,0
3665,3.0,0,1,0,0,0,0,0,1,0,0,0,0,0,1,0,0,0,0
6782,3.0,0,0,1,0,0,0,0,0,1,0,0,0,0,0,1,0,0,0
7345,3.0,0,0,1,0,0,0,0,0,1,0,0,0,0,0,1,0,0,0
26959,3.0,0,0,0,1,0,0,0,0,0,1,0,0,0,0,0,1,0,0
5347,3.0,0,0,0,1,0,0,0,0,0,1,0,0,0,0,0,1,0,0
10802,3.0,0,0,1,0,0,0,0,0,1,0,0,0,0,0,1,0,0,0
54809,3.0,0,1,0,0,0,0,0,1,0,0,0,0,0,1,0,0,0,0
140609,3.0,0,0,0,0,0,1,0,0,0,0,0,1,0,0,0,0,0,1
2535,3.0,0,0,0,0,1,0,0,0,0,0,1,0,0,0,0,0,1,0
166614,3.0,0,0,0,0,0,1,0,0,0,0,0,1,0,0,0,0,0,1
1603,3.0,0,0,1,0,0,0,0,0,1,0,0,0,0,0,1,0,0,0
1999,3.0,0,1,0,0,0,0,0,1,0,0,0,0,0,1,0,0,0,0
5771,3.0,0,1,0,0,0,0,0,1,0,0,0,0,0,1,0,0,0,0
2977,3.0,0,0,0,1,0,0,0,0,0,1,0,0,0,0,0,1,0,0
9603,3.0,1,0,0,0,0,0,1,0,0,0,0,0,1,0,0,0,0,0
27243,3.0,0,0,0,1,0,0,0,0,0,1,0,0,0,0,0,1,0,0
23224,3.0,0,0,0,0,1,0,0,0,0,0,1,0,0,0,0,0,1,0
26472,3.0,0,0,1,0,0,0,0,0,1,0,0,0,0,0,1,0,0,0
3569,3.0,0,1,0,0,0,0,0,1,0,0,0,0,0,1,0,0,0,0
6734,3.0,0,0,1,0,0,0,0,0,1,0,0,0,0,0,1,0,0,0
10000,3.0,0,0,0,0,0,1,0,0,0,0,0,1,0,0,0,0,0,1
999,3.0,0,0,0,1,0,0,0,0,0,1,0,0,0,0,0,1,0,0
7424,3.0,1,0,0,0,0,0,1,0,0,0,0,0,1,0,0,0,0,0
72,3.0,0,0,0,0,0,1,0,0,0,0,0,1,0,0,0,0,0,1
629,3.0,0,1,0,0,0,0,0,1,0,0,0,0,0,1,0,0,0,0
5025,3.0,0,1,0,0,0,0,0,1,0,0,0,0,0,1,0,0,0,0
50507,3.0,0,0,1,0,0,0,0,0,1,0,0,0,0,0,1,0,0,0
4774,3.0,0,0,0,0,1,0,0,0,0,0,1,0,0,0,0,0,1,0
56005,3.0,0,0,1,0,0,0,0,0,1,0,0,0,0,0,1,0,0,0
11047,3.0,1,0,0,0,0,0,1,0,0,0,0,0,1,0,0,0,0,0
1296,3.0,0,0,0,0,0,1,0,0,0,0,0,1,0,0,0,0,0,1
819,3.0,0,0,0,0,1,0,0,0,0,0,1,0,0,0,0,0,1,0
1466,3.0,0,0,0,0,0,1,0,0,0,0,0,1,0,0,0,0,0,1
11234,3.0,0,0,1,0,0,0,0,0,1,0,0,0,0,0,1,0,0,0
3688,3.0,0,0,1,0,0,0,0,0,1,0,0,0,0,0,1,0,0,0
2335,3.0,0,0,1,0,0,0,0,0,1,0,0,0,0,0,1,0,0,0
5720,3.0,0,1,0,0,0,0,0,1,0,0,0,0,0,1,0,0,0,0
10577,3.0,0,0,0,0,1,0,0,0,0,0,1,0,0,0,0,0,1,0
56938,3.0,1,0,0,0,0,0,1,0,0,0,0,0,1,0,0,0,0,0
8854,3.0,0,0,0,1,0,0,0,0,0,1,0,0,0,0,0,1,0,0
6776,3.0,0,1,0,0,0,0,0,1,0,0,0,0,0,1,0,0,0,0
378,3.0,0,0,1,0,0,0,0,0,1,0,0,0,0,0,1,0,0,0
55624,3.0,1,0,0,0,0,0,1,0,0,0,0,0,1,0,0,0,0,0
9276,3.0,0,0,1,0,0,0,0,0,1,0,0,0,0,0,1,0,0,0
25939,3.0,0,1,0,0,0,0,0,1,0,0,0,0,0,1,0,0,0,0
5743,3.0,1,0,0,0,0,0,1,0,0,0,0,0,1,0,0,0,0,0
10148,3.0,1,0,0,0,0,0,1,0,0,0,0,0,1,0,0,0,0,0
29969,3.0,0,0,0,1,0,0,0,0,0,1,0,0,0,0,0,1,0,0
22820,3.0,0,0,1,0,0,0,0,0,1,0,0,0,0,0,1,0,0,0
54739,3.0,0,1,0,0,0,0,0,1,0,0,0,0,0,1,0,0,0,0
23480,3.0,0,0,1,0,0,0,0,0,1,0,0,0,0,0,1,0,0,0
11140,3.0,0,0,1,0,0,0,0,0,1,0,0,0,0,0,1,0,0,0
60489,3.0,0,1,0,0,0,0,0,1,0,0,0,0,0,1,0,0,0,0
1869,3.0,0,0,0,1,0,0,0,0,0,1,0,0,0,0,0,1,0,0
6455,3.0,0,0,0,0,0,1,0,0,0,0,0,1,0,0,0,0,0,1
9902,3.0,0,0,0,0,0,1,0,0,0,0,0,1,0,0,0,0,0,1
4891,3.0,0,1,0,0,0,0,0,1,0,0,0,0,0,1,0,0,0,0
4217,3.0,0,1,0,0,0,0,0,1,0,0,0,0,0,1,0,0,0,0
4917,3.0,0,0,0,0,1,0,0,0,0,0,1,0,0,0,0,0,1,0
4343,3.0,0,1,0,0,0,0,0,1,0,0,0,0,0,1,0,0,0,0
2643,3.0,0,1,0,0,0,0,0,1,0,0,0,0,0,1,0,0,0,0
4940,3.0,0,1,0,0,0,0,0,1,0,0,0,0,0,1,0,0,0,0
84876,3.0,1,0,0,0,0,0,1,0,0,0,0,0,1,0,0,0,0,0
79822,3.0,0,0,0,0,1,0,0,0,0,0,1,0,0,0,0,0,1,0
290,3.0,0,0,0,0,1,0,0,0,0,0,1,0,0,0,0,0,1,0
5584,3.0,0,0,0,0,0,1,0,0,0,0,0,1,0,0,0,0,0,1
1786,3.0,0,1,0,0,0,0,0,1,0,0,0,0,0,1,0,0,0,0
53637,3.0,0,0,0,0,0,1,0,0,0,0,0,1,0,0,0,0,0,1
81542,3.0,1,0,0,0,0,0,1,0,0,0,0,0,1,0,0,0,0,0
1289,3.0,0,0,0,0,0,1,0,0,0,0,0,1,0,0,0,0,0,1
1116,3.0,0,1,0,0,0,0,0,1,0,0,0,0,0,1,0,0,0,0
5533,3.0,1,0,0,0,0,0,1,0,0,0,0,0,1,0,0,0,0,0
109,3.0,0,0,0,0,1,0,0,0,0,0,1,0,0,0,0,0,1,0
3910,3.0,0,0,0,0,1,0,0,0,0,0,1,0,0,0,0,0,1,0
1374,3.0,0,0,0,0,1,0,0,0,0,0,1,0,0,0,0,0,1,0
4659,3.0,0,0,0,0,0,1,0,0,0,0,0,1,0,0,0,0,0,1
2782,3.0,0,0,1,0,0,0,0,0,1,0,0,0,0,0,1,0,0,0
1520,3.0,0,1,0,0,0,0,0,1,0,0,0,0,0,1,0,0,0,0
6892,3.0,1,0,0,0,0,0,1,0,0,0,0,0,1,0,0,0,0,0
25819,3.0,1,0,0,0,0,0,1,0,0,0,0,0,1,0,0,0,0,0
26128,3.0,0,0,1,0,0,0,0,0,1,0,0,0,0,0,1,0,0,0
2744,3.0,0,0,1,0,0,0,0,0,1,0,0,0,0,0,1,0,0,0
5310,3.0,0,0,0,0,0,1,0,0,0,0,0,1,0,0,0,0,0,1
3106,3.0,0,1,0,0,0,0,0,1,0,0,0,0,0,1,0,0,0,0
8266,3.0,0,0,0,0,0,1,0,0,0,0,0,1,0,0,0,0,0,1
55748,3.0,1,0,0,0,0,0,1,0,0,0,0,0,1,0,0,0,0,0
81565,3.0,0,0,1,0,0,0,0,0,1,0,0,0,0,0,1,0,0,0
6272,3.0,0,0,0,0,0,1,0,0,0,0,0,1,0,0,0,0,0,1
51726,3.0,0,0,1,0,0,0,0,0,1,0,0,0,0,0,1,0,0,0
9124,3.0,0,1,0,0,0,0,0,1,0,0,0,0,0,1,0,0,0,0
5704,3.0,1,0,0,0,0,0,1,0,0,0,0,0,1,0,0,0,0,0
23213,3.0,1,0,0,0,0,0,1,0,0,0,0,0,1,0,0,0,0,0
3430,3.0,0,1,0,0,0,0,0,1,0,0,0,0,0,1,0,0,0,0
7097,3.0,0,1,0,0,0,0,0,1,0,0,0,0,0,1,0,0,0,0
2308,3.0,0,0,0,0,0,1,0,0,0,0,0,1,0,0,0,0,0,1
56957,3.0,0,0,0,0,0,1,0,0,0,0,0,1,0,0,0,0,0,1
103,3.0,0,1,0,0,0,0,0,1,0,0,0,0,0,1,0,0,0,0
27333,3.0,0,0,0,0,0,1,0,0,0,0,0,1,0,0,0,0,0,1
9308,3.0,1,0,0,0,0,0,1,0,0,0,0,0,1,0,0,0,0,0
8500,3.0,0,0,1,0,0,0,0,0,1,0,0,0,0,0,1,0,0,0
5970,3.0,1,0,0,0,0,0,1,0,0,0,0,0,1,0,0,0,0,0
4591,3.0,1,0,0,0,0,0,1,0,0,0,0,0,1,0,0,0,0,0
4052,3.0,0,0,0,0,0,1,0,0,0,0,0,1,0,0,0,0,0,1
11200,3.0,0,1,0,0,0,0,0,1,0,0,0,0,0,1,0,0,0,0
6373,3.0,0,1,0,0,0,0,0,1,0,0,0,0,0,1,0,0,0,0
23345,3.0,0,0,0,0,0,1,0,0,0,0,0,1,0,0,0,0,0,1
54431,3.0,1,0,0,0,0,0,1,0,0,0,0,0,1,0,0,0,0,0
5337,3.0,0,1,0,0,0,0,0,1,0,0,0,0,0,1,0,0,0,0
144811,3.0,0,1,0,0,0,0,0,1,0,0,0,0,0,1,0,0,0,0
1435,3.0,0,1,0,0,0,0,0,1,0,0,0,0,0,1,0,0,0,0
55757,3.0,0,0,1,0,0,0,0,0,1,0,0,0,0,0,1,0,0,0
6256,3.0,0,0,0,0,1,0,0,0,0,0,1,0,0,0,0,0,1,0
23780,3.0,0,1,0,0,0,0,0,1,0,0,0,0,0,1,0,0,0,0
7465,3.0,0,0,0,1,0,0,0,0,0,1,0,0,0,0,0,1,0,0
8704,3.0,0,0,0,0,0,1,0,0,0,0,0,1,0,0,0,0,0,1
5714,3.0,0,0,1,0,0,0,0,0,1,0,0,0,0,0,1,0,0,0
3992,3.0,1,0,0,0,0,0,1,0,0,0,0,0,1,0,0,0,0,0
92960,3.0,0,0,0,1,0,0,0,0,0,1,0,0,0,0,0,1,0,0
6839,3.0,0,0,0,1,0,0,0,0,0,1,0,0,0,0,0,1,0,0
5782,3.0,1,0,0,0,0,0,1,0,0,0,0,0,1,0,0,0,0,0
5452,3.0,1,0,0,0,0,0,1,0,0,0,0,0,1,0,0,0,0,0
3340,3.0,0,0,0,0,0,1,0,0,0,0,0,1,0,0,0,0,0,1
25802,3.0,0,0,0,0,0,1,0,0,0,0,0,1,0,0,0,0,0,1
637,3.0,1,0,0,0,0,0,1,0,0,0,0,0,1,0,0,0,0,0
1499,3.0,0,0,0,0,0,1,0,0,0,0,0,1,0,0,0,0,0,1
8507,3.0,0,0,1,0,0,0,0,0,1,0,0,0,0,0,1,0,0,0
10085,3.0,0,0,0,0,0,1,0,0,0,0,0,1,0,0,0,0,0,1
6495,3.0,0,0,0,0,1,0,0,0,0,0,1,0,0,0,0,0,1,0
874,3.0,1,0,0,0,0,0,1,0,0,0,0,0,1,0,0,0,0,0
5687,3.0,1,0,0,0,0,0,1,0,0,0,0,0,1,0,0,0,0,0
7297,3.0,1,0,0,0,0,0,1,0,0,0,0,0,1,0,0,0,0,0
55577,3.0,0,0,1,0,0,0,0,0,1,0,0,0,0,0,1,0,0,0
4942,3.0,0,0,1,0,0,0,0,0,1,0,0,0,0,0,1,0,0,0
24145,3.0,1,0,0,0,0,0,1,0,0,0,0,0,1,0,0,0,0,0
8836,3.0,1,0,0,0,0,0,1,0,0,0,0,0,1,0,0,0,0,0
22872,3.0,0,0,0,0,0,1,0,0,0,0,0,1,0,0,0,0,0,1
10106,3.0,0,0,0,0,1,0,0,0,0,0,1,0,0,0,0,0,1,0
5691,3.0,1,0,0,0,0,0,1,0,0,0,0,0,1,0,0,0,0,0
3718,3.0,1,0,0,0,0,0,1,0,0,0,0,0,1,0,0,0,0,0
7319,3.0,0,0,0,0,0,1,0,0,0,0,0,1,0,0,0,0,0,1
3799,3.0,0,0,1,0,0,0,0,0,1,0,0,0,0,0,1,0,0,0
8784,3.0,1,0,0,0,0,0,1,0,0,0,0,0,1,0,0,0,0,0
7004,3.0,0,0,0,0,0,1,0,0,0,0,0,1,0,0,0,0,0,1
8812,3.0,0,0,1,0,0,0,0,0,1,0,0,0,0,0,1,0,0,0
4793,3.0,1,0,0,0,0,0,1,0,0,0,0,0,1,0,0,0,0,0
10250,3.0,0,0,0,1,0,0,0,0,0,1,0,0,0,0,0,1,0,0
54413,3.0,0,0,0,0,1,0,0,0,0,0,1,0,0,0,0,0,1,0
55616,3.0,0,0,0,0,1,0,0,0,0,0,1,0,0,0,0,0,1,0
51495,3.0,0,0,0,0,1,0,0,0,0,0,1,0,0,0,0,0,1,0
7402,3.0,0,0,0,0,1,0,0,0,0,0,1,0,0,0,0,0,1,0
10194,3.0,0,0,0,0,1,0,0,0,0,0,1,0,0,0,0,0,1,0
58477,3.0,0,0,1,0,0,0,0,0,1,0,0,0,0,0,1,0,0,0
1303,3.0,0,0,0,0,0,1,0,0,0,0,0,1,0,0,0,0,0,1
10919,3.0,0,0,0,0,1,0,0,0,0,0,1,0,0,0,0,0,1,0
81,3.0,0,0,0,0,0,1,0,0,0,0,0,1,0,0,0,0,0,1
9742,3.0,0,0,0,0,1,0,0,0,0,0,1,0,0,0,0,0,1,0
3875,3.0,0,0,0,0,0,1,0,0,0,0,0,1,0,0,0,0,0,1
51465,3.0,0,0,1,0,0,0,0,0,1,0,0,0,0,0,1,0,0,0
2801,3.0,0,0,0,0,0,1,0,0,0,0,0,1,0,0,0,0,0,1
59345,3.0,0,0,0,0,0,1,0,0,0,0,0,1,0,0,0,0,0,1
8626,3.0,0,1,0,0,0,0,0,1,0,0,0,0,0,1,0,0,0,0
5924,3.0,0,0,0,0,0,1,0,0,0,0,0,1,0,0,0,0,0,1
7098,3.0,0,1,0,0,0,0,0,1,0,0,0,0,0,1,0,0,0,0
54961,3.0,0,0,0,0,1,0,0,0,0,0,1,0,0,0,0,0,1,0
8729,3.0,0,0,1,0,0,0,0,0,1,0,0,0,0,0,1,0,0,0
22937,3.0,0,0,0,0,1,0,0,0,0,0,1,0,0,0,0,0,1,0
2909,3.0,0,0,0,0,1,0,0,0,0,0,1,0,0,0,0,0,1,0
5802,3.0,0,0,0,0,1,0,0,0,0,0,1,0,0,0,0,0,1,0
7026,3.0,0,0,0,0,1,0,0,0,0,0,1,0,0,0,0,0,1,0
1278,3.0,0,0,0,0,0,1,0,0,0,0,0,1,0,0,0,0,0,1
5238,3.0,0,0,1,0,0,0,0,0,1,0,0,0,0,0,1,0,0,0
2224,3.0,1,0,0,0,0,0,1,0,0,0,0,0,1,0,0,0,0,0
23059,3.0,0,0,0,0,1,0,0,0,0,0,1,0,0,0,0,0,1,0
3105,3.0,0,1,0,0,0,0,0,1,0,0,0,0,0,1,0,0,0,0
51272,3.0,0,0,0,0,0,1,0,0,0,0,0,1,0,0,0,0,0,1
1540,3.0,1,0,0,0,0,0,1,0,0,0,0,0,1,0,0,0,0,0
10787,3.0,0,0,0,0,0,1,0,0,0,0,0,1,0,0,0,0,0,1
22808,3.0,0,0,0,0,0,1,0,0,0,0,0,1,0,0,0,0,0,1
8140,3.0,0,0,1,0,0,0,0,0,1,0,0,0,0,0,1,0,0,0
10139,3.0,1,0,0,0,0,0,1,0,0,0,0,0,1,0,0,0,0,0
837,3.0,0,1,0,0,0,0,0,1,0,0,0,0,0,1,0,0,0,0
9780,3.0,1,0,0,0,0,0,1,0,0,0,0,0,1,0,0,0,0,0
8120,3.0,0,0,0,1,0,0,0,0,0,1,0,0,0,0,0,1,0,0
10049,3.0,0,0,1,0,0,0,0,0,1,0,0,0,0,0,1,0,0,0
84188,3.0,0,0,0,0,0,1,0,0,0,0,0,1,0,0,0,0,0,1
4627,3.0,0,0,1,0,0,0,0,0,1,0,0,0,0,0,1,0,0,0
81930,3.0,0,0,0,1,0,0,0,0,0,1,0,0,0,0,0,1,0,0
9446,3.0,1,0,0,0,0,0,1,0,0,0,0,0,1,0,0,0,0,0
4907,3.0,1,0,0,0,0,0,1,0,0,0,0,0,1,0,0,0,0,0
9555,3.0,0,0,0,0,0,1,0,0,0,0,0,1,0,0,0,0,0,1
23594,3.0,0,0,0,1,0,0,0,0,0,1,0,0,0,0,0,1,0,0
6728,3.0,0,0,1,0,0,0,0,0,1,0,0,0,0,0,1,0,0,0
3895,3.0,0,0,1,0,0,0,0,0,1,0,0,0,0,0,1,0,0,0
2906,3.0,0,0,0,0,0,1,0,0,0,0,0,1,0,0,0,0,0,1
5270,3.0,0,0,1,0,0,0,0,0,1,0,0,0,0,0,1,0,0,0
10318,3.0,1,0,0,0,0,0,1,0,0,0,0,0,1,0,0,0,0,0
3459,3.0,1,0,0,0,0,0,1,0,0,0,0,0,1,0,0,0,0,0
79931,3.0,1,0,0,0,0,0,1,0,0,0,0,0,1,0,0,0,0,0
2316,3.0,0,0,0,0,0,1,0,0,0,0,0,1,0,0,0,0,0,1
7798,3.0,0,0,1,0,0,0,0,0,1,0,0,0,0,0,1,0,0,0
22931,3.0,0,0,1,0,0,0,0,0,1,0,0,0,0,0,1,0,0,0
1062,3.0,0,0,0,1,0,0,0,0,0,1,0,0,0,0,0,1,0,0
81488,3.0,0,0,0,0,1,0,0,0,0,0,1,0,0,0,0,0,1,0
9924,3.0,0,0,0,0,1,0,0,0,0,0,1,0,0,0,0,0,1,0
64083,3.0,0,0,0,0,0,1,0,0,0,0,0,1,0,0,0,0,0,1
57082,3.0,0,0,0,1,0,0,0,0,0,1,0,0,0,0,0,1,0,0
355,3.0,1,0,0,0,0,0,1,0,0,0,0,0,1,0,0,0,0,0
10897,3.0,0,0,1,0,0,0,0,0,1,0,0,0,0,0,1,0,0,0
6310,3.0,0,0,0,0,0,1,0,0,0,0,0,1,0,0,0,0,0,1
10385,3.0,1,0,0,0,0,0,1,0,0,0,0,0,1,0,0,0,0,0
4047,3.0,0,1,0,0,0,0,0,1,0,0,0,0,0,1,0,0,0,0
9919,3.0,0,0,0,0,0,1,0,0,0,0,0,1,0,0,0,0,0,1
64689,3.0,0,0,0,0,0,1,0,0,0,0,0,1,0,0,0,0,0,1
1513,3.0,0,1,0,0,0,0,0,1,0,0,0,0,0,1,0,0,0,0
7168,3.0,0,0,1,0,0,0,0,0,1,0,0,0,0,0,1,0,0,0
372,3.0,0,0,1,0,0,0,0,0,1,0,0,0,0,0,1,0,0,0
10398,3.0,0,0,0,0,0,1,0,0,0,0,0,1,0,0,0,0,0,1
3985,3.0,0,0,1,0,0,0,0,0,1,0,0,0,0,0,1,0,0,0
80380,3.0,1,0,0,0,0,0,1,0,0,0,0,0,1,0,0,0,0,0
6608,3.0,0,0,0,0,1,0,0,0,0,0,1,0,0,0,0,0,1,0
23586,3.0,0,1,0,0,0,0,0,1,0,0,0,0,0,1,0,0,0,0
9358,3.0,0,0,0,0,0,1,0,0,0,0,0,1,0,0,0,0,0,1
5166,3.0,0,0,0,0,1,0,0,0,0,0,1,0,0,0,0,0,1,0
148022,3.0,1,0,0,0,0,0,1,0,0,0,0,0,1,0,0,0,0,0
329,3.0,1,0,0,0,0,0,1,0,0,0,0,0,1,0,0,0,0,0
10046,3.0,0,0,0,0,0,1,0,0,0,0,0,1,0,0,0,0,0,1
10626,3.0,1,0,0,0,0,0,1,0,0,0,0,0,1,0,0,0,0,0
5698,3.0,0,1,0,0,0,0,0,1,0,0,0,0,0,1,0,0,0,0
7869,3.0,0,0,0,0,1,0,0,0,0,0,1,0,0,0,0,0,1,0
152185,3.0,0,0,0,0,0,1,0,0,0,0,0,1,0,0,0,0,0,1
3550,3.0,0,0,0,1,0,0,0,0,0,1,0,0,0,0,0,1,0,0
359845,3.0,0,0,0,0,0,1,0,0,0,0,0,1,0,0,0,0,0,1
1027,3.0,0,0,0,0,1,0,0,0,0,0,1,0,0,0,0,0,1,0
3660,3.0,0,1,0,0,0,0,0,1,0,0,0,0,0,1,0,0,0,0
81844,3.0,0,1,0,0,0,0,0,1,0,0,0,0,0,1,0,0,0,0
4794,3.0,1,0,0,0,0,0,1,0,0,0,0,0,1,0,0,0,0,0
8302,3.0,0,0,0,1,0,0,0,0,0,1,0,0,0,0,0,1,0,0
2645,3.0,0,0,0,1,0,0,0,0,0,1,0,0,0,0,0,1,0,0
51719,3.0,0,1,0,0,0,0,0,1,0,0,0,0,0,1,0,0,0,0
523,3.0,1,0,0,0,0,0,1,0,0,0,0,0,1,0,0,0,0,0
5709,3.0,1,0,0,0,0,0,1,0,0,0,0,0,1,0,0,0,0,0
4053,3.0,0,0,1,0,0,0,0,0,1,0,0,0,0,0,1,0,0,0
7057,3.0,0,0,0,0,0,1,0,0,0,0,0,1,0,0,0,0,0,1
64130,3.0,0,0,0,0,0,1,0,0,0,0,0,1,0,0,0,0,0,1
3708,3.0,0,1,0,0,0,0,0,1,0,0,0,0,0,1,0,0,0,0
9636,3.0,0,1,0,0,0,0,0,1,0,0,0,0,0,1,0,0,0,0
23198,3.0,0,0,1,0,0,0,0,0,1,0,0,0,0,0,1,0,0,0
47,3.0,0,0,1,0,0,0,0,0,1,0,0,0,0,0,1,0,0,0
80270,3.0,0,0,0,0,1,0,0,0,0,0,1,0,0,0,0,0,1,0
113612,3.0,0,0,0,0,1,0,0,0,0,0,1,0,0,0,0,0,1,0
1072,3.0,0,0,1,0,0,0,0,0,1,0,0,0,0,0,1,0,0,0
200558,3.0,1,0,0,0,0,0,1,0,0,0,0,0,1,0,0,0,0,0
9481,3.0,0,0,0,0,1,0,0,0,0,0,1,0,0,0,0,0,1,0
8218,3.0,0,0,0,0,0,1,0,0,0,0,0,1,0,0,0,0,0,1
9733,3.0,0,0,0,1,0,0,0,0,0,1,0,0,0,0,0,1,0,0
6810,3.0,1,0,0,0,0,0,1,0,0,0,0,0,1,0,0,0,0,0
8728,3.0,0,0,1,0,0,0,0,0,1,0,0,0,0,0,1,0,0,0
57169,3.0,0,1,0,0,0,0,0,1,0,0,0,0,0,1,0,0,0,0
834,3.0,0,1,0,0,0,0,0,1,0,0,0,0,0,1,0,0,0,0
84445,3.0,0,0,0,0,1,0,0,0,0,0,1,0,0,0,0,0,1,0
2635,3.0,0,1,0,0,0,0,0,1,0,0,0,0,0,1,0,0,0,0
2919,3.0,0,1,0,0,0,0,0,1,0,0,0,0,0,1,0,0,0,0
5721,3.0,1,0,0,0,0,0,1,0,0,0,0,0,1,0,0,0,0,0
800,3.0,0,0,0,0,0,1,0,0,0,0,0,1,0,0,0,0,0,1
23475,3.0,0,0,0,0,1,0,0,0,0,0,1,0,0,0,0,0,1,0
9775,3.0,0,0,0,1,0,0,0,0,0,1,0,0,0,0,0,1,0,0
81603,3.0,1,0,0,0,0,0,1,0,0,0,0,0,1,0,0,0,0,0
6794,3.0,0,1,0,0,0,0,0,1,0,0,0,0,0,1,0,0,0,0
715,3.0,0,1,0,0,0,0,0,1,0,0,0,0,0,1,0,0,0,0
387,3.0,0,0,0,0,0,1,0,0,0,0,0,1,0,0,0,0,0,1
972,3.0,0,1,0,0,0,0,0,1,0,0,0,0,0,1,0,0,0,0
6281,3.0,0,0,0,0,1,0,0,0,0,0,1,0,0,0,0,0,1,0
9111,3.0,0,1,0,0,0,0,0,1,0,0,0,0,0,1,0,0,0,0
9830,3.0,0,1,0,0,0,0,0,1,0,0,0,0,0,1,0,0,0,0
4782,3.0,1,0,0,0,0,0,1,0,0,0,0,0,1,0,0,0,0,0
51386,3.0,0,0,0,0,1,0,0,0,0,0,1,0,0,0,0,0,1,0
392,3.0,0,0,0,0,0,1,0,0,0,0,0,1,0,0,0,0,0,1
7980,3.0,1,0,0,0,0,0,1,0,0,0,0,0,1,0,0,0,0,0
8828,3.0,1,0,0,0,0,0,1,0,0,0,0,0,1,0,0,0,0,0
64116,3.0,0,1,0,0,0,0,0,1,0,0,0,0,0,1,0,0,0,0
3133,3.0,0,1,0,0,0,0,0,1,0,0,0,0,0,1,0,0,0,0
1301,3.0,0,0,0,0,0,1,0,0,0,0,0,1,0,0,0,0,0,1
10395,3.0,0,0,0,0,0,1,0,0,0,0,0,1,0,0,0,0,0,1
9871,3.0,0,0,1,0,0,0,0,0,1,0,0,0,0,0,1,0,0,0
3638,3.0,1,0,0,0,0,0,1,0,0,0,0,0,1,0,0,0,0,0
9550,3.0,0,0,1,0,0,0,0,0,1,0,0,0,0,0,1,0,0,0
6648,3.0,0,1,0,0,0,0,0,1,0,0,0,0,0,1,0,0,0,0
1311,3.0,0,0,1,0,0,0,0,0,1,0,0,0,0,0,1,0,0,0
51279,3.0,0,1,0,0,0,0,0,1,0,0,0,0,0,1,0,0,0,0
9069,3.0,1,0,0,0,0,0,1,0,0,0,0,0,1,0,0,0,0,0
5682,3.0,1,0,0,0,0,0,1,0,0,0,0,0,1,0,0,0,0,0
7291,3.0,0,0,0,0,1,0,0,0,0,0,1,0,0,0,0,0,1,0
1946,3.0,0,0,0,0,1,0,0,0,0,0,1,0,0,0,0,0,1,0
51056,3.0,0,1,0,0,0,0,0,1,0,0,0,0,0,1,0,0,0,0
5870,3.0,0,0,1,0,0,0,0,0,1,0,0,0,0,0,1,0,0,0
4017,3.0,0,0,1,0,0,0,0,0,1,0,0,0,0,0,1,0,0,0
6595,3.0,0,0,0,0,1,0,0,0,0,0,1,0,0,0,0,0,1,0
57674,3.0,0,1,0,0,0,0,0,1,0,0,0,0,0,1,0,0,0,0
219988,3.0,1,0,0,0,0,0,1,0,0,0,0,0,1,0,0,0,0,0
1514,3.0,0,0,0,0,1,0,0,0,0,0,1,0,0,0,0,0,1,0
9466,3.0,1,0,0,0,0,0,1,0,0,0,0,0,1,0,0,0,0,0
55008,3.0,0,1,0,0,0,0,0,1,0,0,0,0,0,1,0,0,0,0
6251,3.0,0,0,1,0,0,0,0,0,1,0,0,0,0,0,1,0,0,0
4982,3.0,1,0,0,0,0,0,1,0,0,0,0,0,1,0,0,0,0,0
4643,3.0,0,0,0,0,0,1,0,0,0,0,0,1,0,0,0,0,0,1
147179,3.0,0,0,0,0,0,1,0,0,0,0,0,1,0,0,0,0,0,1
57120,3.0,0,0,1,0,0,0,0,0,1,0,0,0,0,0,1,0,0,0
2182,3.0,1,0,0,0,0,0,1,0,0,0,0,0,1,0,0,0,0,0
54898,3.0,1,0,0,0,0,0,1,0,0,0,0,0,1,0,0,0,0,0
2803,3.0,0,0,1,0,0,0,0,0,1,0,0,0,0,0,1,0,0,0
94134,3.0,0,0,0,0,1,0,0,0,0,0,1,0,0,0,0,0,1,0
3732,3.0,1,0,0,0,0,0,1,0,0,0,0,0,1,0,0,0,0,0
7841,3.0,0,0,1,0,0,0,0,0,1,0,0,0,0,0,1,0,0,0
23363,3.0,0,0,0,0,1,0,0,0,0,0,1,0,0,0,0,0,1,0
57593,3.0,0,1,0,0,0,0,0,1,0,0,0,0,0,1,0,0,0,0
1815,3.0,1,0,0,0,0,0,1,0,0,0,0,0,1,0,0,0,0,0
6385,3.0,0,1,0,0,0,0,0,1,0,0,0,0,0,1,0,0,0,0
83737,3.0,0,0,1,0,0,0,0,0,1,0,0,0,0,0,1,0,0,0
71,3.0,0,0,0,0,0,1,0,0,0,0,0,1,0,0,0,0,0,1
5880,3.0,0,1,0,0,0,0,0,1,0,0,0,0,0,1,0,0,0,0
5293,3.0,1,0,0,0,0,0,1,0,0,0,0,0,1,0,0,0,0,0
79651,3.0,1,0,0,0,0,0,1,0,0,0,0,0,1,0,0,0,0,0
9820,3.0,0,0,0,1,0,0,0,0,0,1,0,0,0,0,0,1,0,0
26286,3.0,0,0,1,0,0,0,0,0,1,0,0,0,0,0,1,0,0,0
1756,3.0,0,0,0,0,0,1,0,0,0,0,0,1,0,0,0,0,0,1
57410,3.0,0,0,1,0,0,0,0,0,1,0,0,0,0,0,1,0,0,0
7412,3.0,0,1,0,0,0,0,0,1,0,0,0,0,0,1,0,0,0,0
9641,3.0,1,0,0,0,0,0,1,0,0,0,0,0,1,0,0,0,0,0
2081,3.0,1,0,0,0,0,0,1,0,0,0,0,0,1,0,0,0,0,0
57333,3.0,0,0,1,0,0,0,0,0,1,0,0,0,0,0,1,0,0,0
112869,3.0,0,0,0,1,0,0,0,0,0,1,0,0,0,0,0,1,0,0
3481,3.0,0,0,0,0,1,0,0,0,0,0,1,0,0,0,0,0,1,0
1984,3.0,1,0,0,0,0,0,1,0,0,0,0,0,1,0,0,0,0,0
64175,3.0,0,0,1,0,0,0,0,0,1,0,0,0,0,0,1,0,0,0
3552,3.0,1,0,0,0,0,0,1,0,0,0,0,0,1,0,0,0,0,0
961,3.0,0,1,0,0,0,0,0,1,0,0,0,0,0,1,0,0,0,0
4502,3.0,1,0,0,0,0,0,1,0,0,0,0,0,1,0,0,0,0,0
5373,3.0,0,0,1,0,0,0,0,0,1,0,0,0,0,0,1,0,0,0
1981,3.0,0,0,1,0,0,0,0,0,1,0,0,0,0,0,1,0,0,0
5308,3.0,0,0,0,0,0,1,0,0,0,0,0,1,0,0,0,0,0,1
5764,3.0,0,0,0,0,1,0,0,0,0,0,1,0,0,0,0,0,1,0
282991,3.0,0,0,1,0,0,0,0,0,1,0,0,0,0,0,1,0,0,0
4205,3.0,0,0,0,0,0,1,0,0,0,0,0,1,0,0,0,0,0,1
23558,3.0,1,0,0,0,0,0,1,0,0,0,0,0,1,0,0,0,0,0
652,3.0,0,0,0,0,1,0,0,0,0,0,1,0,0,0,0,0,1,0
10673,3.0,0,1,0,0,0,0,0,1,0,0,0,0,0,1,0,0,0,0
7145,3.0,0,0,1,0,0,0,0,0,1,0,0,0,0,0,1,0,0,0
80149,3.0,1,0,0,0,0,0,1,0,0,0,0,0,1,0,0,0,0,0
7264,3.0,0,0,1,0,0,0,0,0,1,0,0,0,0,0,1,0,0,0
716,3.0,0,1,0,0,0,0,0,1,0,0,0,0,0,1,0,0,0,0
7030,3.0,0,1,0,0,0,0,0,1,0,0,0,0,0,1,0,0,0,0
54947,3.0,0,0,0,0,0,1,0,0,0,0,0,1,0,0,0,0,0,1
1490,3.0,0,0,1,0,0,0,0,0,1,0,0,0,0,0,1,0,0,0
3601,3.0,0,1,0,0,0,0,0,1,0,0,0,0,0,1,0,0,0,0
55033,3.0,0,0,1,0,0,0,0,0,1,0,0,0,0,0,1,0,0,0
10097,3.0,0,0,1,0,0,0,0,0,1,0,0,0,0,0,1,0,0,0
3987,3.0,0,0,1,0,0,0,0,0,1,0,0,0,0,0,1,0,0,0
5217,3.0,0,0,0,0,1,0,0,0,0,0,1,0,0,0,0,0,1,0
5734,3.0,0,1,0,0,0,0,0,1,0,0,0,0,0,1,0,0,0,0
10611,3.0,0,0,1,0,0,0,0,0,1,0,0,0,0,0,1,0,0,0
4061,3.0,0,1,0,0,0,0,0,1,0,0,0,0,0,1,0,0,0,0
9612,3.0,0,0,0,0,0,1,0,0,0,0,0,1,0,0,0,0,0,1
6396,3.0,0,0,1,0,0,0,0,0,1,0,0,0,0,0,1,0,0,0
25800,3.0,0,1,0,0,0,0,0,1,0,0,0,0,0,1,0,0,0,0
5366,3.0,1,0,0,0,0,0,1,0,0,0,0,0,1,0,0,0,0,0
27086,3.0,0,0,0,0,0,1,0,0,0,0,0,1,0,0,0,0,0,1
10217,3.0,0,0,0,0,1,0,0,0,0,0,1,0,0,0,0,0,1,0
4599,3.0,0,1,0,0,0,0,0,1,0,0,0,0,0,1,0,0,0,0
9540,3.0,0,0,0,0,0,1,0,0,0,0,0,1,0,0,0,0,0,1
10450,3.0,0,0,0,1,0,0,0,0,0,1,0,0,0,0,0,1,0,0
7318,3.0,0,1,0,0,0,0,0,1,0,0,0,0,0,1,0,0,0,0
25759,3.0,0,0,0,0,1,0,0,0,0,0,1,0,0,0,0,0,1,0
1593,3.0,0,1,0,0,0,0,0,1,0,0,0,0,0,1,0,0,0,0
84254,3.0,0,0,0,0,0,1,0,0,0,0,0,1,0,0,0,0,0,1
55568,3.0,0,0,0,0,0,1,0,0,0,0,0,1,0,0,0,0,0,1
4637,3.0,0,0,1,0,0,0,0,0,1,0,0,0,0,0,1,0,0,0
55601,3.0,0,1,0,0,0,0,0,1,0,0,0,0,0,1,0,0,0,0
7185,3.0,1,0,0,0,0,0,1,0,0,0,0,0,1,0,0,0,0,0
11180,3.0,0,0,0,0,1,0,0,0,0,0,1,0,0,0,0,0,1,0
5865,3.0,0,0,1,0,0,0,0,0,1,0,0,0,0,0,1,0,0,0
64080,3.0,0,0,0,1,0,0,0,0,0,1,0,0,0,0,0,1,0,0
64167,3.0,0,1,0,0,0,0,0,1,0,0,0,0,0,1,0,0,0,0
3134,3.0,0,1,0,0,0,0,0,1,0,0,0,0,0,1,0,0,0,0
7037,3.0,0,1,0,0,0,0,0,1,0,0,0,0,0,1,0,0,0,0
55829,3.0,0,0,1,0,0,0,0,0,1,0,0,0,0,0,1,0,0,0
55619,3.0,1,0,0,0,0,0,1,0,0,0,0,0,1,0,0,0,0,0
6382,3.0,0,0,0,0,0,1,0,0,0,0,0,1,0,0,0,0,0,1
55062,3.0,0,0,1,0,0,0,0,0,1,0,0,0,0,0,1,0,0,0
1025,3.0,0,0,0,1,0,0,0,0,0,1,0,0,0,0,0,1,0,0
3553,3.0,0,1,0,0,0,0,0,1,0,0,0,0,0,1,0,0,0,0
10959,3.0,0,0,1,0,0,0,0,0,1,0,0,0,0,0,1,0,0,0
2044,3.0,0,0,0,0,1,0,0,0,0,0,1,0,0,0,0,0,1,0
48,3.0,0,1,0,0,0,0,0,1,0,0,0,0,0,1,0,0,0,0
59,3.0,0,0,0,0,0,1,0,0,0,0,0,1,0,0,0,0,0,1
2920,3.0,0,1,0,0,0,0,0,1,0,0,0,0,0,1,0,0,0,0
3838,3.0,0,1,0,0,0,0,0,1,0,0,0,0,0,1,0,0,0,0
6788,3.0,0,0,0,1,0,0,0,0,0,1,0,0,0,0,0,1,0,0
3965,3.0,0,1,0,0,0,0,0,1,0,0,0,0,0,1,0,0,0,0
2537,3.0,0,1,0,0,0,0,0,1,0,0,0,0,0,1,0,0,0,0
4086,3.0,0,1,0,0,0,0,0,1,0,0,0,0,0,1,0,0,0,0
1051,3.0,1,0,0,0,0,0,1,0,0,0,0,0,1,0,0,0,0,0
23399,3.0,0,0,0,1,0,0,0,0,0,1,0,0,0,0,0,1,0,0
5525,3.0,0,0,0,0,1,0,0,0,0,0,1,0,0,0,0,0,1,0
6891,3.0,0,1,0,0,0,0,0,1,0,0,0,0,0,1,0,0,0,0
9950,3.0,0,0,1,0,0,0,0,0,1,0,0,0,0,0,1,0,0,0
6890,3.0,1,0,0,0,0,0,1,0,0,0,0,0,1,0,0,0,0,0
81671,3.0,0,0,1,0,0,0,0,0,1,0,0,0,0,0,1,0,0,0
1856,3.0,0,0,0,0,1,0,0,0,0,0,1,0,0,0,0,0,1,0
4791,3.0,1,0,0,0,0,0,1,0,0,0,0,0,1,0,0,0,0,0
29126,3.0,1,0,0,0,0,0,1,0,0,0,0,0,1,0,0,0,0,0
55048,3.0,1,0,0,0,0,0,1,0,0,0,0,0,1,0,0,0,0,0
9023,3.0,0,1,0,0,0,0,0,1,0,0,0,0,0,1,0,0,0,0
202,3.0,1,0,0,0,0,0,1,0,0,0,0,0,1,0,0,0,0,0
81567,3.0,0,0,1,0,0,0,0,0,1,0,0,0,0,0,1,0,0,0
3959,3.0,0,1,0,0,0,0,0,1,0,0,0,0,0,1,0,0,0,0
8809,3.0,1,0,0,0,0,0,1,0,0,0,0,0,1,0,0,0,0,0
2309,3.0,0,0,0,0,1,0,0,0,0,0,1,0,0,0,0,0,1,0
1956,3.0,0,1,0,0,0,0,0,1,0,0,0,0,0,1,0,0,0,0
162,3.0,1,0,0,0,0,0,1,0,0,0,0,0,1,0,0,0,0,0
10797,3.0,0,0,1,0,0,0,0,0,1,0,0,0,0,0,1,0,0,0
3572,3.0,0,1,0,0,0,0,0,1,0,0,0,0,0,1,0,0,0,0
9055,3.0,0,0,0,1,0,0,0,0,0,1,0,0,0,0,0,1,0,0
143872,3.0,0,1,0,0,0,0,0,1,0,0,0,0,0,1,0,0,0,0
1947,3.0,0,1,0,0,0,0,0,1,0,0,0,0,0,1,0,0,0,0
6867,3.0,0,0,0,1,0,0,0,0,0,1,0,0,0,0,0,1,0,0
481,3.0,0,0,0,0,0,1,0,0,0,0,0,1,0,0,0,0,0,1
4780,3.0,1,0,0,0,0,0,1,0,0,0,0,0,1,0,0,0,0,0
6364,3.0,0,1,0,0,0,0,0,1,0,0,0,0,0,1,0,0,0,0
10906,3.0,0,1,0,0,0,0,0,1,0,0,0,0,0,1,0,0,0,0
5862,3.0,0,0,1,0,0,0,0,0,1,0,0,0,0,0,1,0,0,0
10628,3.0,0,0,0,0,1,0,0,0,0,0,1,0,0,0,0,0,1,0
23070,3.0,0,1,0,0,0,0,0,1,0,0,0,0,0,1,0,0,0,0
3576,3.0,1,0,0,0,0,0,1,0,0,0,0,0,1,0,0,0,0,0
6732,3.0,1,0,0,0,0,0,1,0,0,0,0,0,1,0,0,0,0,0
8200,3.0,0,0,0,0,1,0,0,0,0,0,1,0,0,0,0,0,1,0
8837,3.0,1,0,0,0,0,0,1,0,0,0,0,0,1,0,0,0,0,0
25953,3.0,1,0,0,0,0,0,1,0,0,0,0,0,1,0,0,0,0,0
1788,3.0,0,0,0,0,1,0,0,0,0,0,1,0,0,0,0,0,1,0
259307,3.0,0,1,0,0,0,0,0,1,0,0,0,0,0,1,0,0,0,0
6601,3.0,0,0,0,0,1,0,0,0,0,0,1,0,0,0,0,0,1,0
27152,3.0,0,0,0,0,0,1,0,0,0,0,0,1,0,0,0,0,0,1
81502,3.0,0,0,1,0,0,0,0,0,1,0,0,0,0,0,1,0,0,0
55679,3.0,0,0,0,0,0,1,0,0,0,0,0,1,0,0,0,0,0,1
1387,3.0,0,0,0,0,1,0,0,0,0,0,1,0,0,0,0,0,1,0
10133,3.0,1,0,0,0,0,0,1,0,0,0,0,0,1,0,0,0,0,0
2026,3.0,0,0,0,1,0,0,0,0,0,1,0,0,0,0,0,1,0,0
11171,3.0,0,0,1,0,0,0,0,0,1,0,0,0,0,0,1,0,0,0
2826,3.0,0,1,0,0,0,0,0,1,0,0,0,0,0,1,0,0,0,0
10499,3.0,0,0,0,0,1,0,0,0,0,0,1,0,0,0,0,0,1,0
2327,2.0,0,0,0,1,0,0,0,0,0,1,0,0,0,0,0,0,0,0
30061,2.0,0,0,0,0,1,0,0,0,0,0,1,0,0,0,0,0,0,0
1005,2.0,0,0,0,1,0,0,0,0,0,0,0,0,0,0,0,1,0,0
81691,2.0,0,0,0,1,0,0,0,0,0,0,0,0,0,0,0,1,0,0
5831,2.0,0,0,0,0,0,1,0,0,0,0,0,0,0,0,0,0,0,1
9993,2.0,0,0,0,0,1,0,0,0,0,0,0,0,0,0,0,0,1,0
56983,2.0,1,0,0,0,0,0,0,0,0,0,0,0,1,0,0,0,0,0
197407,2.0,0,0,0,0,0,1,0,0,0,0,0,0,0,0,0,0,0,1
4724,2.0,0,0,0,1,0,0,0,0,0,0,0,0,0,0,0,1,0,0
395,2.0,0,0,0,0,1,0,0,0,0,0,1,0,0,0,0,0,0,0
2134,2.0,0,0,0,0,0,1,0,0,0,0,0,1,0,0,0,0,0,0
57464,2.0,0,0,0,1,0,0,0,0,0,0,0,0,0,0,0,1,0,0
28981,2.0,0,0,0,1,0,0,0,0,0,0,0,0,0,0,0,1,0,0
3068,2.0,0,1,0,0,0,0,0,0,0,0,0,0,0,1,0,0,0,0
1836,2.0,0,0,0,0,0,1,0,0,0,0,0,1,0,0,0,0,0,0
80213,2.0,0,0,0,1,0,0,0,0,0,0,0,0,0,0,0,1,0,0
55974,2.0,1,0,0,0,0,0,0,0,0,0,0,0,1,0,0,0,0,0
6294,2.0,0,0,0,1,0,0,0,0,0,0,0,0,0,0,0,1,0,0
90326,2.0,0,0,0,1,0,0,0,0,0,0,0,0,0,0,0,1,0,0
9901,2.0,0,0,0,0,1,0,0,0,0,0,0,0,0,0,0,0,1,0
81788,2.0,1,0,0,0,0,0,1,0,0,0,0,0,0,0,0,0,0,0
4327,2.0,0,1,0,0,0,0,0,1,0,0,0,0,0,0,0,0,0,0
84196,2.0,0,0,0,0,0,1,0,0,0,0,0,0,0,0,0,0,0,1
221749,2.0,0,0,0,0,0,1,0,0,0,0,0,0,0,0,0,0,0,1
160897,2.0,0,0,1,0,0,0,0,0,0,0,0,0,0,0,1,0,0,0
161176,2.0,0,0,0,0,1,0,0,0,0,0,0,0,0,0,0,0,1,0
4163,2.0,0,1,0,0,0,0,0,0,0,0,0,0,0,1,0,0,0,0
6787,2.0,0,0,0,1,0,0,0,0,0,0,0,0,0,0,0,1,0,0
55332,2.0,1,0,0,0,0,0,1,0,0,0,0,0,0,0,0,0,0,0
5859,2.0,0,0,0,0,1,0,0,0,0,0,0,0,0,0,0,0,1,0
115752,2.0,0,0,0,0,1,0,0,0,0,0,0,0,0,0,0,0,1,0
272,2.0,0,1,0,0,0,0,0,0,0,0,0,0,0,1,0,0,0,0
53838,2.0,0,0,0,0,0,1,0,0,0,0,0,0,0,0,0,0,0,1
1810,2.0,0,0,1,0,0,0,0,0,0,0,0,0,0,0,1,0,0,0
84807,2.0,0,0,0,1,0,0,0,0,0,0,0,0,0,0,0,1,0,0
10873,2.0,0,0,0,1,0,0,0,0,0,0,0,0,0,0,0,1,0,0
2647,2.0,0,0,0,1,0,0,0,0,0,1,0,0,0,0,0,0,0,0
605,2.0,0,1,0,0,0,0,0,0,0,0,0,0,0,1,0,0,0,0
22839,2.0,0,0,0,0,0,1,0,0,0,0,0,0,0,0,0,0,0,1
55133,2.0,0,0,0,1,0,0,0,0,0,0,0,0,0,0,0,1,0,0
26001,2.0,0,0,0,1,0,0,0,0,0,0,0,0,0,0,0,1,0,0
64318,2.0,0,1,0,0,0,0,0,0,0,0,0,0,0,1,0,0,0,0
23268,2.0,0,0,0,0,1,0,0,0,0,0,0,0,0,0,0,0,1,0
121457,2.0,0,0,1,0,0,0,0,0,0,0,0,0,0,0,1,0,0,0
58472,2.0,1,0,0,0,0,0,0,0,0,0,0,0,1,0,0,0,0,0
55255,2.0,0,0,0,0,0,1,0,0,0,0,0,0,0,0,0,0,0,1
23764,2.0,1,0,0,0,0,0,0,0,0,0,0,0,1,0,0,0,0,0
57194,2.0,0,0,1,0,0,0,0,0,0,0,0,0,0,0,1,0,0,0
23379,2.0,0,0,0,0,0,1,0,0,0,0,0,0,0,0,0,0,0,1
129607,2.0,0,1,0,0,0,0,0,1,0,0,0,0,0,0,0,0,0,0
51060,2.0,0,0,0,0,0,1,0,0,0,0,0,0,0,0,0,0,0,1
9891,2.0,0,0,1,0,0,0,0,0,0,0,0,0,0,0,1,0,0,0
11157,2.0,0,0,0,1,0,0,0,0,0,0,0,0,0,0,0,1,0,0
6096,2.0,0,0,0,1,0,0,0,0,0,0,0,0,0,0,0,1,0,0
26234,2.0,0,0,0,1,0,0,0,0,0,0,0,0,0,0,0,1,0,0
7342,2.0,0,0,1,0,0,0,0,0,0,0,0,0,0,0,1,0,0,0
80176,2.0,0,0,0,0,0,1,0,0,0,0,0,0,0,0,0,0,0,1
8914,2.0,0,1,0,0,0,0,0,0,0,0,0,0,0,1,0,0,0,0
51050,2.0,0,0,0,1,0,0,0,0,0,0,0,0,0,0,0,1,0,0
7873,2.0,0,0,1,0,0,0,0,0,0,0,0,0,0,0,1,0,0,0
26064,2.0,0,0,1,0,0,0,0,0,0,0,0,0,0,0,1,0,0,0
6520,2.0,0,0,0,0,0,1,0,0,0,0,0,0,0,0,0,0,0,1
6829,2.0,0,0,0,0,0,1,0,0,0,0,0,0,0,0,0,0,0,1
160851,2.0,0,0,0,0,0,1,0,0,0,0,0,0,0,0,0,0,0,1
55132,2.0,0,0,0,0,0,1,0,0,0,0,0,0,0,0,0,0,0,1
6819,2.0,0,0,0,1,0,0,0,0,0,0,0,0,0,0,0,1,0,0
55388,2.0,0,0,0,1,0,0,0,0,0,0,0,0,0,0,0,1,0,0
9536,2.0,0,1,0,0,0,0,0,1,0,0,0,0,0,0,0,0,0,0
27254,2.0,0,0,0,0,0,1,0,0,0,0,0,0,0,0,0,0,0,1
80332,2.0,0,0,0,0,1,0,0,0,0,0,0,0,0,0,0,0,1,0
23155,2.0,0,0,0,1,0,0,0,0,0,0,0,0,0,0,0,1,0,0
10961,2.0,0,0,0,0,1,0,0,0,0,0,0,0,0,0,0,0,1,0
7108,2.0,0,0,0,1,0,0,0,0,0,0,0,0,0,0,0,1,0,0
9168,2.0,0,1,0,0,0,0,0,1,0,0,0,0,0,0,0,0,0,0
196051,2.0,0,0,0,0,0,1,0,0,0,0,0,1,0,0,0,0,0,0
11168,2.0,0,0,0,0,1,0,0,0,0,0,0,0,0,0,0,0,1,0
643641,2.0,0,0,0,0,1,0,0,0,0,0,0,0,0,0,0,0,1,0
79939,2.0,0,0,1,0,0,0,0,0,0,0,0,0,0,0,1,0,0,0
23531,2.0,1,0,0,0,0,0,0,0,0,0,0,0,1,0,0,0,0,0
140462,2.0,0,0,0,1,0,0,0,0,0,0,0,0,0,0,0,1,0,0
10100,2.0,0,0,1,0,0,0,0,0,0,0,0,0,0,0,1,0,0,0
90378,2.0,0,0,0,0,0,1,0,0,0,0,0,0,0,0,0,0,0,1
84557,2.0,0,0,0,1,0,0,0,0,0,0,0,0,0,0,0,1,0,0
4155,2.0,0,0,0,0,1,0,0,0,0,0,0,0,0,0,0,0,1,0
23511,2.0,1,0,0,0,0,0,0,0,0,0,0,0,1,0,0,0,0,0
653140,2.0,0,0,0,1,0,0,0,0,0,0,0,0,0,0,0,1,0,0
130367,2.0,1,0,0,0,0,0,0,0,0,0,0,0,1,0,0,0,0,0
415116,2.0,0,1,0,0,0,0,0,0,0,0,0,0,0,1,0,0,0,0
28992,2.0,0,0,0,0,1,0,0,0,0,0,0,0,0,0,0,0,1,0
377,2.0,1,0,0,0,0,0,0,0,0,0,0,0,1,0,0,0,0,0
10964,2.0,0,1,0,0,0,0,0,1,0,0,0,0,0,0,0,0,0,0
83473,2.0,0,0,0,0,1,0,0,0,0,0,0,0,0,0,0,0,1,0
7464,2.0,0,0,0,0,0,1,0,0,0,0,0,0,0,0,0,0,0,1
5066,2.0,0,0,0,0,1,0,0,0,0,0,0,0,0,0,0,0,1,0
51231,2.0,0,0,0,1,0,0,0,0,0,0,0,0,0,0,0,1,0,0
9710,2.0,0,0,0,0,0,1,0,0,0,0,0,0,0,0,0,0,0,1
374354,2.0,0,0,0,1,0,0,0,0,0,0,0,0,0,0,0,1,0,0
5837,2.0,0,0,0,1,0,0,0,0,0,0,0,0,0,0,0,1,0,0
64087,2.0,1,0,0,0,0,0,0,0,0,0,0,0,1,0,0,0,0,0
4814,2.0,1,0,0,0,0,0,1,0,0,0,0,0,0,0,0,0,0,0
7178,2.0,0,0,0,0,1,0,0,0,0,0,0,0,0,0,0,0,1,0
10826,2.0,0,0,0,0,1,0,0,0,0,0,0,0,0,0,0,0,1,0
64061,2.0,0,0,0,1,0,0,0,0,0,0,0,0,0,0,0,1,0,0
158326,2.0,0,0,0,1,0,0,0,0,0,0,0,0,0,0,0,1,0,0
54780,2.0,0,1,0,0,0,0,0,1,0,0,0,0,0,0,0,0,0,0
286204,2.0,0,1,0,0,0,0,0,0,0,0,0,0,0,1,0,0,0,0
729,2.0,0,0,0,1,0,0,0,0,0,0,0,0,0,0,0,1,0,0
54915,2.0,0,0,0,0,0,1,0,0,0,0,0,0,0,0,0,0,0,1
10193,2.0,0,0,0,0,0,1,0,0,0,0,0,0,0,0,0,0,0,1
79710,2.0,0,0,0,0,0,1,0,0,0,0,0,0,0,0,0,0,0,1
160760,2.0,1,0,0,0,0,0,0,0,0,0,0,0,1,0,0,0,0,0
23158,2.0,0,1,0,0,0,0,0,0,0,0,0,0,0,1,0,0,0,0
9130,2.0,0,0,1,0,0,0,0,0,0,0,0,0,0,0,1,0,0,0
2896,2.0,0,0,0,1,0,0,0,0,0,0,0,0,0,0,0,1,0,0
25932,2.0,0,0,1,0,0,0,0,0,0,0,0,0,0,0,1,0,0,0
83855,2.0,0,0,1,0,0,0,0,0,0,0,0,0,0,0,1,0,0,0
29015,2.0,0,1,0,0,0,0,0,0,0,0,0,0,0,1,0,0,0,0
387521,2.0,1,0,0,0,0,0,0,0,0,0,0,0,1,0,0,0,0,0
54978,2.0,0,0,0,1,0,0,0,0,0,0,0,0,0,0,0,1,0,0
147166,2.0,1,0,0,0,0,0,0,0,0,0,0,0,1,0,0,0,0,0
8675,2.0,0,0,0,1,0,0,0,0,0,0,0,0,0,0,0,1,0,0
79735,2.0,0,1,0,0,0,0,0,0,0,0,0,0,0,1,0,0,0,0
10487,2.0,0,0,1,0,0,0,0,0,0,0,0,0,0,0,1,0,0,0
51310,2.0,0,0,0,0,0,1,0,0,0,0,0,0,0,0,0,0,0,1
9779,2.0,0,0,0,0,1,0,0,0,0,0,0,0,0,0,0,0,1,0
6573,2.0,0,0,0,1,0,0,0,0,0,1,0,0,0,0,0,0,0,0
253512,2.0,0,0,0,1,0,0,0,0,0,0,0,0,0,0,0,1,0,0
168667,2.0,0,1,0,0,0,0,0,1,0,0,0,0,0,0,0,0,0,0
23042,2.0,0,0,1,0,0,0,0,0,0,0,0,0,0,0,1,0,0,0
5049,2.0,0,0,1,0,0,0,0,0,0,0,0,0,0,0,1,0,0,0
9546,2.0,1,0,0,0,0,0,0,0,0,0,0,0,1,0,0,0,0,0
79751,2.0,0,1,0,0,0,0,0,0,0,0,0,0,0,1,0,0,0,0
586,2.0,0,0,0,0,0,1,0,0,0,0,0,0,0,0,0,0,0,1
79137,2.0,0,0,0,0,1,0,0,0,0,0,1,0,0,0,0,0,0,0
9853,2.0,0,0,0,0,0,1,0,0,0,0,0,0,0,0,0,0,0,1
11069,2.0,0,0,0,1,0,0,0,0,0,0,0,0,0,0,0,1,0,0
9966,2.0,0,1,0,0,0,0,0,1,0,0,0,0,0,0,0,0,0,0
25789,2.0,0,0,0,0,0,1,0,0,0,0,0,1,0,0,0,0,0,0
23246,2.0,0,0,0,0,0,1,0,0,0,0,0,0,0,0,0,0,0,1
145482,2.0,0,0,0,1,0,0,0,0,0,0,0,0,0,0,0,1,0,0
55794,2.0,0,0,0,1,0,0,0,0,0,0,0,0,0,0,0,1,0,0
2969,2.0,0,0,0,0,1,0,0,0,0,0,0,0,0,0,0,0,1,0
84320,2.0,0,0,0,1,0,0,0,0,0,0,0,0,0,0,0,1,0,0
1528,2.0,0,1,0,0,0,0,0,0,0,0,0,0,0,1,0,0,0,0
862,2.0,0,0,0,0,1,0,0,0,0,0,0,0,0,0,0,0,1,0
80774,2.0,1,0,0,0,0,0,0,0,0,0,0,0,1,0,0,0,0,0
83660,2.0,0,0,0,0,0,1,0,0,0,0,0,0,0,0,0,0,0,1
160335,2.0,0,0,0,0,1,0,0,0,0,0,0,0,0,0,0,0,1,0
57799,2.0,0,0,0,0,0,1,0,0,0,0,0,0,0,0,0,0,0,1
2257,2.0,0,0,0,1,0,0,0,0,0,0,0,0,0,0,0,1,0,0
133418,2.0,0,0,1,0,0,0,0,0,0,0,0,0,0,0,1,0,0,0
114883,2.0,0,0,0,0,0,1,0,0,0,0,0,0,0,0,0,0,0,1
23062,2.0,0,0,0,0,1,0,0,0,0,0,0,0,0,0,0,0,1,0
4642,2.0,0,0,1,0,0,0,0,0,0,0,0,0,0,0,1,0,0,0
27295,2.0,0,0,1,0,0,0,0,0,0,0,0,0,0,0,1,0,0,0
100507050,2.0,0,0,0,1,0,0,0,0,0,0,0,0,0,0,0,1,0,0
4037,2.0,0,0,0,0,1,0,0,0,0,0,0,0,0,0,0,0,1,0
8310,2.0,0,0,0,0,0,1,0,0,0,0,0,0,0,0,0,0,0,1
10444,2.0,0,0,0,0,1,0,0,0,0,0,0,0,0,0,0,0,1,0
25875,2.0,0,0,0,0,1,0,0,0,0,0,0,0,0,0,0,0,1,0
56833,2.0,1,0,0,0,0,0,1,0,0,0,0,0,0,0,0,0,0,0
29035,2.0,0,0,0,0,0,1,0,0,0,0,0,0,0,0,0,0,0,1
22979,2.0,0,0,0,0,0,1,0,0,0,0,0,0,0,0,0,0,0,1
92104,2.0,0,0,0,1,0,0,0,0,0,0,0,0,0,0,0,1,0,0
55627,2.0,0,0,0,0,0,1,0,0,0,0,0,0,0,0,0,0,0,1
112840,2.0,1,0,0,0,0,0,0,0,0,0,0,0,1,0,0,0,0,0
8793,2.0,0,0,0,0,0,1,0,0,0,0,0,0,0,0,0,0,0,1
59348,2.0,0,0,0,1,0,0,0,0,0,0,0,0,0,0,0,1,0,0
11182,2.0,1,0,0,0,0,0,0,0,0,0,0,0,1,0,0,0,0,0
92912,2.0,0,0,0,0,0,1,0,0,0,0,0,0,0,0,0,0,0,1
9929,2.0,0,0,0,0,0,1,0,0,0,0,0,0,0,0,0,0,0,1
126133,2.0,0,1,0,0,0,0,0,0,0,0,0,0,0,1,0,0,0,0
159195,2.0,1,0,0,0,0,0,0,0,0,0,0,0,1,0,0,0,0,0
85021,2.0,0,0,0,0,1,0,0,0,0,0,0,0,0,0,0,0,1,0
9060,2.0,1,0,0,0,0,0,1,0,0,0,0,0,0,0,0,0,0,0
344558,2.0,0,0,0,0,0,1,0,0,0,0,0,0,0,0,0,0,0,1
3476,2.0,0,0,0,0,1,0,0,0,0,0,0,0,0,0,0,0,1,0
54414,2.0,0,0,0,0,1,0,0,0,0,0,0,0,0,0,0,0,1,0
5930,2.0,0,0,0,1,0,0,0,0,0,0,0,0,0,0,0,1,0,0
27111,2.0,0,0,0,1,0,0,0,0,0,0,0,0,0,0,0,1,0,0
9240,2.0,0,0,0,0,0,1,0,0,0,0,0,0,0,0,0,0,0,1
10019,2.0,1,0,0,0,0,0,1,0,0,0,0,0,0,0,0,0,0,0
51074,2.0,0,0,0,1,0,0,0,0,0,0,0,0,0,0,0,1,0,0
23036,2.0,0,0,0,1,0,0,0,0,0,0,0,0,0,0,0,1,0,0
11190,2.0,0,0,0,0,1,0,0,0,0,0,0,0,0,0,0,0,1,0
55154,2.0,0,0,1,0,0,0,0,0,1,0,0,0,0,0,0,0,0,0
6236,2.0,0,1,0,0,0,0,0,0,0,0,0,0,0,1,0,0,0,0
6525,2.0,0,0,1,0,0,0,0,0,0,0,0,0,0,0,1,0,0,0
11336,2.0,0,0,0,0,1,0,0,0,0,0,0,0,0,0,0,0,1,0
57179,2.0,0,0,1,0,0,0,0,0,0,0,0,0,0,0,1,0,0,0
78992,2.0,0,0,1,0,0,0,0,0,0,0,0,0,0,0,1,0,0,0
113220,2.0,0,0,0,1,0,0,0,0,0,1,0,0,0,0,0,0,0,0
5866,2.0,0,0,0,0,1,0,0,0,0,0,0,0,0,0,0,0,1,0
4071,2.0,0,1,0,0,0,0,0,0,0,0,0,0,0,1,0,0,0,0
80028,2.0,0,0,1,0,0,0,0,0,0,0,0,0,0,0,1,0,0,0
9249,2.0,0,0,0,0,1,0,0,0,0,0,1,0,0,0,0,0,0,0
79778,2.0,1,0,0,0,0,0,0,0,0,0,0,0,1,0,0,0,0,0
64754,2.0,0,0,0,0,0,1,0,0,0,0,0,0,0,0,0,0,0,1
57685,2.0,0,0,0,0,0,1,0,0,0,0,0,0,0,0,0,0,0,1
83461,2.0,0,0,0,1,0,0,0,0,0,0,0,0,0,0,0,1,0,0
85027,2.0,0,0,0,0,0,1,0,0,0,0,0,0,0,0,0,0,0,1
9650,2.0,0,0,1,0,0,0,0,0,0,0,0,0,0,0,1,0,0,0
10098,2.0,0,0,0,0,1,0,0,0,0,0,0,0,0,0,0,0,1,0
4059,2.0,0,0,0,0,1,0,0,0,0,0,0,0,0,0,0,0,1,0
8572,2.0,1,0,0,0,0,0,0,0,0,0,0,0,1,0,0,0,0,0
55362,2.0,1,0,0,0,0,0,0,0,0,0,0,0,1,0,0,0,0,0
6414,2.0,0,0,0,0,1,0,0,0,0,0,0,0,0,0,0,0,1,0
91252,2.0,0,0,1,0,0,0,0,0,1,0,0,0,0,0,0,0,0,0
100128731,2.0,0,0,0,0,0,1,0,0,0,0,0,0,0,0,0,0,0,1
3709,2.0,1,0,0,0,0,0,1,0,0,0,0,0,0,0,0,0,0,0
51339,2.0,0,0,0,0,0,1,0,0,0,0,0,0,0,0,0,0,0,1
1889,2.0,1,0,0,0,0,0,1,0,0,0,0,0,0,0,0,0,0,0
727936,2.0,0,0,0,0,0,1,0,0,0,0,0,1,0,0,0,0,0,0
813,2.0,0,0,1,0,0,0,0,0,0,0,0,0,0,0,1,0,0,0
4779,2.0,1,0,0,0,0,0,0,0,0,0,0,0,1,0,0,0,0,0
56888,2.0,0,0,1,0,0,0,0,0,0,0,0,0,0,0,1,0,0,0
255488,2.0,0,1,0,0,0,0,0,0,0,0,0,0,0,1,0,0,0,0
5420,2.0,1,0,0,0,0,0,1,0,0,0,0,0,0,0,0,0,0,0
55884,2.0,0,0,1,0,0,0,0,0,0,0,0,0,0,0,1,0,0,0
6884,2.0,0,0,1,0,0,0,0,0,0,0,0,0,0,0,1,0,0,0
30819,2.0,0,0,0,1,0,0,0,0,0,0,0,0,0,0,0,1,0,0
1534,2.0,1,0,0,0,0,0,0,0,0,0,0,0,1,0,0,0,0,0
9750,2.0,0,0,0,0,1,0,0,0,0,0,1,0,0,0,0,0,0,0
118472,2.0,0,0,0,1,0,0,0,0,0,0,0,0,0,0,0,1,0,0
55578,2.0,0,0,1,0,0,0,0,0,0,0,0,0,0,0,1,0,0,0
26270,2.0,0,0,0,1,0,0,0,0,0,0,0,0,0,0,0,1,0,0
1730,2.0,0,1,0,0,0,0,0,0,0,0,0,0,0,1,0,0,0,0
374882,2.0,0,1,0,0,0,0,0,0,0,0,0,0,0,1,0,0,0,0
55707,2.0,1,0,0,0,0,0,0,0,0,0,0,0,1,0,0,0,0,0
339416,2.0,0,0,0,1,0,0,0,0,0,0,0,0,0,0,0,1,0,0
84955,2.0,1,0,0,0,0,0,0,0,0,0,0,0,1,0,0,0,0,0
2560,2.0,0,0,0,1,0,0,0,0,0,0,0,0,0,0,0,1,0,0
219348,2.0,0,0,0,0,1,0,0,0,0,0,0,0,0,0,0,0,1,0
64077,2.0,0,0,0,0,1,0,0,0,0,0,0,0,0,0,0,0,1,0
154043,2.0,0,0,0,0,1,0,0,0,0,0,0,0,0,0,0,0,1,0
9885,2.0,0,0,1,0,0,0,0,0,0,0,0,0,0,0,1,0,0,0
29982,2.0,0,0,1,0,0,0,0,0,0,0,0,0,0,0,1,0,0,0
253827,2.0,0,0,0,0,0,1,0,0,0,0,0,0,0,0,0,0,0,1
10289,2.0,0,0,0,1,0,0,0,0,0,0,0,0,0,0,0,1,0,0
23201,2.0,0,0,0,0,0,1,0,0,0,0,0,0,0,0,0,0,0,1
64866,2.0,0,1,0,0,0,0,0,0,0,0,0,0,0,1,0,0,0,0
160428,2.0,0,0,0,0,0,1,0,0,0,0,0,1,0,0,0,0,0,0
6542,2.0,1,0,0,0,0,0,0,0,0,0,0,0,1,0,0,0,0,0
23022,2.0,0,0,0,0,0,1,0,0,0,0,0,0,0,0,0,0,0,1
6528,2.0,0,0,0,1,0,0,0,0,0,1,0,0,0,0,0,0,0,0
55298,2.0,0,0,1,0,0,0,0,0,1,0,0,0,0,0,0,0,0,0
8629,2.0,0,0,0,0,1,0,0,0,0,0,0,0,0,0,0,0,1,0
9802,2.0,0,1,0,0,0,0,0,0,0,0,0,0,0,1,0,0,0,0
7127,2.0,0,1,0,0,0,0,0,0,0,0,0,0,0,1,0,0,0,0
23331,2.0,0,0,0,0,1,0,0,0,0,0,0,0,0,0,0,0,1,0
58487,2.0,0,0,0,1,0,0,0,0,0,0,0,0,0,0,0,1,0,0
2935,2.0,0,0,1,0,0,0,0,0,0,0,0,0,0,0,1,0,0,0
80347,2.0,0,1,0,0,0,0,0,0,0,0,0,0,0,1,0,0,0,0
55830,2.0,0,0,0,0,0,1,0,0,0,0,0,0,0,0,0,0,0,1
79159,2.0,0,0,0,1,0,0,0,0,0,0,0,0,0,0,0,1,0,0
285513,2.0,0,0,0,0,0,1,0,0,0,0,0,0,0,0,0,0,0,1
149986,2.0,0,0,0,0,1,0,0,0,0,0,0,0,0,0,0,0,1,0
93145,2.0,0,0,0,0,0,1,0,0,0,0,0,0,0,0,0,0,0,1
1537,2.0,1,0,0,0,0,0,0,0,0,0,0,0,1,0,0,0,0,0
55833,2.0,0,0,0,0,0,1,0,0,0,0,0,0,0,0,0,0,0,1
245812,2.0,0,0,0,0,1,0,0,0,0,0,0,0,0,0,0,0,1,0
6767,2.0,0,0,0,0,1,0,0,0,0,0,0,0,0,0,0,0,1,0
84330,2.0,0,0,0,1,0,0,0,0,0,0,0,0,0,0,0,1,0,0
11120,2.0,1,0,0,0,0,0,0,0,0,0,0,0,1,0,0,0,0,0
64236,2.0,0,0,0,0,0,1,0,0,0,0,0,0,0,0,0,0,0,1
285381,2.0,0,0,1,0,0,0,0,0,1,0,0,0,0,0,0,0,0,0
91663,2.0,0,0,0,0,0,1,0,0,0,0,0,1,0,0,0,0,0,0
23066,2.0,0,0,0,0,1,0,0,0,0,0,0,0,0,0,0,0,1,0
56171,2.0,0,0,0,1,0,0,0,0,0,0,0,0,0,0,0,1,0,0
977,2.0,0,0,0,0,0,1,0,0,0,0,0,1,0,0,0,0,0,0
10161,2.0,0,0,0,1,0,0,0,0,0,0,0,0,0,0,0,1,0,0
90522,2.0,0,0,0,0,0,1,0,0,0,0,0,0,0,0,0,0,0,1
10189,2.0,0,0,1,0,0,0,0,0,0,0,0,0,0,0,1,0,0,0
64319,2.0,1,0,0,0,0,0,0,0,0,0,0,0,1,0,0,0,0,0
10361,2.0,0,0,0,1,0,0,0,0,0,0,0,0,0,0,0,1,0,0
5731,2.0,0,0,0,1,0,0,0,0,0,0,0,0,0,0,0,1,0,0
51119,2.0,0,0,1,0,0,0,0,0,0,0,0,0,0,0,1,0,0,0
57124,2.0,0,0,0,0,1,0,0,0,0,0,1,0,0,0,0,0,0,0
54868,2.0,0,0,1,0,0,0,0,0,0,0,0,0,0,0,1,0,0,0
22981,2.0,0,0,0,0,1,0,0,0,0,0,0,0,0,0,0,0,1,0
55872,2.0,0,0,0,1,0,0,0,0,0,0,0,0,0,0,0,1,0,0
22938,2.0,0,0,0,1,0,0,0,0,0,0,0,0,0,0,0,1,0,0
51148,2.0,0,0,0,0,0,1,0,0,0,0,0,0,0,0,0,0,0,1
25992,2.0,0,0,0,0,1,0,0,0,0,0,0,0,0,0,0,0,1,0
56927,2.0,1,0,0,0,0,0,1,0,0,0,0,0,0,0,0,0,0,0
5935,2.0,0,0,0,0,0,1,0,0,0,0,0,0,0,0,0,0,0,1
5163,2.0,0,0,0,1,0,0,0,0,0,0,0,0,0,0,0,1,0,0
1404,2.0,0,0,0,0,0,1,0,0,0,0,0,1,0,0,0,0,0,0
8526,2.0,0,0,0,1,0,0,0,0,0,0,0,0,0,0,0,1,0,0
323,2.0,0,0,1,0,0,0,0,0,0,0,0,0,0,0,1,0,0,0
55186,2.0,0,0,0,0,1,0,0,0,0,0,0,0,0,0,0,0,1,0
9824,2.0,0,0,0,1,0,0,0,0,0,0,0,0,0,0,0,1,0,0
23214,2.0,0,1,0,0,0,0,0,0,0,0,0,0,0,1,0,0,0,0
10424,2.0,0,0,0,0,0,1,0,0,0,0,0,0,0,0,0,0,0,1
55714,2.0,0,0,0,0,0,1,0,0,0,0,0,0,0,0,0,0,0,1
10500,2.0,0,0,0,0,1,0,0,0,0,0,1,0,0,0,0,0,0,0
2028,2.0,0,0,0,1,0,0,0,0,0,0,0,0,0,0,0,1,0,0
23549,2.0,0,1,0,0,0,0,0,0,0,0,0,0,0,1,0,0,0,0
4007,2.0,1,0,0,0,0,0,0,0,0,0,0,0,1,0,0,0,0,0
51540,2.0,1,0,0,0,0,0,0,0,0,0,0,0,1,0,0,0,0,0
9658,2.0,0,0,0,0,1,0,0,0,0,0,1,0,0,0,0,0,0,0
113251,2.0,1,0,0,0,0,0,0,0,0,0,0,0,1,0,0,0,0,0
43,2.0,1,0,0,0,0,0,1,0,0,0,0,0,0,0,0,0,0,0
56904,2.0,0,0,0,0,1,0,0,0,0,0,0,0,0,0,0,0,1,0
23576,2.0,0,0,0,0,0,1,0,0,0,0,0,0,0,0,0,0,0,1
64764,2.0,0,0,1,0,0,0,0,0,1,0,0,0,0,0,0,0,0,0
84280,2.0,0,0,1,0,0,0,0,0,0,0,0,0,0,0,1,0,0,0
22904,2.0,1,0,0,0,0,0,1,0,0,0,0,0,0,0,0,0,0,0
63916,2.0,0,1,0,0,0,0,0,0,0,0,0,0,0,1,0,0,0,0
22846,2.0,0,0,1,0,0,0,0,0,0,0,0,0,0,0,1,0,0,0
311,2.0,0,0,0,0,1,0,0,0,0,0,0,0,0,0,0,0,1,0
310,2.0,1,0,0,0,0,0,0,0,0,0,0,0,1,0,0,0,0,0
9242,2.0,1,0,0,0,0,0,0,0,0,0,0,0,1,0,0,0,0,0
23190,2.0,0,0,0,1,0,0,0,0,0,0,0,0,0,0,0,1,0,0
1039,2.0,0,0,1,0,0,0,0,0,0,0,0,0,0,0,1,0,0,0
79567,2.0,1,0,0,0,0,0,1,0,0,0,0,0,0,0,0,0,0,0
51454,2.0,0,0,0,0,1,0,0,0,0,0,0,0,0,0,0,0,1,0
137075,2.0,0,0,0,1,0,0,0,0,0,0,0,0,0,0,0,1,0,0
51582,2.0,1,0,0,0,0,0,1,0,0,0,0,0,0,0,0,0,0,0
64651,2.0,0,0,1,0,0,0,0,0,1,0,0,0,0,0,0,0,0,0
10272,2.0,0,0,1,0,0,0,0,0,0,0,0,0,0,0,1,0,0,0
200350,2.0,0,0,0,1,0,0,0,0,0,0,0,0,0,0,0,1,0,0
728294,2.0,0,0,0,0,1,0,0,0,0,0,0,0,0,0,0,0,1,0
80851,2.0,0,0,0,0,0,1,0,0,0,0,0,0,0,0,0,0,0,1
9647,2.0,0,0,0,1,0,0,0,0,0,0,0,0,0,0,0,1,0,0
54946,2.0,0,0,0,0,1,0,0,0,0,0,0,0,0,0,0,0,1,0
345462,2.0,0,0,0,1,0,0,0,0,0,0,0,0,0,0,0,1,0,0
23503,2.0,0,0,0,1,0,0,0,0,0,1,0,0,0,0,0,0,0,0
353088,2.0,0,0,0,1,0,0,0,0,0,0,0,0,0,0,0,1,0,0
6297,2.0,0,0,0,0,1,0,0,0,0,0,0,0,0,0,0,0,1,0
57134,2.0,0,0,0,0,1,0,0,0,0,0,1,0,0,0,0,0,0,0
55337,2.0,0,1,0,0,0,0,0,1,0,0,0,0,0,0,0,0,0,0
10566,2.0,0,0,0,1,0,0,0,0,0,0,0,0,0,0,0,1,0,0
51400,2.0,0,0,1,0,0,0,0,0,0,0,0,0,0,0,1,0,0,0
4707,2.0,0,0,0,1,0,0,0,0,0,0,0,0,0,0,0,1,0,0
54733,2.0,1,0,0,0,0,0,0,0,0,0,0,0,1,0,0,0,0,0
55210,2.0,0,0,1,0,0,0,0,0,0,0,0,0,0,0,1,0,0,0
260293,2.0,0,0,0,1,0,0,0,0,0,0,0,0,0,0,0,1,0,0
3615,2.0,0,0,0,0,1,0,0,0,0,0,0,0,0,0,0,0,1,0
144108,2.0,0,0,0,0,0,1,0,0,0,0,0,0,0,0,0,0,0,1
2972,2.0,0,0,0,0,1,0,0,0,0,0,1,0,0,0,0,0,0,0
23528,2.0,0,0,1,0,0,0,0,0,0,0,0,0,0,0,1,0,0,0
6238,2.0,0,0,0,0,0,1,0,0,0,0,0,0,0,0,0,0,0,1
30815,2.0,0,0,0,0,1,0,0,0,0,0,0,0,0,0,0,0,1,0
9667,2.0,0,0,0,1,0,0,0,0,0,0,0,0,0,0,0,1,0,0
321,2.0,0,1,0,0,0,0,0,0,0,0,0,0,0,1,0,0,0,0
4795,2.0,0,0,0,1,0,0,0,0,0,0,0,0,0,0,0,1,0,0
2802,2.0,0,0,1,0,0,0,0,0,0,0,0,0,0,0,1,0,0,0
90874,2.0,0,0,1,0,0,0,0,0,0,0,0,0,0,0,1,0,0,0
1397,2.0,0,0,0,0,0,1,0,0,0,0,0,0,0,0,0,0,0,1
27235,2.0,0,0,0,1,0,0,0,0,0,0,0,0,0,0,0,1,0,0
55620,2.0,0,1,0,0,0,0,0,0,0,0,0,0,0,1,0,0,0,0
85025,2.0,0,0,0,1,0,0,0,0,0,0,0,0,0,0,0,1,0,0
5118,2.0,0,0,0,0,1,0,0,0,0,0,1,0,0,0,0,0,0,0
7458,2.0,0,0,0,0,0,1,0,0,0,0,0,0,0,0,0,0,0,1
133022,2.0,0,0,0,1,0,0,0,0,0,0,0,0,0,0,0,1,0,0
94240,2.0,0,1,0,0,0,0,0,1,0,0,0,0,0,0,0,0,0,0
51729,2.0,1,0,0,0,0,0,0,0,0,0,0,0,1,0,0,0,0,0
29068,2.0,0,0,0,0,1,0,0,0,0,0,0,0,0,0,0,0,1,0
22859,2.0,0,0,0,0,1,0,0,0,0,0,0,0,0,0,0,0,1,0
5464,2.0,0,1,0,0,0,0,0,0,0,0,0,0,0,1,0,0,0,0
1795,2.0,0,0,0,1,0,0,0,0,0,0,0,0,0,0,0,1,0,0
57655,2.0,0,1,0,0,0,0,0,0,0,0,0,0,0,1,0,0,0,0
58499,2.0,0,0,0,1,0,0,0,0,0,0,0,0,0,0,0,1,0,0
768211,2.0,1,0,0,0,0,0,1,0,0,0,0,0,0,0,0,0,0,0
5793,2.0,0,0,0,0,1,0,0,0,0,0,0,0,0,0,0,0,1,0
4357,2.0,0,0,0,0,0,1,0,0,0,0,0,0,0,0,0,0,0,1
133619,2.0,0,0,1,0,0,0,0,0,0,0,0,0,0,0,1,0,0,0
8542,2.0,0,1,0,0,0,0,0,1,0,0,0,0,0,0,0,0,0,0
79763,2.0,0,0,1,0,0,0,0,0,0,0,0,0,0,0,1,0,0,0
26225,2.0,0,0,0,0,0,1,0,0,0,0,0,0,0,0,0,0,0,1
80736,2.0,0,0,0,1,0,0,0,0,0,1,0,0,0,0,0,0,0,0
205,2.0,0,0,0,1,0,0,0,0,0,0,0,0,0,0,0,1,0,0
79875,2.0,0,1,0,0,0,0,0,0,0,0,0,0,0,1,0,0,0,0
55037,2.0,0,0,0,1,0,0,0,0,0,0,0,0,0,0,0,1,0,0
80346,2.0,0,0,1,0,0,0,0,0,0,0,0,0,0,0,1,0,0,0
121601,2.0,0,0,0,0,0,1,0,0,0,0,0,0,0,0,0,0,0,1
10181,2.0,0,0,0,0,1,0,0,0,0,0,0,0,0,0,0,0,1,0
91754,2.0,0,0,0,0,1,0,0,0,0,0,0,0,0,0,0,0,1,0
128414,2.0,0,0,0,0,0,1,0,0,0,0,0,1,0,0,0,0,0,0
9589,2.0,0,1,0,0,0,0,0,0,0,0,0,0,0,1,0,0,0,0
9583,2.0,0,0,1,0,0,0,0,0,1,0,0,0,0,0,0,0,0,0
211,2.0,1,0,0,0,0,0,0,0,0,0,0,0,1,0,0,0,0,0
93986,2.0,0,0,0,0,1,0,0,0,0,0,1,0,0,0,0,0,0,0
27085,2.0,0,0,0,1,0,0,0,0,0,1,0,0,0,0,0,0,0,0
25805,2.0,1,0,0,0,0,0,0,0,0,0,0,0,1,0,0,0,0,0
3484,2.0,0,0,0,1,0,0,0,0,0,1,0,0,0,0,0,0,0,0
146433,2.0,1,0,0,0,0,0,1,0,0,0,0,0,0,0,0,0,0,0
10642,2.0,0,0,1,0,0,0,0,0,0,0,0,0,0,0,1,0,0,0
2217,2.0,0,0,0,0,1,0,0,0,0,0,0,0,0,0,0,0,1,0
6643,2.0,0,0,0,0,1,0,0,0,0,0,0,0,0,0,0,0,1,0
135112,2.0,1,0,0,0,0,0,1,0,0,0,0,0,0,0,0,0,0,0
56935,2.0,0,0,0,0,0,1,0,0,0,0,0,0,0,0,0,0,0,1
114897,2.0,0,1,0,0,0,0,0,1,0,0,0,0,0,0,0,0,0,0
56981,2.0,0,0,0,0,1,0,0,0,0,0,0,0,0,0,0,0,1,0
91624,2.0,0,0,0,0,0,1,0,0,0,0,0,0,0,0,0,0,0,1
170463,2.0,0,0,0,0,1,0,0,0,0,0,0,0,0,0,0,0,1,0
25896,2.0,0,0,0,1,0,0,0,0,0,0,0,0,0,0,0,1,0,0
57182,2.0,0,0,0,0,0,1,0,0,0,0,0,0,0,0,0,0,0,1
51015,2.0,0,1,0,0,0,0,0,0,0,0,0,0,0,1,0,0,0,0
53826,2.0,0,0,0,1,0,0,0,0,0,0,0,0,0,0,0,1,0,0
55346,2.0,0,0,1,0,0,0,0,0,0,0,0,0,0,0,1,0,0,0
7920,2.0,0,1,0,0,0,0,0,0,0,0,0,0,0,1,0,0,0,0
81614,2.0,0,0,1,0,0,0,0,0,0,0,0,0,0,0,1,0,0,0
9905,2.0,0,0,0,0,1,0,0,0,0,0,0,0,0,0,0,0,1,0
55905,2.0,0,1,0,0,0,0,0,0,0,0,0,0,0,1,0,0,0,0
4524,2.0,0,0,0,0,1,0,0,0,0,0,1,0,0,0,0,0,0,0
80020,2.0,0,0,0,0,1,0,0,0,0,0,1,0,0,0,0,0,0,0
1318,2.0,1,0,0,0,0,0,1,0,0,0,0,0,0,0,0,0,0,0
4978,2.0,0,0,1,0,0,0,0,0,0,0,0,0,0,0,1,0,0,0
6641,2.0,0,0,0,0,1,0,0,0,0,0,0,0,0,0,0,0,1,0
5355,2.0,0,0,0,0,0,1,0,0,0,0,0,0,0,0,0,0,0,1
51084,2.0,0,0,0,0,1,0,0,0,0,0,0,0,0,0,0,0,1,0
1366,2.0,0,0,0,1,0,0,0,0,0,0,0,0,0,0,0,1,0,0
50615,2.0,0,0,1,0,0,0,0,0,0,0,0,0,0,0,1,0,0,0
84316,2.0,0,0,0,1,0,0,0,0,0,0,0,0,0,0,0,1,0,0
84059,2.0,0,0,0,1,0,0,0,0,0,0,0,0,0,0,0,1,0,0
79783,2.0,0,0,1,0,0,0,0,0,0,0,0,0,0,0,1,0,0,0
11177,2.0,1,0,0,0,0,0,0,0,0,0,0,0,1,0,0,0,0,0
10723,2.0,0,1,0,0,0,0,0,0,0,0,0,0,0,1,0,0,0,0
55103,2.0,0,0,0,0,1,0,0,0,0,0,0,0,0,0,0,0,1,0
1783,2.0,0,0,0,0,0,1,0,0,0,0,0,0,0,0,0,0,0,1
113675,2.0,0,0,0,1,0,0,0,0,0,0,0,0,0,0,0,1,0,0
285761,2.0,0,0,1,0,0,0,0,0,0,0,0,0,0,0,1,0,0,0
29889,2.0,0,0,1,0,0,0,0,0,0,0,0,0,0,0,1,0,0,0
1200,2.0,0,0,0,0,1,0,0,0,0,0,1,0,0,0,0,0,0,0
23008,2.0,0,0,0,0,1,0,0,0,0,0,0,0,0,0,0,0,1,0
957,2.0,0,0,0,0,0,1,0,0,0,0,0,0,0,0,0,0,0,1
9203,2.0,0,0,0,0,1,0,0,0,0,0,0,0,0,0,0,0,1,0
158586,2.0,0,0,0,1,0,0,0,0,0,0,0,0,0,0,0,1,0,0
23258,2.0,0,1,0,0,0,0,0,0,0,0,0,0,0,1,0,0,0,0
7355,2.0,0,0,1,0,0,0,0,0,0,0,0,0,0,0,1,0,0,0
92521,2.0,0,0,1,0,0,0,0,0,0,0,0,0,0,0,1,0,0,0
56262,2.0,0,0,1,0,0,0,0,0,1,0,0,0,0,0,0,0,0,0
91355,2.0,0,0,0,1,0,0,0,0,0,0,0,0,0,0,0,1,0,0
26994,2.0,0,0,0,0,0,1,0,0,0,0,0,0,0,0,0,0,0,1
3839,2.0,0,0,0,0,0,1,0,0,0,0,0,0,0,0,0,0,0,1
79075,2.0,0,0,0,1,0,0,0,0,0,1,0,0,0,0,0,0,0,0
64599,2.0,0,0,0,0,1,0,0,0,0,0,0,0,0,0,0,0,1,0
55272,2.0,0,1,0,0,0,0,0,0,0,0,0,0,0,1,0,0,0,0
10561,2.0,0,1,0,0,0,0,0,1,0,0,0,0,0,0,0,0,0,0
2006,2.0,0,0,0,0,0,1,0,0,0,0,0,1,0,0,0,0,0,0
5203,2.0,0,0,0,1,0,0,0,0,0,0,0,0,0,0,0,1,0,0
1266,2.0,0,0,0,0,0,1,0,0,0,0,0,0,0,0,0,0,0,1
5552,2.0,0,1,0,0,0,0,0,1,0,0,0,0,0,0,0,0,0,0
491,2.0,0,0,0,1,0,0,0,0,0,0,0,0,0,0,0,1,0,0
222865,2.0,0,0,0,0,1,0,0,0,0,0,0,0,0,0,0,0,1,0
51020,2.0,0,0,0,1,0,0,0,0,0,0,0,0,0,0,0,1,0,0
10846,2.0,1,0,0,0,0,0,0,0,0,0,0,0,1,0,0,0,0,0
1264,2.0,0,0,0,0,0,1,0,0,0,0,0,0,0,0,0,0,0,1
11165,2.0,0,0,0,0,1,0,0,0,0,0,0,0,0,0,0,0,1,0
163486,2.0,0,0,0,0,0,1,0,0,0,0,0,0,0,0,0,0,0,1
9056,2.0,1,0,0,0,0,0,1,0,0,0,0,0,0,0,0,0,0,0
23,2.0,1,0,0,0,0,0,0,0,0,0,0,0,1,0,0,0,0,0
9541,2.0,0,0,0,1,0,0,0,0,0,0,0,0,0,0,0,1,0,0
9654,2.0,0,1,0,0,0,0,0,0,0,0,0,0,0,1,0,0,0,0
51274,2.0,0,1,0,0,0,0,0,0,0,0,0,0,0,1,0,0,0,0
148932,2.0,0,1,0,0,0,0,0,0,0,0,0,0,0,1,0,0,0,0
9367,2.0,0,1,0,0,0,0,0,0,0,0,0,0,0,1,0,0,0,0
10363,2.0,0,0,0,1,0,0,0,0,0,0,0,0,0,0,0,1,0,0
5325,2.0,0,0,0,0,1,0,0,0,0,0,0,0,0,0,0,0,1,0
91828,2.0,0,1,0,0,0,0,0,0,0,0,0,0,0,1,0,0,0,0
7165,2.0,0,0,1,0,0,0,0,0,0,0,0,0,0,0,1,0,0,0
4300,2.0,0,0,0,1,0,0,0,0,0,0,0,0,0,0,0,1,0,0
6990,2.0,0,0,1,0,0,0,0,0,0,0,0,0,0,0,1,0,0,0
260425,2.0,0,0,0,0,0,1,0,0,0,0,0,0,0,0,0,0,0,1
93979,2.0,0,0,0,1,0,0,0,0,0,0,0,0,0,0,0,1,0,0
84623,2.0,1,0,0,0,0,0,1,0,0,0,0,0,0,0,0,0,0,0
4125,2.0,1,0,0,0,0,0,0,0,0,0,0,0,1,0,0,0,0,0
5872,2.0,0,1,0,0,0,0,0,0,0,0,0,0,0,1,0,0,0,0
9143,2.0,1,0,0,0,0,0,0,0,0,0,0,0,1,0,0,0,0,0
84909,2.0,0,0,0,0,0,1,0,0,0,0,0,0,0,0,0,0,0,1
84327,2.0,0,0,0,0,1,0,0,0,0,0,1,0,0,0,0,0,0,0
255967,2.0,0,0,0,1,0,0,0,0,0,0,0,0,0,0,0,1,0,0
65264,2.0,1,0,0,0,0,0,0,0,0,0,0,0,1,0,0,0,0,0
11099,2.0,0,0,0,0,0,1,0,0,0,0,0,0,0,0,0,0,0,1
23395,2.0,0,0,0,1,0,0,0,0,0,0,0,0,0,0,0,1,0,0
5768,2.0,0,1,0,0,0,0,0,0,0,0,0,0,0,1,0,0,0,0
4297,2.0,0,0,0,1,0,0,0,0,0,0,0,0,0,0,0,1,0,0
91607,2.0,1,0,0,0,0,0,0,0,0,0,0,0,1,0,0,0,0,0
8460,2.0,1,0,0,0,0,0,0,0,0,0,0,0,1,0,0,0,0,0
205564,2.0,0,0,1,0,0,0,0,0,0,0,0,0,0,0,1,0,0,0
113201,2.0,0,0,0,0,0,1,0,0,0,0,0,0,0,0,0,0,0,1
2907,2.0,1,0,0,0,0,0,1,0,0,0,0,0,0,0,0,0,0,0
1611,2.0,0,0,1,0,0,0,0,0,0,0,0,0,0,0,1,0,0,0
5799,2.0,0,0,0,1,0,0,0,0,0,0,0,0,0,0,0,1,0,0
753,2.0,0,0,0,0,0,1,0,0,0,0,0,0,0,0,0,0,0,1
10269,2.0,0,0,0,0,0,1,0,0,0,0,0,1,0,0,0,0,0,0
55114,2.0,0,1,0,0,0,0,0,0,0,0,0,0,0,1,0,0,0,0
201164,2.0,0,0,0,0,1,0,0,0,0,0,0,0,0,0,0,0,1,0
91404,2.0,0,0,0,0,1,0,0,0,0,0,0,0,0,0,0,0,1,0
646,2.0,0,1,0,0,0,0,0,0,0,0,0,0,0,1,0,0,0,0
8506,2.0,0,1,0,0,0,0,0,0,0,0,0,0,0,1,0,0,0,0
51063,2.0,0,0,0,0,1,0,0,0,0,0,0,0,0,0,0,0,1,0
54867,2.0,0,0,1,0,0,0,0,0,0,0,0,0,0,0,1,0,0,0
129293,2.0,0,1,0,0,0,0,0,0,0,0,0,0,0,1,0,0,0,0
23052,2.0,0,0,0,0,1,0,0,0,0,0,0,0,0,0,0,0,1,0
4166,2.0,0,0,1,0,0,0,0,0,1,0,0,0,0,0,0,0,0,0
5965,2.0,0,0,1,0,0,0,0,0,0,0,0,0,0,0,1,0,0,0
23152,2.0,0,0,0,0,1,0,0,0,0,0,0,0,0,0,0,0,1,0
23239,2.0,0,0,0,0,1,0,0,0,0,0,0,0,0,0,0,0,1,0
259232,2.0,0,0,0,0,0,1,0,0,0,0,0,0,0,0,0,0,0,1
23077,2.0,0,0,0,1,0,0,0,0,0,0,0,0,0,0,0,1,0,0
5139,2.0,0,0,0,0,1,0,0,0,0,0,0,0,0,0,0,0,1,0
10457,2.0,0,0,0,0,1,0,0,0,0,0,1,0,0,0,0,0,0,0
125111,2.0,0,1,0,0,0,0,0,0,0,0,0,0,0,1,0,0,0,0
83988,2.0,0,0,0,1,0,0,0,0,0,0,0,0,0,0,0,1,0,0
122616,2.0,0,0,0,1,0,0,0,0,0,0,0,0,0,0,0,1,0,0
1774,2.0,0,0,0,0,0,1,0,0,0,0,0,0,0,0,0,0,0,1
115509,2.0,0,0,0,1,0,0,0,0,0,0,0,0,0,0,0,1,0,0
3069,2.0,0,0,0,0,0,1,0,0,0,0,0,0,0,0,0,0,0,1
91107,2.0,1,0,0,0,0,0,0,0,0,0,0,0,1,0,0,0,0,0
4720,2.0,0,0,0,1,0,0,0,0,0,0,0,0,0,0,0,1,0,0
54919,2.0,0,1,0,0,0,0,0,0,0,0,0,0,0,1,0,0,0,0
51131,2.0,0,1,0,0,0,0,0,0,0,0,0,0,0,1,0,0,0,0
375033,2.0,0,0,0,0,1,0,0,0,0,0,0,0,0,0,0,0,1,0
8771,2.0,1,0,0,0,0,0,1,0,0,0,0,0,0,0,0,0,0,0
10308,2.0,1,0,0,0,0,0,0,0,0,0,0,0,1,0,0,0,0,0
7357,2.0,0,1,0,0,0,0,0,0,0,0,0,0,0,1,0,0,0,0
55320,2.0,0,0,0,1,0,0,0,0,0,0,0,0,0,0,0,1,0,0
152007,2.0,0,0,0,0,0,1,0,0,0,0,0,1,0,0,0,0,0,0
1842,2.0,0,0,0,0,1,0,0,0,0,0,0,0,0,0,0,0,1,0
116540,2.0,0,0,0,1,0,0,0,0,0,0,0,0,0,0,0,1,0,0
23585,2.0,1,0,0,0,0,0,1,0,0,0,0,0,0,0,0,0,0,0
525,2.0,0,0,0,1,0,0,0,0,0,0,0,0,0,0,0,1,0,0
23012,2.0,0,0,1,0,0,0,0,0,0,0,0,0,0,0,1,0,0,0
54442,2.0,0,0,1,0,0,0,0,0,0,0,0,0,0,0,1,0,0,0
128637,2.0,0,0,0,0,0,1,0,0,0,0,0,1,0,0,0,0,0,0
115265,2.0,0,0,0,1,0,0,0,0,0,0,0,0,0,0,0,1,0,0
51477,2.0,0,0,0,0,1,0,0,0,0,0,0,0,0,0,0,0,1,0
23767,2.0,0,0,0,0,1,0,0,0,0,0,1,0,0,0,0,0,0,0
221178,2.0,1,0,0,0,0,0,1,0,0,0,0,0,0,0,0,0,0,0
124401,2.0,0,0,0,0,0,1,0,0,0,0,0,0,0,0,0,0,0,1
64854,2.0,0,0,0,0,0,1,0,0,0,0,0,0,0,0,0,0,0,1
996,2.0,0,0,1,0,0,0,0,0,0,0,0,0,0,0,1,0,0,0
58494,2.0,1,0,0,0,0,0,1,0,0,0,0,0,0,0,0,0,0,0
155382,2.0,0,0,0,0,1,0,0,0,0,0,0,0,0,0,0,0,1,0
57510,2.0,1,0,0,0,0,0,0,0,0,0,0,0,1,0,0,0,0,0
5493,2.0,0,0,0,0,1,0,0,0,0,0,0,0,0,0,0,0,1,0
23014,2.0,0,0,0,0,1,0,0,0,0,0,0,0,0,0,0,0,1,0
127435,2.0,0,0,0,0,1,0,0,0,0,0,0,0,0,0,0,0,1,0
4005,2.0,0,0,0,1,0,0,0,0,0,0,0,0,0,0,0,1,0,0
116931,2.0,0,0,0,0,0,1,0,0,0,0,0,0,0,0,0,0,0,1
79649,2.0,0,0,0,0,1,0,0,0,0,0,0,0,0,0,0,0,1,0
55092,2.0,1,0,0,0,0,0,0,0,0,0,0,0,1,0,0,0,0,0
83853,2.0,0,0,0,1,0,0,0,0,0,0,0,0,0,0,0,1,0,0
84629,2.0,0,0,0,0,1,0,0,0,0,0,0,0,0,0,0,0,1,0
8099,2.0,0,0,1,0,0,0,0,0,0,0,0,0,0,0,1,0,0,0
127544,2.0,1,0,0,0,0,0,0,0,0,0,0,0,1,0,0,0,0,0
10299,2.0,0,0,0,0,1,0,0,0,0,0,1,0,0,0,0,0,0,0
23635,2.0,0,0,0,0,1,0,0,0,0,0,0,0,0,0,0,0,1,0
966,2.0,1,0,0,0,0,0,0,0,0,0,0,0,1,0,0,0,0,0
84620,2.0,0,0,1,0,0,0,0,0,1,0,0,0,0,0,0,0,0,0
157285,2.0,0,0,0,0,0,1,0,0,0,0,0,0,0,0,0,0,0,1
114134,2.0,0,0,0,0,0,1,0,0,0,0,0,0,0,0,0,0,0,1
8634,2.0,0,0,1,0,0,0,0,0,0,0,0,0,0,0,1,0,0,0
2275,2.0,0,0,1,0,0,0,0,0,0,0,0,0,0,0,1,0,0,0
55643,2.0,0,0,0,0,1,0,0,0,0,0,0,0,0,0,0,0,1,0
81618,2.0,0,0,0,0,1,0,0,0,0,0,0,0,0,0,0,0,1,0
23324,2.0,0,0,0,1,0,0,0,0,0,0,0,0,0,0,0,1,0,0
1838,2.0,0,0,0,0,1,0,0,0,0,0,0,0,0,0,0,0,1,0
29994,2.0,0,0,0,1,0,0,0,0,0,0,0,0,0,0,0,1,0,0
57478,2.0,1,0,0,0,0,0,0,0,0,0,0,0,1,0,0,0,0,0
5158,2.0,0,0,0,1,0,0,0,0,0,0,0,0,0,0,0,1,0,0
10535,2.0,0,0,0,1,0,0,0,0,0,0,0,0,0,0,0,1,0,0
11007,2.0,0,0,0,1,0,0,0,0,0,0,0,0,0,0,0,1,0,0
23461,2.0,0,1,0,0,0,0,0,1,0,0,0,0,0,0,0,0,0,0
6820,2.0,0,0,0,1,0,0,0,0,0,0,0,0,0,0,0,1,0,0
8989,2.0,0,1,0,0,0,0,0,1,0,0,0,0,0,0,0,0,0,0
55379,2.0,0,0,1,0,0,0,0,0,0,0,0,0,0,0,1,0,0,0
55622,2.0,1,0,0,0,0,0,0,0,0,0,0,0,1,0,0,0,0,0
51762,2.0,0,1,0,0,0,0,0,0,0,0,0,0,0,1,0,0,0,0
65124,2.0,0,0,0,0,0,1,0,0,0,0,0,0,0,0,0,0,0,1
24140,2.0,0,0,1,0,0,0,0,0,0,0,0,0,0,0,1,0,0,0
168374,2.0,0,0,0,1,0,0,0,0,0,0,0,0,0,0,0,1,0,0
9392,2.0,0,0,0,0,0,1,0,0,0,0,0,0,0,0,0,0,0,1
93343,2.0,0,0,0,1,0,0,0,0,0,0,0,0,0,0,0,1,0,0
283635,2.0,0,0,1,0,0,0,0,0,0,0,0,0,0,0,1,0,0,0
10957,2.0,0,1,0,0,0,0,0,1,0,0,0,0,0,0,0,0,0,0
54112,2.0,0,0,0,1,0,0,0,0,0,0,0,0,0,0,0,1,0,0
57452,2.0,0,0,0,0,0,1,0,0,0,0,0,1,0,0,0,0,0,0
7009,2.0,0,0,0,1,0,0,0,0,0,0,0,0,0,0,0,1,0,0
53344,2.0,0,0,0,1,0,0,0,0,0,0,0,0,0,0,0,1,0,0
83637,2.0,1,0,0,0,0,0,0,0,0,0,0,0,1,0,0,0,0,0
390,2.0,0,1,0,0,0,0,0,0,0,0,0,0,0,1,0,0,0,0
57172,2.0,0,0,0,1,0,0,0,0,0,0,0,0,0,0,0,1,0,0
376940,2.0,0,0,0,1,0,0,0,0,0,0,0,0,0,0,0,1,0,0
9610,2.0,0,0,0,0,1,0,0,0,0,0,0,0,0,0,0,0,1,0
91526,2.0,0,0,0,0,0,1,0,0,0,0,0,0,0,0,0,0,0,1
8073,2.0,1,0,0,0,0,0,0,0,0,0,0,0,1,0,0,0,0,0
219743,2.0,0,0,0,1,0,0,0,0,0,0,0,0,0,0,0,1,0,0
7770,2.0,0,0,0,1,0,0,0,0,0,0,0,0,0,0,0,1,0,0
4481,2.0,0,0,0,1,0,0,0,0,0,0,0,0,0,0,0,1,0,0
57558,2.0,0,0,0,0,0,1,0,0,0,0,0,0,0,0,0,0,0,1
84144,2.0,0,0,0,0,0,1,0,0,0,0,0,0,0,0,0,0,0,1
8450,2.0,0,0,0,0,1,0,0,0,0,0,0,0,0,0,0,0,1,0
83874,2.0,0,0,1,0,0,0,0,0,1,0,0,0,0,0,0,0,0,0
3755,2.0,0,0,1,0,0,0,0,0,0,0,0,0,0,0,1,0,0,0
51569,2.0,0,0,1,0,0,0,0,0,0,0,0,0,0,0,1,0,0,0
79960,2.0,0,0,0,0,0,1,0,0,0,0,0,0,0,0,0,0,0,1
8497,2.0,0,0,0,1,0,0,0,0,0,0,0,0,0,0,0,1,0,0
94122,2.0,0,0,0,0,0,1,0,0,0,0,0,0,0,0,0,0,0,1
57575,2.0,0,0,1,0,0,0,0,0,0,0,0,0,0,0,1,0,0,0
11147,1.0,0,0,0,1,0,0,0,0,0,0,0,0,0,0,0,0,0,0
1117,1.0,0,1,0,0,0,0,0,0,0,0,0,0,0,0,0,0,0,0
169200,1.0,0,0,0,0,1,0,0,0,0,0,0,0,0,0,0,0,0,0
348110,1.0,0,0,0,0,1,0,0,0,0,0,0,0,0,0,0,0,0,0
22807,1.0,0,0,0,1,0,0,0,0,0,0,0,0,0,0,0,0,0,0
84302,1.0,0,0,0,0,1,0,0,0,0,0,0,0,0,0,0,0,0,0
154807,1.0,0,0,0,0,0,1,0,0,0,0,0,0,0,0,0,0,0,0
54985,1.0,0,0,0,0,1,0,0,0,0,0,0,0,0,0,0,0,0,0
83937,1.0,1,0,0,0,0,0,0,0,0,0,0,0,0,0,0,0,0,0
201895,1.0,0,0,0,0,1,0,0,0,0,0,0,0,0,0,0,0,0,0
91351,1.0,0,1,0,0,0,0,0,0,0,0,0,0,0,0,0,0,0,0
162979,1.0,0,0,0,1,0,0,0,0,0,0,0,0,0,0,0,0,0,0
374618,1.0,0,0,0,1,0,0,0,0,0,0,0,0,0,0,0,0,0,0
374969,1.0,0,0,0,0,1,0,0,0,0,0,0,0,0,0,0,0,0,0
1145,1.0,0,0,0,1,0,0,0,0,0,0,0,0,0,0,0,0,0,0
155185,1.0,0,0,1,0,0,0,0,0,0,0,0,0,0,0,0,0,0,0
56911,1.0,0,0,0,0,0,1,0,0,0,0,0,0,0,0,0,0,0,0
57657,1.0,0,0,0,0,1,0,0,0,0,0,0,0,0,0,0,0,0,0
23366,1.0,0,0,0,1,0,0,0,0,0,0,0,0,0,0,0,0,0,0
23362,1.0,0,0,0,1,0,0,0,0,0,0,0,0,0,0,0,0,0,0
220296,1.0,1,0,0,0,0,0,0,0,0,0,0,0,0,0,0,0,0,0
151525,1.0,0,0,0,1,0,0,0,0,0,0,0,0,0,0,0,0,0,0
80833,1.0,0,1,0,0,0,0,0,0,0,0,0,0,0,0,0,0,0,0
9595,1.0,0,0,0,1,0,0,0,0,0,0,0,0,0,0,0,0,0,0
9812,1.0,0,0,0,1,0,0,0,0,0,0,0,0,0,0,0,0,0,0
54020,1.0,1,0,0,0,0,0,0,0,0,0,0,0,0,0,0,0,0,0
146059,1.0,0,0,0,0,1,0,0,0,0,0,0,0,0,0,0,0,0,0
56144,1.0,0,0,0,1,0,0,0,0,0,0,0,0,0,0,0,0,0,0
147744,1.0,0,0,0,0,0,1,0,0,0,0,0,0,0,0,0,0,0,0
27018,1.0,0,0,0,0,1,0,0,0,0,0,0,0,0,0,0,0,0,0
23321,1.0,0,0,0,0,1,0,0,0,0,0,0,0,0,0,0,0,0,0
162394,1.0,1,0,0,0,0,0,0,0,0,0,0,0,0,0,0,0,0,0
105375355,1.0,0,0,0,1,0,0,0,0,0,0,0,0,0,0,0,0,0,0
4065,1.0,0,0,0,1,0,0,0,0,0,0,0,0,0,0,0,0,0,0
51088,1.0,1,0,0,0,0,0,0,0,0,0,0,0,0,0,0,0,0,0
57099,1.0,0,0,1,0,0,0,0,0,0,0,0,0,0,0,0,0,0,0
8292,1.0,0,0,0,1,0,0,0,0,0,0,0,0,0,0,0,0,0,0
23177,1.0,0,0,0,0,1,0,0,0,0,0,0,0,0,0,0,0,0,0
339453,1.0,0,0,0,0,1,0,0,0,0,0,0,0,0,0,0,0,0,0
83607,1.0,0,0,1,0,0,0,0,0,0,0,0,0,0,0,0,0,0,0
55793,1.0,0,0,0,0,1,0,0,0,0,0,0,0,0,0,0,0,0,0
254428,1.0,0,0,0,0,1,0,0,0,0,0,0,0,0,0,0,0,0,0
123228,1.0,0,0,0,1,0,0,0,0,0,0,0,0,0,0,0,0,0,0
8448,1.0,0,0,0,1,0,0,0,0,0,0,0,0,0,0,0,0,0,0
11247,1.0,0,0,0,0,0,1,0,0,0,0,0,0,0,0,0,0,0,0
55893,1.0,0,0,0,0,1,0,0,0,0,0,0,0,0,0,0,0,0,0
8273,1.0,0,0,0,0,0,1,0,0,0,0,0,0,0,0,0,0,0,0
163732,1.0,1,0,0,0,0,0,0,0,0,0,0,0,0,0,0,0,0,0
661,1.0,0,0,1,0,0,0,0,0,0,0,0,0,0,0,0,0,0,0
7461,1.0,0,1,0,0,0,0,0,0,0,0,0,0,0,0,0,0,0,0
29967,1.0,0,0,1,0,0,0,0,0,0,0,0,0,0,0,0,0,0,0
11245,1.0,1,0,0,0,0,0,0,0,0,0,0,0,0,0,0,0,0,0
65217,1.0,0,0,0,1,0,0,0,0,0,0,0,0,0,0,0,0,0,0
56951,1.0,1,0,0,0,0,0,0,0,0,0,0,0,0,0,0,0,0,0
5271,1.0,1,0,0,0,0,0,0,0,0,0,0,0,0,0,0,0,0,0
90203,1.0,0,0,0,0,1,0,0,0,0,0,0,0,0,0,0,0,0,0
7693,1.0,0,0,0,1,0,0,0,0,0,0,0,0,0,0,0,0,0,0
91012,1.0,0,0,1,0,0,0,0,0,0,0,0,0,0,0,0,0,0,0
79883,1.0,0,0,0,0,0,1,0,0,0,0,0,0,0,0,0,0,0,0
283298,1.0,0,0,0,1,0,0,0,0,0,0,0,0,0,0,0,0,0,0
27352,1.0,0,0,0,0,0,1,0,0,0,0,0,0,0,0,0,0,0,0
195828,1.0,0,0,0,1,0,0,0,0,0,0,0,0,0,0,0,0,0,0
23732,1.0,0,0,0,0,1,0,0,0,0,0,0,0,0,0,0,0,0,0
51076,1.0,0,0,0,1,0,0,0,0,0,0,0,0,0,0,0,0,0,0
219844,1.0,0,0,0,1,0,0,0,0,0,0,0,0,0,0,0,0,0,0
352999,1.0,1,0,0,0,0,0,0,0,0,0,0,0,0,0,0,0,0,0
125058,1.0,0,0,0,0,0,1,0,0,0,0,0,0,0,0,0,0,0,0
54742,1.0,0,0,0,1,0,0,0,0,0,0,0,0,0,0,0,0,0,0
23312,1.0,0,1,0,0,0,0,0,0,0,0,0,0,0,0,0,0,0,0
10721,1.0,0,0,0,1,0,0,0,0,0,0,0,0,0,0,0,0,0,0
9145,1.0,0,0,0,0,1,0,0,0,0,0,0,0,0,0,0,0,0,0
59274,1.0,1,0,0,0,0,0,0,0,0,0,0,0,0,0,0,0,0,0
126393,1.0,0,0,0,0,1,0,0,0,0,0,0,0,0,0,0,0,0,0
51390,1.0,0,0,0,0,1,0,0,0,0,0,0,0,0,0,0,0,0,0
79839,1.0,0,1,0,0,0,0,0,0,0,0,0,0,0,0,0,0,0,0
51114,1.0,0,0,0,0,0,1,0,0,0,0,0,0,0,0,0,0,0,0
51513,1.0,0,1,0,0,0,0,0,0,0,0,0,0,0,0,0,0,0,0
149478,1.0,0,0,0,0,0,1,0,0,0,0,0,0,0,0,0,0,0,0
221294,1.0,0,1,0,0,0,0,0,0,0,0,0,0,0,0,0,0,0,0
768206,1.0,0,0,0,1,0,0,0,0,0,0,0,0,0,0,0,0,0,0
4038,1.0,0,0,0,1,0,0,0,0,0,0,0,0,0,0,0,0,0,0
100129361,1.0,0,0,1,0,0,0,0,0,0,0,0,0,0,0,0,0,0,0
9806,1.0,0,0,0,1,0,0,0,0,0,0,0,0,0,0,0,0,0,0
140700,1.0,0,1,0,0,0,0,0,0,0,0,0,0,0,0,0,0,0,0
221477,1.0,0,0,0,0,1,0,0,0,0,0,0,0,0,0,0,0,0,0
26140,1.0,0,0,0,0,1,0,0,0,0,0,0,0,0,0,0,0,0,0
84287,1.0,0,0,1,0,0,0,0,0,0,0,0,0,0,0,0,0,0,0
8303,1.0,0,0,0,0,1,0,0,0,0,0,0,0,0,0,0,0,0,0
29929,1.0,0,0,0,1,0,0,0,0,0,0,0,0,0,0,0,0,0,0
84307,1.0,0,0,0,0,1,0,0,0,0,0,0,0,0,0,0,0,0,0
441631,1.0,0,1,0,0,0,0,0,0,0,0,0,0,0,0,0,0,0,0
140876,1.0,0,1,0,0,0,0,0,0,0,0,0,0,0,0,0,0,0,0
83742,1.0,0,0,0,0,0,1,0,0,0,0,0,0,0,0,0,0,0,0
55801,1.0,0,0,0,1,0,0,0,0,0,0,0,0,0,0,0,0,0,0
5662,1.0,0,0,0,1,0,0,0,0,0,0,0,0,0,0,0,0,0,0
10838,1.0,0,0,0,0,0,1,0,0,0,0,0,0,0,0,0,0,0,0
83604,1.0,0,0,0,1,0,0,0,0,0,0,0,0,0,0,0,0,0,0
54839,1.0,0,1,0,0,0,0,0,0,0,0,0,0,0,0,0,0,0,0
56242,1.0,0,0,0,1,0,0,0,0,0,0,0,0,0,0,0,0,0,0
8490,1.0,0,0,0,1,0,0,0,0,0,0,0,0,0,0,0,0,0,0
2946,1.0,0,0,0,0,1,0,0,0,0,0,0,0,0,0,0,0,0,0
57524,1.0,0,0,0,0,1,0,0,0,0,0,0,0,0,0,0,0,0,0
439921,1.0,0,0,0,0,0,1,0,0,0,0,0,0,0,0,0,0,0,0
192668,1.0,0,0,0,0,0,1,0,0,0,0,0,0,0,0,0,0,0,0
9936,1.0,0,0,0,0,1,0,0,0,0,0,0,0,0,0,0,0,0,0
51363,1.0,1,0,0,0,0,0,0,0,0,0,0,0,0,0,0,0,0,0
199731,1.0,0,0,0,1,0,0,0,0,0,0,0,0,0,0,0,0,0,0
5168,1.0,0,0,0,1,0,0,0,0,0,0,0,0,0,0,0,0,0,0
83786,1.0,0,0,0,0,0,1,0,0,0,0,0,0,0,0,0,0,0,0
153339,1.0,0,0,0,0,0,1,0,0,0,0,0,0,0,0,0,0,0,0
115650,1.0,0,0,0,1,0,0,0,0,0,0,0,0,0,0,0,0,0,0
7733,1.0,0,0,0,1,0,0,0,0,0,0,0,0,0,0,0,0,0,0
223117,1.0,0,0,0,1,0,0,0,0,0,0,0,0,0,0,0,0,0,0
8574,1.0,0,0,0,0,1,0,0,0,0,0,0,0,0,0,0,0,0,0
27075,1.0,0,0,0,0,0,1,0,0,0,0,0,0,0,0,0,0,0,0
51168,1.0,0,0,0,1,0,0,0,0,0,0,0,0,0,0,0,0,0,0
340526,1.0,0,0,0,0,1,0,0,0,0,0,0,0,0,0,0,0,0,0
9702,1.0,0,0,0,0,1,0,0,0,0,0,0,0,0,0,0,0,0,0
392617,1.0,0,0,0,0,1,0,0,0,0,0,0,0,0,0,0,0,0,0
101060376,1.0,0,0,0,1,0,0,0,0,0,0,0,0,0,0,0,0,0,0
162515,1.0,0,0,0,1,0,0,0,0,0,0,0,0,0,0,0,0,0,0
168455,1.0,1,0,0,0,0,0,0,0,0,0,0,0,0,0,0,0,0,0
654463,1.0,0,0,0,1,0,0,0,0,0,0,0,0,0,0,0,0,0,0
10950,1.0,1,0,0,0,0,0,0,0,0,0,0,0,0,0,0,0,0,0
51523,1.0,0,0,0,0,0,1,0,0,0,0,0,0,0,0,0,0,0,0
79134,1.0,1,0,0,0,0,0,0,0,0,0,0,0,0,0,0,0,0,0
8045,1.0,0,0,0,0,0,1,0,0,0,0,0,0,0,0,0,0,0,0
150771,1.0,0,0,0,1,0,0,0,0,0,0,0,0,0,0,0,0,0,0
157638,1.0,0,0,0,0,0,1,0,0,0,0,0,0,0,0,0,0,0,0
55787,1.0,0,0,0,1,0,0,0,0,0,0,0,0,0,0,0,0,0,0
84952,1.0,0,1,0,0,0,0,0,0,0,0,0,0,0,0,0,0,0,0
6760,1.0,0,0,1,0,0,0,0,0,0,0,0,0,0,0,0,0,0,0
92126,1.0,0,0,0,0,1,0,0,0,0,0,0,0,0,0,0,0,0,0
7286,1.0,0,0,0,0,0,1,0,0,0,0,0,0,0,0,0,0,0,0
10878,1.0,0,0,0,1,0,0,0,0,0,0,0,0,0,0,0,0,0,0
80127,1.0,0,0,0,0,0,1,0,0,0,0,0,0,0,0,0,0,0,0
145781,1.0,0,0,0,1,0,0,0,0,0,0,0,0,0,0,0,0,0,0
221895,1.0,0,0,0,1,0,0,0,0,0,0,0,0,0,0,0,0,0,0
5634,1.0,0,1,0,0,0,0,0,0,0,0,0,0,0,0,0,0,0,0
54212,1.0,0,0,0,1,0,0,0,0,0,0,0,0,0,0,0,0,0,0
84836,1.0,0,0,0,0,1,0,0,0,0,0,0,0,0,0,0,0,0,0
80228,1.0,0,0,1,0,0,0,0,0,0,0,0,0,0,0,0,0,0,0
7637,1.0,0,0,0,0,1,0,0,0,0,0,0,0,0,0,0,0,0,0
79140,1.0,1,0,0,0,0,0,0,0,0,0,0,0,0,0,0,0,0,0
57609,1.0,0,0,0,0,0,1,0,0,0,0,0,0,0,0,0,0,0,0
84929,1.0,0,0,0,0,0,1,0,0,0,0,0,0,0,0,0,0,0,0
140862,1.0,0,0,0,1,0,0,0,0,0,0,0,0,0,0,0,0,0,0
63951,1.0,0,0,0,1,0,0,0,0,0,0,0,0,0,0,0,0,0,0
100820829,1.0,0,0,0,1,0,0,0,0,0,0,0,0,0,0,0,0,0,0
57623,1.0,0,0,0,1,0,0,0,0,0,0,0,0,0,0,0,0,0,0
51330,1.0,0,0,1,0,0,0,0,0,0,0,0,0,0,0,0,0,0,0
56100,1.0,0,0,0,0,1,0,0,0,0,0,0,0,0,0,0,0,0,0
60626,1.0,0,0,1,0,0,0,0,0,0,0,0,0,0,0,0,0,0,0
9768,1.0,0,0,0,1,0,0,0,0,0,0,0,0,0,0,0,0,0,0
10899,1.0,0,0,0,0,0,1,0,0,0,0,0,0,0,0,0,0,0,0
9204,1.0,0,0,0,0,0,1,0,0,0,0,0,0,0,0,0,0,0,0
339327,1.0,0,0,0,1,0,0,0,0,0,0,0,0,0,0,0,0,0,0
221935,1.0,0,1,0,0,0,0,0,0,0,0,0,0,0,0,0,0,0,0
85463,1.0,0,1,0,0,0,0,0,0,0,0,0,0,0,0,0,0,0,0
9766,1.0,1,0,0,0,0,0,0,0,0,0,0,0,0,0,0,0,0,0
54531,1.0,0,0,1,0,0,0,0,0,0,0,0,0,0,0,0,0,0,0
91752,1.0,0,0,0,1,0,0,0,0,0,0,0,0,0,0,0,0,0,0
3818,1.0,0,0,0,1,0,0,0,0,0,0,0,0,0,0,0,0,0,0
53947,1.0,0,1,0,0,0,0,0,0,0,0,0,0,0,0,0,0,0,0
130271,1.0,0,0,0,0,1,0,0,0,0,0,0,0,0,0,0,0,0,0
126626,1.0,0,0,0,0,1,0,0,0,0,0,0,0,0,0,0,0,0,0
29944,1.0,0,0,0,1,0,0,0,0,0,0,0,0,0,0,0,0,0,0
26034,1.0,0,0,0,1,0,0,0,0,0,0,0,0,0,0,0,0,0,0
29995,1.0,0,0,1,0,0,0,0,0,0,0,0,0,0,0,0,0,0,0
64122,1.0,0,0,0,0,1,0,0,0,0,0,0,0,0,0,0,0,0,0
134353,1.0,0,0,0,0,0,1,0,0,0,0,0,0,0,0,0,0,0,0
80019,1.0,0,0,1,0,0,0,0,0,0,0,0,0,0,0,0,0,0,0
57157,1.0,0,0,0,0,0,1,0,0,0,0,0,0,0,0,0,0,0,0
11259,1.0,1,0,0,0,0,0,0,0,0,0,0,0,0,0,0,0,0,0
7106,1.0,0,0,0,0,1,0,0,0,0,0,0,0,0,0,0,0,0,0
91300,1.0,0,0,0,0,0,1,0,0,0,0,0,0,0,0,0,0,0,0
149465,1.0,0,0,0,1,0,0,0,0,0,0,0,0,0,0,0,0,0,0
84163,1.0,0,0,0,1,0,0,0,0,0,0,0,0,0,0,0,0,0,0
145389,1.0,0,0,0,0,1,0,0,0,0,0,0,0,0,0,0,0,0,0
22993,1.0,0,0,0,0,0,1,0,0,0,0,0,0,0,0,0,0,0,0
64078,1.0,1,0,0,0,0,0,0,0,0,0,0,0,0,0,0,0,0,0
83891,1.0,0,0,0,0,0,1,0,0,0,0,0,0,0,0,0,0,0,0
653319,1.0,0,0,0,0,1,0,0,0,0,0,0,0,0,0,0,0,0,0
84058,1.0,0,0,0,1,0,0,0,0,0,0,0,0,0,0,0,0,0,0
80320,1.0,1,0,0,0,0,0,0,0,0,0,0,0,0,0,0,0,0,0
80818,1.0,0,0,0,0,1,0,0,0,0,0,0,0,0,0,0,0,0,0
55819,1.0,0,0,0,0,1,0,0,0,0,0,0,0,0,0,0,0,0,0
64943,1.0,0,0,0,0,0,1,0,0,0,0,0,0,0,0,0,0,0,0
7697,1.0,0,0,0,1,0,0,0,0,0,0,0,0,0,0,0,0,0,0
22861,1.0,0,0,1,0,0,0,0,0,0,0,0,0,0,0,0,0,0,0
25890,1.0,0,1,0,0,0,0,0,0,0,0,0,0,0,0,0,0,0,0
81849,1.0,1,0,0,0,0,0,0,0,0,0,0,0,0,0,0,0,0,0
79901,1.0,0,0,0,0,1,0,0,0,0,0,0,0,0,0,0,0,0,0
9652,1.0,0,0,0,0,0,1,0,0,0,0,0,0,0,0,0,0,0,0
79870,1.0,0,0,0,0,1,0,0,0,0,0,0,0,0,0,0,0,0,0
80256,1.0,0,0,1,0,0,0,0,0,0,0,0,0,0,0,0,0,0,0
440836,1.0,0,1,0,0,0,0,0,0,0,0,0,0,0,0,0,0,0,0
26503,1.0,0,0,0,0,0,1,0,0,0,0,0,0,0,0,0,0,0,0
94120,1.0,0,0,0,1,0,0,0,0,0,0,0,0,0,0,0,0,0,0
159013,1.0,0,1,0,0,0,0,0,0,0,0,0,0,0,0,0,0,0,0
160622,1.0,0,0,0,0,1,0,0,0,0,0,0,0,0,0,0,0,0,0
283349,1.0,0,0,0,0,1,0,0,0,0,0,0,0,0,0,0,0,0,0
23061,1.0,0,0,0,0,1,0,0,0,0,0,0,0,0,0,0,0,0,0
283537,1.0,0,0,1,0,0,0,0,0,0,0,0,0,0,0,0,0,0,0
284273,1.0,0,0,0,0,1,0,0,0,0,0,0,0,0,0,0,0,0,0
254295,1.0,0,0,0,1,0,0,0,0,0,0,0,0,0,0,0,0,0,0
85301,1.0,0,1,0,0,0,0,0,0,0,0,0,0,0,0,0,0,0,0
114784,1.0,0,0,0,0,0,1,0,0,0,0,0,0,0,0,0,0,0,0
26049,1.0,0,0,0,1,0,0,0,0,0,0,0,0,0,0,0,0,0,0
29087,1.0,0,0,0,1,0,0,0,0,0,0,0,0,0,0,0,0,0,0
114908,1.0,0,1,0,0,0,0,0,0,0,0,0,0,0,0,0,0,0,0
84926,1.0,0,0,1,0,0,0,0,0,0,0,0,0,0,0,0,0,0,0
387680,1.0,0,1,0,0,0,0,0,0,0,0,0,0,0,0,0,0,0,0
55074,1.0,0,0,0,0,1,0,0,0,0,0,0,0,0,0,0,0,0,0
340267,1.0,0,0,0,1,0,0,0,0,0,0,0,0,0,0,0,0,0,0
29946,1.0,0,0,0,0,0,1,0,0,0,0,0,0,0,0,0,0,0,0
116064,1.0,0,0,0,0,1,0,0,0,0,0,0,0,0,0,0,0,0,0
55328,1.0,0,0,0,1,0,0,0,0,0,0,0,0,0,0,0,0,0,0
221091,1.0,0,0,0,0,1,0,0,0,0,0,0,0,0,0,0,0,0,0
221710,1.0,1,0,0,0,0,0,0,0,0,0,0,0,0,0,0,0,0,0
27239,1.0,0,0,0,0,1,0,0,0,0,0,0,0,0,0,0,0,0,0
285268,1.0,0,0,0,0,0,1,0,0,0,0,0,0,0,0,0,0,0,0
140825,1.0,0,0,0,1,0,0,0,0,0,0,0,0,0,0,0,0,0,0
150372,1.0,0,1,0,0,0,0,0,0,0,0,0,0,0,0,0,0,0,0
79847,1.0,0,0,0,1,0,0,0,0,0,0,0,0,0,0,0,0,0,0
338707,1.0,0,0,0,0,1,0,0,0,0,0,0,0,0,0,0,0,0,0
5252,1.0,0,0,0,1,0,0,0,0,0,0,0,0,0,0,0,0,0,0
26093,1.0,0,0,0,0,0,1,0,0,0,0,0,0,0,0,0,0,0,0
199221,1.0,0,0,0,0,0,1,0,0,0,0,0,0,0,0,0,0,0,0
148213,1.0,0,0,0,1,0,0,0,0,0,0,0,0,0,0,0,0,0,0
221468,1.0,1,0,0,0,0,0,0,0,0,0,0,0,0,0,0,0,0,0
54964,1.0,0,0,0,0,1,0,0,0,0,0,0,0,0,0,0,0,0,0
10003,1.0,0,0,0,0,1,0,0,0,0,0,0,0,0,0,0,0,0,0
399474,1.0,0,0,0,0,1,0,0,0,0,0,0,0,0,0,0,0,0,0
4968,1.0,0,0,0,0,1,0,0,0,0,0,0,0,0,0,0,0,0,0
7975,1.0,0,0,1,0,0,0,0,0,0,0,0,0,0,0,0,0,0,0
94101,1.0,0,0,0,1,0,0,0,0,0,0,0,0,0,0,0,0,0,0
80021,1.0,1,0,0,0,0,0,0,0,0,0,0,0,0,0,0,0,0,0
100505573,1.0,0,0,0,0,0,1,0,0,0,0,0,0,0,0,0,0,0,0
9881,1.0,0,1,0,0,0,0,0,0,0,0,0,0,0,0,0,0,0,0
100505385,1.0,0,0,0,0,0,1,0,0,0,0,0,0,0,0,0,0,0,0
284018,1.0,0,1,0,0,0,0,0,0,0,0,0,0,0,0,0,0,0,0
80255,1.0,0,0,0,0,0,1,0,0,0,0,0,0,0,0,0,0,0,0
1960,1.0,0,0,0,1,0,0,0,0,0,0,0,0,0,0,0,0,0,0
57758,1.0,0,0,0,1,0,0,0,0,0,0,0,0,0,0,0,0,0,0
64760,1.0,0,0,0,0,0,1,0,0,0,0,0,0,0,0,0,0,0,0
9473,1.0,0,1,0,0,0,0,0,0,0,0,0,0,0,0,0,0,0,0
50624,1.0,0,0,0,1,0,0,0,0,0,0,0,0,0,0,0,0,0,0
53616,1.0,0,0,0,0,0,1,0,0,0,0,0,0,0,0,0,0,0,0
219654,1.0,0,0,0,0,1,0,0,0,0,0,0,0,0,0,0,0,0,0
56890,1.0,0,0,0,1,0,0,0,0,0,0,0,0,0,0,0,0,0,0
65249,1.0,1,0,0,0,0,0,0,0,0,0,0,0,0,0,0,0,0,0
126432,1.0,0,0,0,1,0,0,0,0,0,0,0,0,0,0,0,0,0,0
317761,1.0,0,0,0,1,0,0,0,0,0,0,0,0,0,0,0,0,0,0
221711,1.0,0,0,0,1,0,0,0,0,0,0,0,0,0,0,0,0,0,0
80830,1.0,0,1,0,0,0,0,0,0,0,0,0,0,0,0,0,0,0,0
56917,1.0,0,0,0,0,0,1,0,0,0,0,0,0,0,0,0,0,0,0
147912,1.0,0,1,0,0,0,0,0,0,0,0,0,0,0,0,0,0,0,0
9244,1.0,0,0,1,0,0,0,0,0,0,0,0,0,0,0,0,0,0,0
23187,1.0,0,0,0,0,0,1,0,0,0,0,0,0,0,0,0,0,0,0
9903,1.0,0,0,0,0,0,1,0,0,0,0,0,0,0,0,0,0,0,0
643866,1.0,0,1,0,0,0,0,0,0,0,0,0,0,0,0,0,0,0,0
5863,1.0,0,0,0,0,1,0,0,0,0,0,0,0,0,0,0,0,0,0
81035,1.0,0,0,0,0,1,0,0,0,0,0,0,0,0,0,0,0,0,0
222171,1.0,0,0,0,0,0,1,0,0,0,0,0,0,0,0,0,0,0,0
339210,1.0,0,0,0,1,0,0,0,0,0,0,0,0,0,0,0,0,0,0
149076,1.0,0,0,0,0,0,1,0,0,0,0,0,0,0,0,0,0,0,0
65987,1.0,0,0,0,1,0,0,0,0,0,0,0,0,0,0,0,0,0,0
9326,1.0,0,0,0,1,0,0,0,0,0,0,0,0,0,0,0,0,0,0
221527,1.0,0,0,0,0,1,0,0,0,0,0,0,0,0,0,0,0,0,0
83877,1.0,1,0,0,0,0,0,0,0,0,0,0,0,0,0,0,0,0,0
3792,1.0,0,0,0,1,0,0,0,0,0,0,0,0,0,0,0,0,0,0
162514,1.0,0,0,0,1,0,0,0,0,0,0,0,0,0,0,0,0,0,0
2020,1.0,0,0,0,1,0,0,0,0,0,0,0,0,0,0,0,0,0,0
129080,1.0,0,1,0,0,0,0,0,0,0,0,0,0,0,0,0,0,0,0
162073,1.0,0,0,1,0,0,0,0,0,0,0,0,0,0,0,0,0,0,0
57583,1.0,0,0,0,0,0,1,0,0,0,0,0,0,0,0,0,0,0,0
